0,0,0,0,0
0.1,0,0,0,0
0.2,0,0,0,0
0.3,0,0,0,0
0.4,0,0,0,0
0.5,0,0,0,0
0.6,0,0,0,0
0.7,0,0,0,0
0.8,0,0,0,0
0.9,0,0,0,0
1,0,0,0,0
1.1,0,0,0,0
1.2,0,0,0,0
1.3,0,0,0,0
1.4,0,0,0,0
1.5,0,0,0,0
1.6,0,0,0,0
1.7,0,0,0,0
1.8,0,0,0,0
1.9,0,0,0,0
2,0,0,0,0
2.1,0,0,0,0
2.2,0,0,0,0
2.3,0,0,0,0
2.4,0,0,0,0
2.5,0,0,0,0
2.6,0,0,0,0
2.7,0,0,0,0
2.8,0,0,0,0
2.9,0,0,0,0
3,0,0,0,0
3.1,0,0,0,0
3.2,0,0,0,0
3.3,0,0,0,0
3.4,0,0,0,0
3.5,0,0,0,0
3.6,0,0,0,0
3.7,0,0,0,0
3.8,0,0,0,0
3.9,0,0,0,0
4,0,0,0,0
4.1,0,0,0,0
4.2,0,0,0,0
4.3,0,0,0,0
4.4,0,0,0,0
4.5,0,0,0,0
4.6,0,0,0,0
4.7,0,0,0,0
4.8,0,0,0,0
4.9,0,0,0,0
5,0,0,0,0
5.1,0,0,0,0
5.2,0,0,0,0
5.3,0,0,0,0
5.4,0,0,0,0
5.5,0,0,0,0
5.6,0,0,0,0
5.7,0,0,0,0
5.8,0,0,0,0
5.9,0,0,0,0
6,0,0,0,0
6.1,0,0,0,0
6.2,0,0,0,0
6.3,0,0,0,0
6.4,0,0,0,0
6.5,0,0,0,0
6.6,0,0,0,0
6.7,0,0,0,0
6.8,0,0,0,0
6.9,0,0,0,0
7,0,0,0,0
7.1,0,0,0,0
7.2,0,0,0,0
7.3,0,0,0,0
7.4,0,0,0,0
7.5,0,0,0,0
7.6,0,0,0,0
7.7,0,0,0,0
7.8,0,0,0,0
7.9,0,0,0,0
8,0,0,0,0
8.1,0,0,0,0
8.2,0,0,0,0
8.3,0,0,0,0
8.4,0,0,0,0
8.5,0,0,0,0
8.6,0,0,0,0
8.7,0,0,0.92039,0
8.8,0,0.46019,0.92039,0
8.9,0,1.3806,0.92039,0.92039
9,0,0.92039,1.3806,0.92039
9.1,0.92039,1.3806,1.3806,0.92039
9.2,0.92039,0.92039,1.8408,0.92039
9.3,1.3806,2.301,1.3806,1.3806
9.4,1.3806,1.3806,1.8408,1.8408
9.5,1.8408,3.2214,3.2214,2.301
9.6,1.8408,3.2214,3.2214,2.7612
9.7,2.7612,3.6816,3.2214,2.301
9.8,2.301,1.8408,2.7612,3.2214
9.9,3.2214,3.6816,2.7612,2.301
10,3.6816,2.7612,3.6816,1.8408
10.1,3.6816,3.6816,3.2214,3.6816
10.2,4.1417,3.6816,3.6816,4.1417
10.3,4.6019,4.1417,3.2214,3.6816
10.4,4.1417,3.6816,4.6019,4.1417
10.5,4.1417,5.0621,3.6816,4.1417
10.6,4.1417,5.0621,3.6816,4.6019
10.7,3.6816,3.2214,5.5223,5.0621
10.8,4.6019,3.6816,4.6019,5.0621
10.9,5.0621,4.1417,5.5223,5.0621
11,5.9825,5.5223,5.5223,5.0621
11.1,4.6019,4.6019,5.9825,5.5223
11.2,5.5223,5.5223,5.9825,5.5223
11.3,5.9825,6.4427,5.5223,5.5223
11.4,5.9825,5.0621,5.9825,5.9825
11.5,5.9825,4.6019,5.9825,6.4427
11.6,6.4427,5.9825,6.4427,6.4427
11.7,6.4427,6.4427,6.4427,5.9825
11.8,6.9029,7.3631,6.4427,5.0621
11.9,6.9029,7.8233,6.9029,6.9029
12,6.9029,6.4427,7.3631,7.3631
12.1,8.2835,8.2835,7.8233,7.8233
12.2,8.2835,8.2835,7.8233,6.4427
12.3,7.3631,7.3631,7.8233,7.3631
12.4,7.3631,8.2835,7.8233,7.3631
12.5,8.7437,7.3631,7.8233,7.8233
12.6,8.7437,10.124,8.2835,7.8233
12.7,7.3631,7.8233,8.2835,8.2835
12.8,7.8233,8.7437,8.2835,8.7437
12.9,8.2835,9.2039,9.2039,8.2835
13,8.2835,8.7437,8.7437,10.124
13.1,8.7437,9.6641,8.2835,8.7437
13.2,11.045,11.505,9.6641,9.2039
13.3,10.584,10.124,10.124,9.2039
13.4,9.6641,9.6641,10.124,9.6641
13.5,11.045,10.124,10.584,9.6641
13.6,10.124,11.965,9.6641,11.505
13.7,9.6641,11.045,9.2039,9.6641
13.8,9.6641,10.124,9.6641,9.6641
13.9,11.045,10.124,11.505,11.045
14,10.124,10.124,11.965,10.124
14.1,10.124,12.425,12.425,10.124
14.2,10.584,12.885,10.584,11.965
14.3,11.505,12.425,12.425,11.045
14.4,13.346,12.425,11.965,10.584
14.5,12.885,11.965,12.885,10.124
14.6,13.346,12.885,12.885,11.045
14.7,11.965,12.425,12.425,11.505
14.8,12.425,13.346,11.505,11.965
14.9,12.425,13.346,13.346,12.425
15,12.425,12.885,11.505,11.965
15.1,13.806,13.806,13.806,13.346
15.2,11.965,13.806,13.806,13.346
15.3,12.885,14.266,13.806,13.806
15.4,14.266,14.266,14.266,13.806
15.5,14.266,14.266,13.346,13.806
15.6,14.726,14.266,13.346,13.346
15.7,14.726,14.726,14.266,14.726
15.8,15.186,14.726,13.806,14.266
15.9,15.186,14.726,14.266,14.266
16,15.186,15.186,14.266,14.726
16.1,14.266,15.186,14.726,14.726
16.2,14.266,16.107,14.266,14.266
16.3,15.186,15.186,15.647,14.726
16.4,16.567,15.647,15.186,15.186
16.5,15.186,16.567,15.186,15.186
16.6,15.186,16.107,15.186,15.647
16.7,15.647,16.567,16.567,16.567
16.8,16.107,16.567,15.647,15.647
16.9,15.647,17.027,17.487,15.647
17,17.027,17.027,17.948,15.647
17.1,17.487,18.868,17.948,17.487
17.2,17.487,15.647,17.487,16.107
17.3,17.487,18.868,16.107,17.487
17.4,16.567,18.408,16.567,16.107
17.5,18.868,19.328,17.487,17.027
17.6,18.868,19.788,17.948,17.487
17.7,17.487,18.868,17.487,17.948
17.8,18.408,19.788,17.487,18.868
17.9,18.868,19.788,19.328,17.487
18,18.868,19.788,17.948,19.328
18.1,18.408,19.328,18.408,19.328
18.2,17.948,18.868,19.788,19.328
18.3,18.408,18.408,18.868,17.948
18.4,17.948,19.328,19.788,20.249
18.5,20.709,18.868,19.788,20.249
18.6,21.169,21.169,20.709,19.328
18.7,21.169,19.788,19.788,19.788
18.8,21.169,20.249,20.709,20.249
18.9,19.788,20.249,20.249,18.868
19,20.249,22.549,20.249,21.169
19.1,20.709,22.549,21.169,19.788
19.2,20.709,22.089,21.169,21.169
19.3,21.169,21.169,21.169,19.328
19.4,22.549,22.549,21.629,21.629
19.5,21.169,22.089,21.629,21.169
19.6,21.169,23.01,21.629,22.549
19.7,21.169,22.549,22.089,21.629
19.8,21.169,22.549,21.629,23.01
19.9,23.47,24.39,22.549,23.01
20,22.089,23.01,22.089,21.169
20.1,22.549,23.93,22.549,23.01
20.2,22.549,24.39,23.01,22.549
20.3,23.01,23.47,23.01,24.85
20.4,23.93,23.01,23.47,23.47
20.5,24.85,25.771,23.47,23.01
20.6,23.47,23.93,23.47,22.549
20.7,25.311,23.93,24.39,23.47
20.8,23.93,25.771,23.93,23.93
20.9,25.311,25.311,25.311,25.771
21,24.39,27.151,24.39,23.93
21.1,24.39,24.85,24.85,25.771
21.2,25.311,26.231,24.85,23.93
21.3,26.691,25.771,25.771,26.231
21.4,25.311,25.311,25.311,25.311
21.5,25.311,27.612,25.311,25.771
21.6,25.771,27.151,26.691,26.691
21.7,25.771,26.691,26.231,25.311
21.8,25.771,26.691,26.231,26.231
21.9,26.231,26.691,26.231,26.231
22,28.072,27.612,25.771,26.691
22.1,27.612,27.151,26.231,27.151
22.2,27.151,28.072,26.231,27.151
22.3,27.151,28.072,27.151,26.691
22.4,27.612,28.992,27.612,27.151
22.5,27.612,28.532,27.612,27.151
22.6,28.072,29.452,27.612,27.151
22.7,28.532,29.452,28.072,28.072
22.8,28.532,29.452,28.072,28.072
22.9,28.992,29.452,28.532,28.532
23,28.992,29.452,28.072,29.452
23.1,29.452,29.913,28.532,29.452
23.2,28.992,30.833,28.992,28.992
23.3,29.913,29.913,28.992,29.452
23.4,29.913,31.293,29.452,29.452
23.5,29.913,31.293,29.452,29.913
23.6,29.913,31.753,29.913,30.373
23.7,30.373,31.293,29.913,29.913
23.8,30.833,30.373,30.833,30.373
23.9,30.833,31.753,29.913,30.833
24,31.753,31.753,30.373,30.833
24.1,31.293,33.134,30.833,30.833
24.2,32.674,31.753,30.833,31.753
24.3,31.293,33.134,31.293,31.753
24.4,32.674,33.594,31.753,32.214
24.5,31.293,34.054,31.293,32.214
24.6,32.214,34.054,31.753,33.134
24.7,33.134,34.515,31.293,31.753
24.8,31.753,32.674,31.753,33.134
24.9,33.134,34.975,32.674,32.674
25,33.594,35.895,32.214,34.054
25.1,32.674,33.134,32.674,33.594
25.2,34.054,34.054,32.674,33.134
25.3,34.515,34.515,33.594,34.054
25.4,34.515,33.594,33.594,34.054
25.5,34.515,34.975,33.594,34.054
25.6,33.594,35.435,33.594,35.435
25.7,35.895,36.816,33.594,33.134
25.8,34.975,37.736,34.054,33.594
25.9,36.355,36.816,33.594,34.054
26,34.975,36.816,34.515,34.515
26.1,35.435,35.435,34.975,35.435
26.2,34.975,36.355,34.515,36.816
26.3,35.895,35.895,34.975,35.895
26.4,35.895,36.816,35.435,35.895
26.5,36.816,37.276,35.895,36.816
26.6,37.736,37.736,35.435,36.355
26.7,35.895,37.736,35.895,35.895
26.8,38.656,39.577,35.895,36.355
26.9,38.196,38.196,36.816,36.816
27,36.816,40.037,36.355,37.276
27.1,37.736,40.497,36.816,37.276
27.2,37.736,38.656,36.816,38.656
27.3,37.276,37.736,37.736,37.736
27.4,37.276,40.037,37.276,39.116
27.5,38.656,39.116,37.276,37.736
27.6,39.116,40.957,38.196,39.577
27.7,39.577,40.957,37.736,39.577
27.8,39.116,40.497,38.656,39.577
27.9,39.577,41.417,38.196,39.577
28,40.037,40.957,39.116,38.196
28.1,40.497,40.957,39.116,39.577
28.2,41.417,40.497,39.577,40.037
28.3,40.497,41.417,40.037,40.497
28.4,40.497,42.338,40.037,40.497
28.5,40.497,42.798,39.577,40.497
28.6,40.957,42.338,39.577,40.037
28.7,41.417,42.798,40.497,40.957
28.8,41.878,41.878,40.957,40.957
28.9,42.798,43.258,40.037,42.338
29,43.258,42.798,40.957,41.417
29.1,42.338,43.258,41.417,42.338
29.2,42.798,44.179,41.417,42.338
29.3,44.179,44.179,41.417,42.338
29.4,43.258,43.718,42.338,42.338
29.5,42.798,44.179,42.798,42.338
29.6,43.258,44.639,41.878,43.718
29.7,43.258,45.099,42.798,43.258
29.8,44.639,45.099,42.338,43.718
29.9,44.179,45.559,42.338,44.179
30,44.639,45.559,42.798,43.718
30.1,43.718,45.559,43.258,44.179
30.2,44.179,45.559,44.179,45.099
30.3,45.099,46.019,44.639,44.639
30.4,44.179,46.48,44.179,45.099
30.5,44.639,46.48,44.639,44.639
30.6,45.099,46.94,44.179,45.559
30.7,45.099,46.94,45.099,46.019
30.8,47.4,46.94,45.099,45.559
30.9,47.86,47.4,45.099,46.48
31,46.94,47.86,45.559,46.48
31.1,47.4,48.32,45.559,46.019
31.2,46.94,48.32,46.019,46.94
31.3,48.32,49.241,46.019,47.86
31.4,47.4,49.701,46.019,46.48
31.5,48.32,50.621,46.48,46.94
31.6,48.32,50.161,46.48,46.94
31.7,48.781,50.621,46.94,47.4
31.8,50.161,49.701,47.4,47.86
31.9,48.781,49.701,47.86,48.32
32,49.241,50.161,47.86,48.32
32.1,49.241,50.621,47.86,48.781
32.2,49.241,51.082,48.32,48.32
32.3,49.241,51.542,48.781,49.241
32.4,50.161,50.161,48.32,49.241
32.5,49.701,50.621,48.781,49.241
32.6,52.002,52.002,48.781,50.161
32.7,49.701,52.462,48.32,49.701
32.8,50.161,51.082,49.241,49.241
32.9,51.082,52.002,49.241,50.161
33,52.922,52.462,49.241,51.082
33.1,50.621,52.462,50.621,50.621
33.2,52.002,52.922,49.701,51.542
33.3,52.002,52.922,50.621,50.621
33.4,52.002,53.382,50.621,52.462
33.5,51.082,53.843,50.621,51.542
33.6,52.922,53.843,51.082,51.542
33.7,52.002,53.843,50.621,52.002
33.8,53.382,53.843,51.082,52.462
33.9,52.922,55.223,52.002,52.922
34,53.843,54.303,51.542,52.922
34.1,53.382,55.223,52.002,53.382
34.2,52.922,55.223,52.002,53.382
34.3,53.843,54.763,52.462,53.843
34.4,53.843,55.223,52.462,54.303
34.5,54.303,55.683,52.462,54.303
34.6,55.683,56.144,52.002,53.843
34.7,55.223,56.604,52.922,54.763
34.8,54.303,56.604,53.382,54.763
34.9,55.223,56.604,53.843,55.683
35,55.223,57.064,54.303,54.763
35.1,55.683,57.524,54.303,55.223
35.2,56.144,57.064,54.303,55.223
35.3,55.683,57.064,54.763,55.683
35.4,55.683,57.984,54.303,56.604
35.5,56.144,57.524,54.763,56.604
35.6,56.604,58.445,55.223,56.604
35.7,57.524,58.445,55.223,57.064
35.8,57.064,58.905,55.223,57.064
35.9,57.064,58.905,56.144,57.064
36,58.445,58.905,56.144,57.064
36.1,57.984,59.825,56.604,57.524
36.2,57.984,59.365,56.604,57.524
36.3,57.984,59.825,56.604,58.445
36.4,59.365,59.825,56.604,57.984
36.5,58.445,60.285,57.524,58.905
36.6,58.905,60.285,57.524,58.445
36.7,59.825,60.285,57.064,58.905
36.8,59.825,61.206,57.524,59.825
36.9,59.825,60.746,58.445,59.825
37,59.825,61.206,57.984,59.365
37.1,60.285,62.126,57.984,59.825
37.2,60.746,61.206,57.984,59.825
37.3,60.746,62.586,58.445,60.285
37.4,60.746,62.586,59.365,60.746
37.5,60.746,63.047,59.365,60.746
37.6,61.666,63.047,59.365,61.206
37.7,62.586,62.586,59.825,60.746
37.8,61.206,63.507,59.825,61.206
37.9,62.586,63.507,59.825,62.126
38,61.666,62.586,59.825,61.666
38.1,63.047,63.967,60.285,62.126
38.2,62.586,64.427,60.746,62.126
38.3,62.586,64.427,61.666,62.126
38.4,63.507,64.427,60.746,62.586
38.5,63.967,63.967,60.746,63.047
38.6,63.507,63.967,62.126,63.047
38.7,64.887,64.887,61.666,63.047
38.8,64.427,65.808,62.126,63.967
38.9,64.887,65.808,61.666,63.507
39,63.967,66.268,62.126,64.427
39.1,63.967,65.348,62.126,64.427
39.2,64.427,65.808,62.586,63.967
39.3,64.887,67.188,63.047,64.887
39.4,64.887,66.268,63.507,65.348
39.5,64.427,67.188,63.967,65.348
39.6,66.268,67.188,63.967,65.808
39.7,64.887,67.648,63.967,65.348
39.8,66.268,68.109,64.427,65.808
39.9,66.268,67.648,64.427,65.808
40,66.728,68.569,64.427,66.728
40.1,67.188,68.109,64.427,66.268
40.2,67.188,67.648,64.887,66.728
40.3,68.109,68.569,65.808,67.648
40.4,68.109,68.569,65.348,66.728
40.5,68.109,69.029,65.808,67.188
40.6,68.569,69.029,65.348,67.648
40.7,68.109,69.489,66.268,67.648
40.8,68.109,69.949,66.268,68.109
40.9,68.109,69.949,66.728,68.109
41,69.949,70.41,66.728,68.109
41.1,68.569,69.949,67.188,68.569
41.2,69.489,69.949,66.728,69.029
41.3,69.949,70.87,66.728,69.029
41.4,69.029,71.79,67.188,68.569
41.5,69.489,71.33,67.188,70.41
41.6,71.33,71.79,68.109,69.949
41.7,69.029,71.79,67.648,69.949
41.8,69.489,71.79,68.109,69.489
41.9,71.79,71.79,68.569,70.41
42,72.25,72.25,68.569,70.87
42.1,70.41,73.631,69.029,71.33
42.2,71.33,72.711,69.489,71.33
42.3,70.87,72.711,69.029,71.79
42.4,71.79,73.631,69.949,71.79
42.5,73.171,72.711,69.029,71.33
42.6,72.25,73.631,69.949,71.79
42.7,71.33,73.631,70.41,71.79
42.8,73.631,73.631,70.41,71.79
42.9,73.631,74.091,70.87,72.25
43,72.711,74.551,70.41,72.711
43.1,75.012,74.551,71.33,72.711
43.2,73.171,75.472,71.79,72.711
43.3,73.631,75.472,71.33,72.711
43.4,74.551,75.012,71.33,73.631
43.5,73.631,76.392,71.79,73.171
43.6,73.171,76.852,71.33,74.091
43.7,75.012,75.472,72.25,73.631
43.8,75.472,75.932,72.711,74.091
43.9,76.392,75.932,72.25,74.551
44,74.551,76.852,72.711,74.551
44.1,75.472,75.932,72.711,75.472
44.2,76.852,77.773,73.171,75.012
44.3,76.852,76.852,73.631,75.012
44.4,75.012,77.773,74.551,75.472
44.5,76.392,77.313,74.091,75.472
44.6,76.852,77.773,74.091,75.472
44.7,76.392,77.773,74.551,76.852
44.8,77.773,78.233,75.012,75.932
44.9,76.852,78.693,75.012,76.392
45,76.392,79.614,75.012,76.852
45.1,77.313,79.153,74.551,77.313
45.2,78.233,79.614,75.932,77.313
45.3,76.852,79.614,75.932,77.313
45.4,77.313,79.614,75.932,77.313
45.5,77.773,79.153,76.392,77.313
45.6,79.153,80.534,76.392,78.693
45.7,79.614,80.534,75.932,77.773
45.8,79.614,80.074,76.852,78.233
45.9,79.153,81.454,76.852,78.233
46,79.614,80.994,76.852,78.693
46.1,79.614,81.454,77.313,78.693
46.2,79.614,81.454,76.852,79.614
46.3,79.153,80.994,77.313,80.074
46.4,80.534,82.375,77.773,79.614
46.5,79.614,82.835,77.313,79.614
46.6,80.074,81.454,78.693,80.534
46.7,80.534,82.375,78.693,80.074
46.8,80.994,82.835,79.153,79.614
46.9,80.534,82.835,79.153,80.994
47,82.375,82.835,79.153,80.994
47.1,81.915,82.835,79.614,81.454
47.2,80.994,83.755,79.614,81.454
47.3,81.454,83.755,79.614,81.454
47.4,82.375,83.295,79.614,80.994
47.5,82.835,84.676,79.153,81.915
47.6,83.295,84.215,80.534,82.375
47.7,82.375,84.676,80.534,82.375
47.8,83.295,84.215,80.994,83.295
47.9,82.835,85.596,80.534,83.295
48,83.295,85.136,81.454,82.835
48.1,84.215,85.596,80.534,82.835
48.2,84.676,85.596,81.915,83.295
48.3,83.295,86.056,81.915,83.755
48.4,85.596,86.056,81.454,83.295
48.5,83.755,85.596,81.454,83.755
48.6,85.596,85.596,82.375,84.676
48.7,84.215,86.056,82.375,84.215
48.8,86.056,86.516,82.375,85.596
48.9,85.596,86.977,82.375,84.215
49,85.136,87.437,82.375,85.136
49.1,85.136,87.437,83.295,85.596
49.2,85.136,87.437,83.295,85.596
49.3,86.056,87.437,83.295,85.136
49.4,86.516,87.437,83.755,85.596
49.5,86.516,88.357,83.755,86.056
49.6,86.056,88.357,84.215,86.516
49.7,86.516,89.278,84.215,86.977
49.8,86.516,88.357,85.136,86.516
49.9,87.897,88.817,84.215,86.977
50,88.357,89.738,85.136,86.516
50.1,87.437,89.278,85.136,87.437
50.2,88.357,89.738,84.676,87.437
50.3,88.357,89.738,86.056,87.437
50.4,88.357,89.738,86.056,87.897
50.5,87.897,90.198,86.056,87.897
50.6,89.738,90.198,86.977,87.897
50.7,88.357,90.198,86.056,88.357
50.8,88.817,90.658,86.977,88.817
50.9,89.738,91.579,86.977,88.817
51,90.198,91.118,87.437,89.278
51.1,89.278,90.658,86.977,89.278
51.2,89.278,92.039,86.977,89.278
51.3,89.738,91.579,87.437,89.738
51.4,90.198,92.039,87.897,89.738
51.5,90.658,92.039,87.437,90.198
51.6,91.118,92.499,88.357,89.738
51.7,91.118,92.499,87.897,89.738
51.8,90.658,92.499,88.817,90.198
51.9,90.198,93.88,88.357,91.118
52,92.039,93.419,88.817,91.579
52.1,91.579,93.419,89.278,90.658
52.2,92.039,93.419,89.278,91.118
52.3,91.579,93.419,89.278,92.039
52.4,92.959,93.88,89.738,91.579
52.5,91.579,94.34,89.278,92.039
52.6,92.959,95.72,90.198,92.039
52.7,93.419,95.26,90.198,92.959
52.8,92.959,94.8,90.658,92.499
52.9,92.039,94.8,90.198,92.499
53,92.959,95.26,90.658,92.959
53.1,93.419,95.26,90.658,93.419
53.2,93.419,96.641,91.579,93.88
53.3,93.88,95.72,91.118,93.419
53.4,93.419,96.641,91.579,93.88
53.5,93.88,96.641,91.579,93.419
53.6,94.8,96.181,91.579,93.88
53.7,95.26,97.101,92.039,94.34
53.8,94.8,97.561,92.039,95.26
53.9,95.72,96.641,92.959,95.26
54,95.72,96.641,92.959,94.34
54.1,95.26,97.101,92.499,95.26
54.2,96.641,97.561,92.959,95.26
54.3,96.181,97.101,93.419,95.26
54.4,96.181,98.021,93.419,95.72
54.5,97.101,98.481,93.88,95.72
54.6,95.72,98.942,94.34,96.641
54.7,96.181,98.021,93.88,96.181
54.8,97.101,98.481,94.8,96.181
54.9,97.561,99.862,94.34,96.641
55,97.561,98.942,94.34,97.561
55.1,98.481,99.862,94.34,97.101
55.2,98.481,99.402,95.72,97.101
55.3,98.481,99.862,95.26,97.101
55.4,97.561,99.862,94.8,97.101
55.5,97.101,99.862,95.72,97.561
55.6,98.481,100.78,95.72,97.101
55.7,99.402,100.78,96.181,98.021
55.8,98.021,100.78,95.72,98.942
55.9,98.942,100.78,96.641,98.481
56,98.942,100.78,96.641,98.481
56.1,99.862,100.78,97.101,98.481
56.2,99.402,100.78,96.641,98.942
56.3,100.32,101.7,97.101,99.402
56.4,98.942,101.24,97.561,99.862
56.5,99.862,102.16,97.101,99.862
56.6,101.7,102.62,97.561,99.862
56.7,101.24,102.16,98.021,100.32
56.8,100.78,102.62,98.481,99.862
56.9,99.862,103.54,98.481,100.32
57,100.32,102.62,98.021,100.78
57.1,100.32,104.46,98.021,101.24
57.2,101.7,103.08,98.942,101.24
57.3,102.16,103.54,99.402,101.7
57.4,103.54,104,99.402,101.7
57.5,102.16,103.54,99.862,102.16
57.6,101.7,104.46,98.942,101.7
57.7,101.7,104.92,100.32,102.16
57.8,103.54,105.38,98.942,101.24
57.9,102.62,104.92,99.862,102.16
58,104,104.92,100.32,102.62
58.1,102.16,105.38,99.862,102.62
58.2,104,106.3,100.78,102.62
58.3,103.54,106.3,100.78,103.54
58.4,103.54,105.84,100.78,103.54
58.5,104,106.3,100.78,104
58.6,104.92,105.84,100.78,103.54
58.7,105.84,107.23,101.24,104
58.8,104.92,106.3,101.24,104.46
58.9,104.92,107.23,102.16,104.46
59,104.46,106.76,102.16,104
59.1,104.92,107.69,102.62,104
59.2,104.92,106.76,101.7,104.46
59.3,106.3,108.61,102.62,104.46
59.4,106.76,107.69,103.08,104.92
59.5,105.84,107.23,102.16,104.92
59.6,105.38,108.15,103.54,104.92
59.7,107.23,108.61,102.62,105.38
59.8,106.3,109.07,103.54,105.84
59.9,107.69,108.61,103.08,105.84
60,106.3,108.61,104,105.84
60.1,108.15,109.53,104,106.3
60.2,107.23,109.53,104.46,107.23
60.3,108.15,109.99,104.46,106.3
60.4,108.15,109.07,104.92,107.69
60.5,106.76,109.53,104.46,106.76
60.6,108.15,109.99,105.38,108.15
60.7,109.07,110.45,105.38,107.69
60.8,109.53,109.99,105.38,107.69
60.9,109.07,111.37,105.84,108.15
61,109.99,109.99,105.84,108.61
61.1,109.99,111.83,105.38,108.61
61.2,109.99,110.91,105.84,108.15
61.3,109.07,110.91,106.76,108.61
61.4,109.07,112.29,106.3,109.07
61.5,109.53,111.37,106.76,109.07
61.6,110.91,111.37,106.76,109.07
61.7,109.07,111.83,106.3,109.99
61.8,109.99,112.29,106.76,109.99
61.9,111.37,112.29,107.23,109.07
62,110.45,112.75,108.15,109.53
62.1,110.91,112.29,107.69,110.45
62.2,111.37,112.75,107.69,109.99
62.3,110.45,113.21,108.15,110.45
62.4,112.29,113.21,108.15,110.45
62.5,111.83,113.67,108.15,110.91
62.6,110.91,114.13,107.69,111.37
62.7,111.83,113.67,108.61,112.29
62.8,112.29,114.59,108.61,111.37
62.9,112.75,113.67,109.07,110.91
63,112.75,115.05,109.07,112.29
63.1,112.75,114.59,109.07,112.29
63.2,113.21,115.51,109.99,112.29
63.3,112.75,114.59,110.45,112.75
63.4,112.29,114.59,109.99,112.75
63.5,113.67,115.51,109.53,112.75
63.6,114.59,116.43,109.99,112.75
63.7,113.67,115.51,110.45,112.75
63.8,114.13,115.51,110.45,113.67
63.9,114.59,115.97,110.45,114.13
64,113.67,115.97,110.91,113.21
64.1,115.51,115.97,110.91,113.67
64.2,114.13,116.43,111.83,114.13
64.3,115.05,116.89,110.91,113.67
64.4,115.97,117.35,111.37,114.59
64.5,114.13,117.35,112.29,114.59
64.6,115.51,117.35,112.29,115.05
64.7,116.43,117.35,111.83,114.59
64.8,116.89,118.27,112.29,114.59
64.9,116.43,117.35,112.29,115.05
65,115.97,118.27,112.29,115.05
65.1,116.43,117.81,113.21,115.51
65.2,116.43,119.19,113.21,115.97
65.3,117.35,118.73,113.21,116.89
65.4,117.81,118.27,113.67,116.43
65.5,117.35,119.19,113.21,115.97
65.6,116.43,119.19,113.21,116.43
65.7,116.89,119.19,114.13,117.35
65.8,118.73,118.73,113.67,117.35
65.9,117.35,119.65,115.05,117.35
66,117.81,119.65,114.59,117.35
66.1,118.27,120.11,114.59,117.35
66.2,118.27,119.65,114.59,117.81
66.3,118.27,119.65,115.05,117.81
66.4,119.65,120.11,114.59,117.81
66.5,117.81,121.49,115.05,118.27
66.6,118.73,121.49,115.51,118.27
66.7,120.11,121.03,116.43,118.27
66.8,119.65,121.03,115.97,119.19
66.9,118.73,121.95,116.43,118.27
67,118.73,121.03,115.97,119.19
67.1,119.19,122.41,115.97,119.19
67.2,119.19,121.49,116.43,118.73
67.3,119.19,122.41,116.89,118.73
67.4,119.65,122.87,117.35,119.65
67.5,120.57,121.95,117.81,120.11
67.6,121.95,123.33,117.35,120.11
67.7,121.03,123.79,116.89,120.11
67.8,120.57,122.87,117.81,120.57
67.9,121.03,123.33,117.81,120.11
68,122.41,123.33,117.35,120.11
68.1,120.57,122.87,118.27,121.03
68.2,122.87,123.33,117.81,121.49
68.3,121.03,124.25,118.73,120.57
68.4,123.33,124.25,117.81,121.03
68.5,123.33,124.71,118.73,122.41
68.6,121.95,125.17,119.65,121.03
68.7,123.33,124.71,118.73,122.87
68.8,123.79,124.25,119.19,121.95
68.9,123.33,125.63,119.65,122.87
69,122.41,124.71,120.11,122.41
69.1,122.87,126.09,120.57,122.41
69.2,122.41,125.63,120.57,123.33
69.3,122.87,126.55,120.11,122.87
69.4,123.33,125.63,121.03,122.87
69.5,123.79,127.01,121.03,122.87
69.6,124.71,126.09,121.03,123.33
69.7,126.09,126.09,120.57,123.33
69.8,124.71,127.01,120.57,123.33
69.9,123.79,127.47,121.49,123.33
70,125.63,127.01,121.49,124.25
70.1,125.63,127.47,121.49,123.79
70.2,125.17,127.47,122.41,124.71
70.299,125.63,128.39,121.49,125.17
70.399,125.63,128.39,121.95,125.17
70.499,125.17,128.39,121.95,124.71
70.599,126.55,128.85,122.87,125.17
70.699,125.17,127.93,122.41,125.63
70.799,127.01,127.93,122.41,125.63
70.899,127.93,129.31,123.33,126.55
70.999,126.55,129.31,123.33,125.63
71.099,126.55,128.39,123.33,125.63
71.199,126.09,129.77,122.87,127.01
71.299,126.55,128.85,123.33,126.55
71.399,126.55,129.77,123.79,126.55
71.499,127.01,129.77,123.79,127.01
71.599,127.47,130.23,123.79,127.93
71.699,127.93,130.7,123.79,127.93
71.799,129.31,129.77,123.79,127.93
71.899,129.31,130.23,125.17,127.93
71.999,127.93,131.16,125.17,128.39
72.099,128.39,131.16,124.25,128.85
72.199,129.77,131.62,125.17,128.39
72.299,127.93,131.16,125.63,127.93
72.399,130.7,131.16,125.63,127.93
72.499,128.39,132.08,125.63,127.93
72.599,131.16,132.54,125.63,128.85
72.699,128.39,132.54,126.55,129.31
72.799,129.77,131.62,125.63,128.85
72.899,131.16,132.08,126.09,129.77
72.999,129.31,132.54,126.55,128.85
73.099,129.77,133.46,126.09,130.23
73.199,130.23,132.54,126.55,129.31
73.299,131.62,133.46,127.93,130.23
73.399,132.08,132.54,127.47,130.7
73.499,132.08,133.46,127.47,130.23
73.599,132.54,133,127.47,130.23
73.699,132.54,134.38,128.39,131.16
73.799,131.62,134.38,128.39,131.62
73.899,131.16,133,128.39,131.16
73.999,131.16,134.38,128.85,131.16
74.099,133,134.84,128.39,131.62
74.199,133.46,134.84,128.39,131.62
74.299,131.62,134.84,128.39,132.54
74.399,133.92,134.84,129.31,132.54
74.499,132.54,134.84,128.85,132.54
74.599,133.92,135.3,128.85,132.54
74.699,132.54,135.3,129.77,132.08
74.799,134.38,136.22,130.23,133
74.899,133,136.22,128.85,132.08
74.999,134.38,135.76,130.23,133
75.099,134.84,135.3,129.77,133.46
75.199,133,136.68,130.23,133
75.299,133.46,136.22,130.7,133.46
75.399,134.38,136.22,130.23,133.46
75.499,135.3,137.6,130.23,133.46
75.599,135.3,136.22,130.23,134.84
75.699,135.76,138.06,131.62,134.38
75.799,136.22,137.14,131.62,133.92
75.899,135.76,137.14,132.08,134.38
75.999,135.3,138.52,131.62,134.84
76.099,134.84,137.6,131.62,134.84
76.199,135.3,137.6,132.08,135.3
76.299,137.6,138.06,131.62,135.3
76.399,136.22,138.98,132.08,135.76
76.499,136.22,139.44,132.54,135.76
76.599,137.6,138.98,132.54,136.22
76.699,135.76,139.44,132.54,135.3
76.799,138.06,139.9,133.46,135.3
76.899,135.76,139.9,133,136.68
76.999,138.06,139.44,133.92,137.14
77.099,137.6,139.44,132.54,135.76
77.199,137.14,139.9,133.46,136.68
77.299,138.06,140.82,133.92,136.68
77.399,138.98,139.44,133.92,137.14
77.499,137.6,140.36,133.92,137.14
77.599,137.14,141.28,134.84,138.06
77.699,138.06,140.36,134.38,137.6
77.799,138.06,141.28,134.38,137.6
77.899,138.06,140.82,134.84,138.98
77.999,138.06,140.82,134.38,138.06
78.099,138.52,142.2,134.84,137.6
78.199,138.98,141.28,135.3,138.06
78.299,140.82,141.28,135.3,138.52
78.399,140.36,141.74,135.76,138.52
78.499,138.98,142.2,136.68,138.98
78.599,139.9,143.12,136.68,138.98
78.699,140.82,142.66,136.22,138.98
78.799,139.44,142.2,136.22,138.98
78.899,141.28,143.58,137.14,139.44
78.999,139.9,143.58,136.22,140.82
79.099,141.74,143.58,137.6,139.9
79.199,140.82,142.66,136.68,139.9
79.299,140.82,143.12,137.6,140.82
79.399,142.2,143.58,137.14,140.82
79.499,141.74,144.5,137.6,140.82
79.599,140.82,143.58,137.6,140.82
79.699,141.28,144.5,137.14,140.82
79.799,141.74,144.5,137.6,140.82
79.899,142.66,144.5,138.98,141.28
79.999,143.58,143.58,138.98,141.28
80.099,143.58,145.88,139.44,140.82
80.199,142.66,144.5,139.44,141.74
80.299,142.2,145.42,138.98,142.66
80.399,142.2,145.88,139.9,142.2
80.499,142.66,145.42,139.9,143.12
80.599,144.96,145.42,139.9,143.12
80.699,143.58,145.88,139.44,143.12
80.799,143.58,145.42,139.9,143.58
80.899,145.42,146.34,140.36,144.04
80.999,143.58,145.88,140.36,142.66
81.099,145.88,146.34,139.9,142.66
81.199,143.58,146.34,140.82,143.58
81.299,145.88,146.34,140.36,144.04
81.399,144.96,146.8,141.28,143.58
81.499,144.5,148.18,139.9,144.5
81.599,146.34,147.26,141.74,144.5
81.699,146.34,146.8,141.28,144.5
81.799,145.42,148.64,140.82,144.96
81.899,144.96,147.26,141.28,144.96
81.999,145.42,148.64,142.2,144.96
82.099,145.88,148.18,142.66,145.42
82.199,145.88,149.1,142.66,145.42
82.299,145.88,148.18,143.12,144.96
82.399,145.42,148.18,142.66,145.42
82.499,146.34,150.02,142.66,145.88
82.599,148.18,150.02,143.12,146.34
82.699,148.18,149.1,143.58,146.34
82.799,146.8,149.1,143.58,146.8
82.899,146.8,149.1,143.12,146.8
82.999,149.1,150.02,143.58,146.8
83.099,146.8,150.02,144.5,146.34
83.199,149.1,150.48,143.58,146.8
83.299,147.26,150.02,143.58,147.72
83.399,149.56,150.48,144.96,147.72
83.499,148.64,150.94,143.58,147.72
83.599,148.64,151.4,145.42,147.72
83.699,150.48,150.94,144.5,148.18
83.799,149.56,150.94,144.5,148.18
83.899,148.64,152.32,145.88,148.18
83.999,148.64,151.4,144.96,148.64
84.099,149.1,152.32,144.96,148.18
84.199,149.1,151.4,145.42,149.56
84.299,149.56,153.24,146.34,150.02
84.399,150.02,152.32,146.34,150.02
84.499,151.4,152.78,146.34,149.56
84.599,152.32,153.7,146.8,150.02
84.699,150.48,154.16,146.8,150.02
84.799,150.48,154.16,146.8,150.48
84.899,152.78,154.16,147.26,150.94
84.999,151.4,154.16,148.18,151.4
85.099,152.78,154.63,147.26,150.48
85.199,151.4,154.63,148.64,150.02
85.299,153.24,155.09,147.72,151.86
85.399,150.94,154.63,148.18,151.4
85.499,152.78,154.16,148.18,150.94
85.599,154.16,155.09,148.64,152.78
85.699,152.78,154.63,148.64,151.4
85.799,152.32,155.09,149.1,153.24
85.899,152.78,156.47,149.56,151.86
85.999,153.7,155.09,149.1,152.32
86.099,154.16,156.47,148.64,152.78
86.199,154.16,156.01,149.1,152.78
86.299,154.16,156.47,149.56,152.32
86.399,153.7,156.93,149.56,153.24
86.499,153.24,156.47,150.02,153.7
86.599,154.16,156.47,150.02,154.16
86.699,155.55,156.93,150.02,154.16
86.799,155.55,158.31,150.94,154.63
86.899,154.16,158.31,151.86,154.63
86.999,156.47,158.31,150.94,155.09
87.099,155.09,158.31,150.94,154.16
87.199,155.09,158.77,151.86,154.16
87.299,155.55,158.77,151.86,155.09
87.399,156.93,158.31,151.86,155.55
87.499,155.09,157.85,152.32,154.63
87.599,156.93,158.77,152.32,155.09
87.699,157.39,159.69,151.86,156.01
87.799,155.55,158.31,153.24,156.01
87.899,155.55,159.69,152.32,156.01
87.999,156.47,159.23,152.32,156.47
88.099,157.85,159.69,153.24,155.55
88.199,158.77,159.69,153.7,156.93
88.299,158.77,160.15,154.16,157.39
88.399,158.77,159.69,154.16,156.93
88.499,157.85,161.07,154.16,156.01
88.599,156.93,160.61,154.63,156.93
88.699,157.39,160.61,154.63,156.93
88.799,158.77,160.15,154.63,157.39
88.899,159.69,160.15,153.7,157.39
88.999,157.85,160.61,153.7,157.85
89.099,160.15,161.07,154.63,157.85
89.199,159.23,161.53,155.09,158.31
89.299,159.69,161.07,155.09,159.23
89.399,159.23,161.53,156.01,158.77
89.499,161.53,161.53,155.55,158.77
89.599,159.23,162.91,156.01,159.69
89.699,160.15,162.45,156.01,158.77
89.799,161.99,161.99,156.93,159.23
89.899,160.15,162.91,156.01,159.23
89.999,159.69,162.91,156.01,160.15
90.099,160.15,162.91,157.39,159.69
90.199,160.61,163.37,157.39,160.61
90.299,160.61,163.83,157.39,161.07
90.399,160.61,162.91,157.85,159.69
90.499,161.07,164.75,157.85,160.15
90.599,160.15,164.29,157.39,160.15
90.699,162.45,163.83,157.85,161.07
90.799,163.83,163.83,158.77,161.53
90.899,163.37,164.29,158.77,161.53
90.999,161.53,165.21,158.31,161.53
91.099,163.37,165.67,158.31,161.53
91.199,163.37,166.13,159.23,161.99
91.299,162.91,166.13,159.23,162.91
91.399,163.37,165.67,158.77,162.91
91.499,164.75,165.21,159.69,161.99
91.599,162.45,165.67,159.23,163.37
91.699,164.29,166.59,159.69,163.37
91.799,165.21,166.59,159.69,162.91
91.899,163.37,165.67,160.15,163.83
91.999,163.37,167.51,160.15,163.37
92.099,164.75,166.13,161.53,163.37
92.199,165.67,167.05,160.15,164.75
92.299,166.13,166.59,160.15,163.83
92.399,166.13,167.97,161.07,163.83
92.499,166.13,166.59,161.53,164.29
92.599,165.21,167.51,161.53,164.75
92.699,164.29,168.43,161.53,165.21
92.799,166.13,169.35,161.53,165.21
92.899,167.51,168.89,161.99,165.67
92.999,165.67,168.89,162.91,165.21
93.099,167.51,168.89,162.45,165.21
93.199,167.05,169.35,161.99,165.67
93.299,167.51,169.81,163.37,167.05
93.399,166.59,170.73,162.91,166.13
93.499,168.43,170.27,163.83,166.59
93.599,166.59,168.89,163.37,167.51
93.699,167.05,170.27,163.83,166.59
93.799,168.89,170.73,163.37,167.51
93.899,169.81,169.81,164.29,167.05
93.999,169.35,171.19,164.75,167.97
94.099,168.43,170.27,164.75,168.43
94.199,167.97,171.19,163.83,167.05
94.299,168.89,170.73,164.29,167.51
94.399,169.81,170.73,164.29,167.97
94.499,170.73,172.11,164.75,168.89
94.599,170.27,172.57,164.75,168.89
94.699,168.43,172.11,165.21,169.35
94.799,169.81,171.65,165.67,169.81
94.899,171.19,172.11,166.59,169.35
94.999,169.35,172.11,166.13,169.35
94.899,168.89,173.03,165.67,168.89
94.799,170.27,172.57,166.13,168.43
94.699,171.19,172.11,166.13,167.97
94.599,169.35,171.19,166.13,168.43
94.499,168.43,171.65,165.67,168.43
94.399,167.97,172.57,165.67,168.43
94.299,167.51,170.27,165.67,168.89
94.199,167.51,171.19,165.21,167.51
94.099,167.05,170.73,163.83,167.05
93.999,167.97,171.19,163.83,168.43
93.899,168.89,170.27,164.75,166.59
93.799,169.35,170.73,164.29,167.51
93.699,167.97,168.89,163.37,166.13
93.599,167.05,169.35,164.29,167.05
93.499,169.35,169.35,162.91,166.13
93.399,166.13,170.27,163.37,166.13
93.299,167.97,169.81,163.37,167.05
93.199,165.67,169.81,162.45,166.13
93.099,168.43,169.81,162.45,165.21
92.999,165.67,169.35,162.91,165.21
92.899,165.67,169.35,161.99,164.75
92.799,167.05,168.43,161.53,164.75
92.699,166.59,167.51,161.53,164.75
92.599,165.67,167.97,161.53,164.29
92.499,165.21,168.43,161.07,165.21
92.399,165.21,167.05,161.07,165.21
92.299,164.75,167.51,161.53,163.83
92.199,165.21,166.13,159.69,163.83
92.099,166.13,167.51,159.69,163.83
91.999,165.21,166.13,160.61,162.91
91.899,163.37,167.05,160.15,163.37
91.799,163.83,166.59,159.23,162.91
91.699,165.67,165.67,160.61,162.91
91.599,162.45,165.67,159.69,162.91
91.499,163.83,165.67,160.15,161.53
91.399,163.37,165.67,159.23,162.45
91.299,162.91,166.13,158.77,163.37
91.199,161.99,166.13,159.23,161.99
91.099,164.29,165.67,159.23,161.53
90.999,161.99,165.21,157.85,161.07
90.899,161.53,164.75,157.39,161.07
90.799,163.37,163.83,157.85,161.07
90.699,163.37,163.83,157.85,161.07
90.599,161.99,164.75,158.31,161.53
90.499,161.99,164.29,156.93,161.07
90.399,162.45,163.37,156.47,160.15
90.299,162.45,164.29,156.47,160.15
90.199,162.45,162.45,156.47,160.61
90.099,161.99,163.83,157.39,159.69
89.999,161.07,162.45,156.47,159.69
89.899,159.23,162.91,156.01,159.23
89.799,160.15,162.91,156.47,159.23
89.699,161.53,161.53,155.55,158.77
89.599,158.77,161.99,156.47,159.23
89.499,160.61,162.91,155.09,159.23
89.399,159.23,162.45,156.01,157.85
89.299,160.15,162.45,155.55,157.85
89.199,158.31,162.45,154.63,158.77
89.099,160.15,161.99,155.09,158.77
88.999,158.31,161.53,154.63,158.31
88.899,157.85,161.53,154.63,158.31
88.799,159.69,160.61,154.16,157.85
88.699,159.69,160.15,153.7,157.85
88.599,158.31,160.15,153.24,156.93
88.499,157.39,161.07,153.24,156.01
88.399,156.93,159.69,154.16,156.47
88.299,156.47,159.69,153.7,156.93
88.199,156.93,159.69,153.24,156.93
88.099,157.85,159.69,152.78,156.01
87.999,157.85,159.23,152.32,156.47
87.899,157.85,159.23,153.24,155.09
87.799,156.01,157.85,151.86,156.47
87.699,155.55,159.23,152.32,155.09
87.599,157.85,159.23,152.78,155.55
87.499,155.55,157.85,151.86,155.09
87.399,155.55,157.39,151.4,154.63
87.299,156.93,157.39,151.86,154.16
87.199,156.47,157.39,150.94,155.09
87.099,154.63,157.85,151.4,155.09
86.999,156.47,157.39,151.86,154.63
86.899,154.16,156.47,150.94,154.63
86.799,153.7,156.47,150.48,154.16
86.699,155.55,156.93,150.48,154.63
86.599,155.55,157.39,150.02,153.24
86.499,154.63,156.93,150.02,153.24
86.399,153.7,156.01,149.1,152.32
86.299,152.78,156.47,150.02,152.78
86.199,152.78,156.01,150.48,153.24
86.099,153.24,155.55,150.02,151.86
85.999,154.16,156.01,149.1,152.78
85.899,154.63,155.55,148.18,152.78
85.799,154.16,154.63,149.1,151.4
85.699,152.32,156.01,149.1,151.86
85.599,152.32,154.63,148.64,151.86
85.499,154.16,154.63,148.64,150.48
85.399,151.86,155.09,147.72,151.86
85.299,153.24,155.09,148.18,151.4
85.199,150.94,154.16,148.18,150.94
85.099,152.32,154.63,146.8,150.48
84.999,150.48,153.7,147.72,150.48
84.899,152.32,153.7,147.72,150.02
84.799,151.4,154.16,147.72,150.48
84.699,150.02,154.16,146.34,150.48
84.599,151.4,153.7,146.34,149.56
84.499,152.32,152.32,145.88,149.1
84.399,152.32,152.32,145.88,149.1
84.299,150.94,152.32,145.88,149.1
84.199,150.94,151.4,145.88,149.1
84.099,150.94,152.78,145.42,148.64
83.999,150.94,151.4,144.96,148.18
83.899,149.1,151.4,145.42,148.18
83.799,147.72,151.86,144.96,148.64
83.699,150.02,150.48,144.5,147.26
83.599,149.1,150.48,144.96,148.18
83.499,147.72,151.4,144.04,147.26
83.399,150.02,151.4,144.04,147.26
83.299,147.26,150.94,144.04,147.72
83.199,149.56,150.48,143.58,147.26
83.099,146.8,150.48,143.12,147.26
82.999,148.64,150.48,143.58,146.8
82.899,148.18,150.48,143.58,146.8
82.799,146.34,150.48,142.66,146.8
82.699,146.8,150.02,143.12,146.8
82.599,148.18,148.64,142.2,146.34
82.499,147.72,148.64,142.2,145.88
82.399,148.18,149.56,142.2,145.42
82.299,147.26,148.18,142.66,144.96
82.199,146.8,149.1,142.2,145.42
82.099,147.26,148.18,142.66,144.96
81.999,147.26,148.18,142.2,144.5
81.899,146.34,147.72,141.28,144.96
81.799,144.96,148.18,141.74,144.04
81.699,144.5,147.26,141.28,144.96
81.599,145.88,147.72,140.82,144.04
81.499,145.42,147.72,141.28,143.58
81.399,144.04,146.8,140.36,144.5
81.299,145.42,146.8,140.82,143.12
81.199,143.58,146.8,140.36,143.12
81.099,145.42,146.34,139.9,143.58
80.999,143.12,146.8,140.82,143.58
80.899,144.96,146.8,139.44,142.66
80.799,144.04,145.88,139.44,143.12
80.699,142.66,145.42,139.44,143.12
80.599,144.5,145.42,139.44,143.12
80.499,144.5,145.42,139.9,142.66
80.399,143.12,146.34,139.44,142.2
80.299,142.2,145.42,139.44,141.28
80.199,141.74,144.5,138.98,141.28
80.099,141.28,145.42,138.52,142.2
79.999,141.74,144.04,137.6,141.28
79.899,142.2,144.96,137.6,140.82
79.799,142.66,144.04,138.06,141.74
79.699,143.12,144.96,138.06,139.9
79.599,142.2,144.04,136.68,141.74
79.499,140.82,143.58,138.06,139.9
79.399,140.82,144.5,137.6,140.36
79.299,142.66,143.12,137.14,140.36
79.199,139.9,142.2,137.14,139.44
79.099,141.74,142.66,136.22,139.44
78.999,140.36,143.58,136.22,139.9
78.899,141.74,143.12,136.68,139.44
78.799,138.98,143.12,135.76,138.98
78.699,141.28,143.12,135.3,138.98
78.599,140.82,142.2,136.22,138.52
78.499,138.52,141.74,135.76,138.06
78.399,138.98,140.82,135.3,138.52
78.299,140.82,141.28,136.22,138.52
78.199,140.36,142.66,134.84,138.98
78.099,139.44,140.82,135.3,138.06
77.999,138.98,140.82,134.84,137.14
77.899,138.52,141.74,134.84,137.6
77.799,139.44,140.36,134.84,138.06
77.699,139.9,141.28,133.92,137.14
77.599,139.44,139.9,133.46,137.14
77.499,138.52,140.82,133.92,137.14
77.399,136.68,139.44,133.92,136.68
77.299,137.14,139.44,133.46,136.68
77.199,138.98,140.36,133.46,137.14
77.099,136.68,140.36,133,136.22
76.999,137.14,138.98,133.46,136.22
76.899,136.22,138.98,132.54,136.68
76.799,137.14,138.52,132.54,136.22
76.699,136.22,138.52,133.46,135.76
76.599,137.6,138.98,132.08,134.84
76.499,135.76,138.52,132.54,134.84
76.399,136.68,138.06,132.54,134.84
76.299,137.14,137.6,132.08,134.38
76.199,135.3,138.06,132.08,133.92
76.099,135.3,138.52,131.16,134.38
75.999,134.84,137.6,131.16,134.38
75.899,134.84,137.14,131.16,134.38
75.799,134.84,138.06,130.7,134.38
75.699,134.84,137.14,131.16,133.46
75.599,134.38,137.6,131.16,133.92
75.499,133.46,136.68,130.7,133.46
75.399,133.46,137.14,129.77,133
75.299,133.92,135.76,130.23,133.46
75.199,135.3,136.68,130.7,132.54
75.099,134.84,137.14,130.23,133
74.999,133,135.3,129.77,132.54
74.899,133.92,134.84,129.77,132.08
74.799,133,135.76,129.31,132.08
74.699,133.92,135.3,129.31,132.54
74.599,132.54,136.22,129.31,132.54
74.499,133.46,135.76,128.39,131.16
74.399,131.62,135.3,128.39,131.16
74.299,133.92,135.3,129.31,131.16
74.199,133,134.38,128.85,130.7
74.099,131.62,133.92,127.93,130.7
73.999,131.62,133.92,127.47,130.7
73.899,133,134.84,127.01,130.23
73.799,133,134.38,127.93,131.16
73.699,133,133,127.47,130.7
73.599,132.08,133.92,127.01,130.7
73.499,132.54,133.46,126.55,129.77
73.399,131.62,134.38,127.01,130.7
73.299,132.08,132.54,127.47,129.77
73.199,130.7,133,127.47,129.31
73.099,129.77,132.08,126.55,129.77
72.999,129.77,133,126.09,129.31
72.899,131.16,133,126.55,129.31
72.799,129.31,131.62,125.63,129.77
72.699,129.31,131.62,126.09,128.39
72.599,130.23,131.16,125.63,128.85
72.499,128.85,131.62,126.09,128.85
72.399,129.77,131.16,124.71,128.39
72.299,129.31,131.16,125.63,127.93
72.199,127.93,130.7,125.17,127.93
72.099,130.23,130.7,124.71,127.93
71.999,127.93,130.23,124.71,127.01
71.899,127.47,130.23,124.71,127.01
71.799,127.93,131.16,124.71,127.47
71.699,128.39,130.23,124.25,127.01
71.599,128.39,129.77,124.25,127.47
71.499,128.39,130.23,123.79,126.55
71.399,128.39,128.85,124.25,126.09
71.299,128.39,130.23,123.79,127.01
71.199,128.39,129.31,123.79,126.09
71.099,127.01,129.77,122.87,125.63
70.999,126.09,128.39,122.87,126.55
70.899,126.09,128.85,122.41,125.17
70.799,127.01,129.31,122.87,125.63
70.699,126.09,127.93,121.95,125.17
70.599,125.63,127.93,121.95,124.71
70.499,127.01,127.47,122.41,125.17
70.399,124.71,127.93,121.95,124.71
70.299,126.55,127.93,122.41,124.71
70.2,124.71,128.39,121.95,124.25
70.1,126.09,127.47,121.03,124.25
70,125.17,127.47,121.49,124.71
69.9,124.25,126.55,121.03,123.79
69.8,124.71,126.09,120.57,124.25
69.7,126.09,126.55,120.57,123.33
69.6,125.17,127.01,121.03,123.33
69.5,124.25,126.09,121.03,122.41
69.4,124.25,126.09,120.57,122.41
69.3,123.79,127.01,120.57,123.33
69.2,123.33,125.17,120.11,123.33
69.1,123.33,126.09,120.11,121.95
69,124.25,125.17,119.65,122.41
68.9,123.79,125.63,118.73,122.41
68.8,123.33,125.63,119.19,121.49
68.7,121.95,124.25,119.65,121.95
68.6,122.87,124.71,118.73,121.95
68.5,123.33,125.63,118.27,121.49
68.4,121.49,125.17,118.73,121.49
68.3,123.33,124.71,117.81,121.49
68.2,121.03,123.79,119.19,120.57
68.1,122.41,123.33,117.35,120.57
68,121.03,123.79,118.27,120.57
67.9,121.49,123.79,117.81,121.03
67.8,122.41,123.79,116.89,120.57
67.7,120.57,123.79,117.81,120.11
67.6,120.57,122.41,116.89,120.57
67.5,120.57,121.95,116.89,120.11
67.4,121.03,123.33,116.43,119.65
67.3,121.03,121.95,115.97,118.73
67.2,121.03,121.49,116.43,118.73
67.1,120.57,122.41,115.97,119.19
67,120.11,121.49,115.51,118.73
66.9,119.19,121.95,115.51,118.73
66.8,118.73,121.95,115.05,118.73
66.7,118.73,120.57,116.43,118.27
66.6,120.57,121.03,115.51,118.27
66.5,119.19,121.49,114.59,117.35
66.4,118.27,121.03,114.59,118.27
66.3,119.19,120.11,115.51,117.35
66.2,117.35,119.65,114.13,116.89
66.1,119.19,119.65,114.59,117.35
66,116.89,120.11,114.13,117.35
65.9,118.73,119.19,114.59,116.89
65.8,117.35,119.65,113.67,116.43
65.7,116.43,119.19,114.13,116.43
65.6,118.27,119.65,114.13,115.97
65.5,117.81,119.65,113.67,115.51
65.4,117.35,118.27,112.75,115.51
65.3,116.43,118.73,112.75,115.97
65.2,115.97,118.73,113.21,115.97
65.1,115.97,118.27,113.21,116.43
65,115.51,118.73,113.21,115.51
64.9,115.51,117.81,112.75,114.59
64.8,115.97,118.27,112.75,115.05
64.7,116.43,117.35,112.75,114.59
64.6,115.97,117.35,112.29,114.13
64.5,114.59,118.27,111.37,114.13
64.4,115.51,117.35,111.37,114.13
64.3,115.97,116.43,111.83,113.67
64.2,114.13,115.97,110.45,114.13
64.1,115.51,115.97,110.91,113.21
64,113.21,115.51,110.91,113.21
63.9,115.51,115.51,110.45,113.21
63.8,113.67,115.51,110.91,113.21
63.7,113.67,115.97,110.91,113.67
63.6,114.59,115.97,109.53,113.21
63.5,113.21,115.97,109.99,112.75
63.4,112.29,115.51,109.99,112.75
63.3,112.75,114.59,109.53,112.29
63.2,112.75,115.05,109.07,112.75
63.1,112.75,115.05,109.53,111.37
63,112.75,114.13,109.53,110.91
62.9,111.83,115.05,109.07,111.37
62.8,112.29,114.13,108.61,111.83
62.7,110.91,113.21,109.07,110.45
62.6,110.91,114.59,108.61,111.37
62.5,112.29,113.21,108.15,110.91
62.4,111.37,113.21,108.15,110.91
62.3,109.99,113.67,108.15,109.99
62.2,111.37,113.67,108.15,110.91
62.1,110.91,113.21,107.69,109.53
62,110.45,112.29,107.23,109.99
61.9,110.45,112.75,107.69,110.45
61.8,110.91,112.29,106.76,109.53
61.7,109.53,113.21,107.23,109.07
61.6,110.45,112.75,106.3,109.07
61.5,110.91,111.37,106.76,108.61
61.4,109.07,110.91,106.76,108.61
61.3,108.15,111.83,105.84,108.61
61.2,108.61,111.37,105.84,108.15
61.1,109.53,110.45,105.84,108.15
61,109.07,110.91,105.84,108.15
60.9,108.61,110.91,105.84,107.69
60.8,107.69,110.91,105.38,107.23
60.7,107.69,110.45,104.92,107.69
60.6,107.23,110.45,104.46,107.23
60.5,109.07,109.53,104.92,106.76
60.4,108.15,109.07,104.92,106.76
60.3,107.23,109.53,104.46,106.3
60.2,108.15,109.53,104,106.3
60.1,106.76,109.53,104.46,106.76
60,106.76,109.53,104,105.84
59.9,106.76,109.53,103.08,105.84
59.8,106.3,109.53,103.54,105.38
59.7,105.84,108.15,103.54,106.76
59.6,107.69,108.15,103.54,105.84
59.5,106.3,108.15,102.62,105.38
59.4,105.84,107.23,102.62,104.92
59.3,105.38,108.61,102.62,104.92
59.2,105.38,106.76,102.62,104.92
59.1,105.38,106.76,102.16,104.46
59,106.3,107.69,102.62,104.92
58.9,105.84,106.76,101.7,104
58.8,105.38,106.76,102.16,104
58.7,103.54,106.3,101.24,104
58.6,103.54,106.3,100.78,103.08
58.5,104,106.3,101.7,103.54
58.4,104.92,106.3,101.24,103.08
58.3,103.54,105.38,101.7,103.08
58.2,103.54,104.92,100.78,102.62
58.1,103.54,104.92,100.78,103.08
58,102.62,104.92,99.862,102.62
57.9,103.08,104.92,100.32,102.16
57.8,102.62,104.46,99.402,102.62
57.7,102.62,104,99.862,102.62
57.6,102.62,104,99.402,102.16
57.5,102.16,105.38,98.942,101.7
57.4,101.24,104,98.481,101.24
57.3,101.7,103.08,99.402,101.7
57.2,101.7,103.54,98.481,101.7
57.1,102.62,103.54,98.021,101.7
57,101.7,102.62,98.021,100.32
56.9,101.24,102.62,98.481,100.78
56.8,101.24,103.08,98.021,100.32
56.7,99.402,102.62,98.021,99.862
56.6,99.402,102.62,98.021,99.862
56.5,100.32,102.16,98.021,99.862
56.4,101.7,101.7,97.561,99.862
56.3,99.862,101.7,97.561,98.942
56.2,100.32,101.7,97.101,98.942
56.1,100.32,102.16,96.181,98.942
56,99.402,101.24,97.101,98.481
55.9,99.402,100.78,96.641,98.021
55.8,99.402,101.24,96.181,98.481
55.7,98.021,100.32,96.181,98.481
55.6,98.481,99.862,95.26,98.942
55.5,98.942,100.32,95.72,97.561
55.4,98.942,100.78,95.26,97.561
55.3,97.101,99.862,95.26,97.561
55.2,96.641,99.402,95.26,97.561
55.1,97.101,99.402,94.34,97.561
55,96.641,99.402,93.88,96.641
54.9,96.181,98.942,94.34,96.181
54.8,96.641,99.402,94.34,96.181
54.7,96.641,98.021,94.34,97.101
54.6,97.101,98.481,94.34,95.72
54.5,96.181,98.481,93.88,96.181
54.4,95.72,98.481,93.88,95.72
54.3,97.101,98.021,92.959,95.72
54.2,95.26,97.561,92.959,94.8
54.1,96.181,97.561,92.959,95.72
54,94.8,97.101,93.419,95.26
53.9,96.641,97.561,92.959,94.34
53.8,94.8,97.101,92.039,94.34
53.7,94.8,97.561,92.499,94.34
53.6,95.26,96.641,92.039,94.34
53.5,94.8,96.181,91.579,94.34
53.4,94.34,97.101,91.579,93.419
53.3,93.88,96.181,91.579,94.34
53.2,93.419,96.641,91.118,92.959
53.1,92.959,95.26,90.198,92.959
53,93.419,95.72,90.658,92.959
52.9,92.959,94.34,90.658,92.499
52.8,93.419,95.26,90.658,92.039
52.7,93.88,95.26,90.198,92.039
52.6,92.499,93.88,90.198,92.959
52.5,92.039,94.34,90.198,91.579
52.4,93.419,94.34,90.198,92.039
52.3,92.039,93.88,89.278,91.579
52.2,92.499,93.419,89.278,91.579
52.1,91.579,93.419,88.817,91.579
52,92.499,92.959,89.278,90.658
51.9,90.658,92.959,88.357,90.658
51.8,92.039,92.959,88.357,90.658
51.7,91.579,92.959,88.357,90.658
51.6,90.198,92.959,88.357,90.658
51.5,89.738,91.579,87.897,90.658
51.4,89.738,92.499,87.897,89.738
51.3,89.738,92.039,87.437,89.738
51.2,89.278,92.039,87.437,89.278
51.1,88.817,91.118,87.437,88.817
51,88.817,91.579,86.977,89.738
50.9,89.278,92.039,86.516,89.278
50.8,90.198,90.658,86.516,88.357
50.7,89.278,90.198,86.056,89.278
50.6,88.357,90.658,86.516,87.897
50.5,88.817,91.118,86.056,88.357
50.4,88.357,90.198,85.596,87.437
50.3,88.357,90.198,86.056,87.897
50.2,87.897,89.738,85.596,87.437
50.1,88.357,89.278,85.136,86.977
50,86.977,88.817,84.676,86.977
49.9,87.897,88.817,85.136,86.977
49.8,87.437,89.738,84.215,86.977
49.7,87.437,88.817,84.676,86.977
49.6,86.516,88.357,84.215,86.977
49.5,85.596,88.817,84.215,86.516
49.4,86.056,87.897,83.755,86.516
49.3,85.596,87.897,83.755,85.596
49.2,85.596,87.897,83.755,84.676
49.1,85.136,86.977,82.835,84.676
49,86.056,87.437,82.835,85.596
48.9,86.056,87.897,82.375,84.215
48.8,84.676,86.977,82.835,85.136
48.7,84.676,86.056,82.375,84.215
48.6,85.596,86.516,81.915,84.215
48.5,84.215,86.056,81.915,83.755
48.4,84.676,86.056,81.915,83.755
48.3,83.755,86.056,81.915,84.215
48.2,84.676,86.516,81.915,83.295
48.1,84.215,86.056,81.454,83.295
48,82.835,84.676,80.994,82.835
47.9,82.835,85.596,80.534,83.295
47.8,82.835,85.136,80.994,82.835
47.7,83.295,84.676,80.074,82.835
47.6,83.295,84.215,80.534,81.915
47.5,82.375,83.295,80.074,82.375
47.4,83.295,84.215,80.074,80.994
47.3,82.375,84.676,80.074,81.915
47.2,80.994,83.295,78.693,82.375
47.1,80.994,82.835,79.153,81.454
47,82.375,83.295,78.693,80.994
46.9,81.915,82.835,78.693,80.534
46.8,80.074,82.835,78.693,80.534
46.7,81.454,82.835,78.693,80.074
46.6,80.074,82.375,78.233,80.074
46.5,80.994,81.915,77.773,79.614
46.4,80.074,82.375,78.233,79.614
46.3,80.994,81.915,77.313,80.074
46.2,79.614,81.915,77.313,79.614
46.1,79.153,80.994,77.773,79.153
46,79.153,80.994,76.852,79.153
45.9,78.693,81.454,76.852,78.233
45.8,77.773,80.534,76.392,79.153
45.7,78.693,81.454,75.932,78.693
45.6,77.313,79.614,76.852,78.233
45.5,78.233,80.534,75.472,77.313
45.4,78.693,80.534,75.472,77.313
45.3,78.233,79.614,75.472,77.773
45.2,77.773,79.614,75.932,77.313
45.1,76.852,79.153,75.932,77.313
45,77.313,78.693,75.472,76.392
44.9,76.852,78.693,75.012,75.932
44.8,76.392,78.693,75.012,75.932
44.7,75.932,78.233,74.091,76.392
44.6,77.313,77.773,74.091,76.392
44.5,75.472,78.233,74.091,75.472
44.4,75.012,78.233,74.551,75.012
44.3,77.773,77.773,73.631,75.012
44.2,76.392,77.773,73.171,75.012
44.1,75.932,76.852,73.171,75.012
44,75.472,76.852,72.711,75.012
43.9,74.551,76.392,72.25,74.091
43.8,74.551,76.852,72.25,74.551
43.7,74.551,75.932,72.25,74.551
43.6,74.551,75.932,72.25,73.631
43.5,73.631,75.932,72.25,73.631
43.4,74.091,75.932,71.33,74.091
43.3,75.012,75.932,72.25,73.171
43.2,74.091,75.472,71.33,73.171
43.1,73.171,74.551,71.79,72.711
43,72.25,75.472,71.33,72.711
42.9,73.171,75.012,71.33,72.711
42.8,72.711,74.091,70.41,71.79
42.7,73.171,73.631,69.489,71.79
42.6,72.25,74.551,69.489,71.33
42.5,71.33,73.631,70.41,71.79
42.4,70.41,72.711,69.029,71.33
42.3,72.25,73.631,69.949,71.33
42.2,71.33,72.711,69.029,71.79
42.1,71.33,72.711,69.489,70.87
42,70.41,73.171,69.029,70.41
41.9,70.41,72.25,69.029,70.41
41.8,69.949,71.79,69.029,70.41
41.7,71.79,72.25,68.569,69.489
41.6,70.87,72.25,68.109,69.489
41.5,70.41,70.87,67.648,69.029
41.4,69.029,70.41,67.648,69.489
41.3,68.569,71.33,67.188,69.029
41.2,69.949,70.87,67.188,69.489
41.1,69.029,70.41,66.728,69.029
41,68.569,70.87,66.728,68.109
40.9,68.109,69.949,67.188,68.109
40.8,69.489,69.949,66.268,68.109
40.7,67.188,69.949,66.268,67.648
40.6,66.728,69.029,65.348,67.648
40.5,67.188,69.029,65.808,67.188
40.4,67.188,69.489,65.808,67.188
40.3,66.728,69.489,64.887,67.188
40.2,66.268,69.029,65.348,67.188
40.1,66.728,68.109,65.348,66.728
40,67.188,68.569,64.887,66.728
39.9,66.268,68.109,64.887,66.268
39.8,66.268,67.648,64.887,65.808
39.7,65.808,68.109,63.967,65.348
39.6,65.808,68.109,63.967,65.808
39.5,65.348,66.268,63.967,64.887
39.4,64.427,65.808,63.967,64.427
39.3,65.348,66.268,63.967,64.427
39.2,64.887,67.188,63.047,63.967
39.1,64.887,65.808,63.507,64.887
39,64.427,65.808,62.586,64.427
38.9,64.887,64.887,62.126,64.427
38.8,64.887,65.348,62.586,63.967
38.7,64.887,64.427,61.666,63.507
38.6,63.047,65.808,62.586,63.047
38.5,63.967,64.427,61.206,63.047
38.4,63.047,64.887,60.746,63.047
38.3,62.586,64.427,61.206,62.586
38.2,63.047,63.507,60.746,62.126
38.1,63.507,63.967,61.206,62.126
38,61.666,63.507,60.285,61.666
37.9,63.047,64.427,60.285,62.126
37.8,61.666,63.967,60.285,61.206
37.7,62.126,62.586,59.365,60.746
37.6,60.746,63.047,59.825,61.206
37.5,61.206,62.586,59.825,61.206
37.4,61.666,61.666,58.905,59.825
37.3,60.746,61.206,59.365,60.285
37.2,60.285,62.126,58.905,59.825
37.1,59.825,61.666,57.984,59.825
37,59.365,61.206,58.445,59.365
36.9,59.365,61.206,57.984,59.825
36.8,59.365,60.746,57.524,59.825
36.7,59.365,60.746,57.524,58.905
36.6,59.825,60.746,57.064,58.445
36.5,58.905,60.746,57.524,58.905
36.4,57.984,60.746,57.524,57.984
36.3,58.905,60.285,57.064,58.445
36.2,57.984,60.285,57.064,57.984
36.1,58.445,59.365,56.144,57.984
36,57.524,58.905,56.604,57.524
35.9,57.984,59.365,56.144,57.064
35.8,57.064,59.365,55.223,56.604
35.7,56.604,57.984,56.144,56.144
35.6,56.604,58.445,54.763,56.604
35.5,56.604,57.984,55.223,56.144
35.4,56.604,57.984,54.763,56.144
35.3,57.064,57.984,54.303,55.683
35.2,56.604,58.445,55.223,55.683
35.1,56.144,57.524,54.303,55.223
35,55.683,57.524,54.303,55.223
34.9,55.683,56.604,53.382,54.763
34.8,55.223,55.683,53.382,54.763
34.7,55.223,56.604,53.382,54.763
34.6,55.223,56.144,52.922,54.303
34.5,55.683,55.683,53.382,53.843
34.4,53.843,55.223,52.462,54.303
34.3,54.303,55.683,52.462,53.382
34.2,54.303,55.223,52.002,53.843
34.1,52.922,54.763,51.542,53.382
34,53.382,55.223,52.002,53.382
33.9,53.382,55.223,51.082,52.922
33.8,52.922,54.303,51.542,52.922
33.7,52.462,54.303,51.082,52.462
33.6,52.462,53.843,51.082,51.542
33.5,52.922,52.922,51.082,51.542
33.4,53.382,52.922,51.082,51.082
33.3,52.002,53.843,50.621,51.542
33.2,51.542,53.382,50.161,50.621
33.1,51.082,53.382,50.161,50.161
33,51.542,53.382,49.241,52.002
32.9,51.082,52.922,49.701,50.621
32.8,52.002,52.462,49.241,50.161
32.7,49.701,52.462,49.241,50.161
32.6,50.161,51.082,48.781,50.621
32.5,49.241,52.002,48.32,49.241
32.4,50.161,50.161,47.86,48.781
32.3,51.082,50.621,47.86,49.241
32.2,49.701,49.701,47.86,49.701
32.1,49.241,50.621,47.4,48.32
32,49.701,49.701,47.4,48.781
31.9,48.32,49.241,47.4,48.781
31.8,49.701,49.701,46.94,48.781
31.7,48.781,50.161,46.48,46.94
31.6,49.241,48.32,46.48,46.94
31.5,48.781,49.701,46.48,47.86
31.4,47.4,48.781,45.559,47.4
31.3,47.4,48.32,46.019,46.94
31.2,46.48,48.781,46.019,46.48
31.1,46.94,47.4,45.099,46.48
31,46.019,48.32,45.099,46.94
30.9,46.48,47.86,45.099,46.019
30.8,45.559,47.86,45.099,45.559
30.7,45.559,48.32,44.639,45.099
30.6,45.099,46.48,45.099,45.099
30.5,45.099,47.4,43.718,45.099
30.4,46.019,46.019,44.179,44.179
30.3,45.559,45.559,43.258,44.639
30.2,46.019,45.559,43.718,44.639
30.1,45.099,45.559,44.179,44.179
30,43.718,46.48,43.718,44.179
29.9,43.258,45.559,43.258,43.718
29.8,44.179,45.099,42.798,43.718
29.7,43.718,44.639,42.338,43.258
29.6,43.258,44.639,42.338,43.258
29.5,43.718,45.099,41.878,42.338
29.4,43.258,44.639,41.417,43.258
29.3,43.718,44.179,41.878,42.798
29.2,42.798,43.718,41.878,41.878
29.1,42.338,43.718,40.957,42.338
29,42.338,43.258,40.957,41.417
28.9,41.417,42.798,40.957,41.878
28.8,41.417,42.798,40.957,40.957
28.7,41.417,41.878,39.577,40.957
28.6,41.417,42.338,39.577,40.037
28.5,41.878,42.338,40.037,40.497
28.4,41.417,41.417,40.497,40.497
28.3,41.878,41.417,39.577,40.037
28.2,41.878,40.957,39.577,40.037
28.1,39.577,40.497,38.196,40.037
28,40.037,40.497,39.116,39.577
27.9,40.037,41.417,38.196,38.656
27.8,38.656,41.417,39.116,40.037
27.7,40.497,40.957,38.196,39.577
27.6,37.736,39.577,37.736,39.116
27.5,39.577,40.037,37.736,38.656
27.4,39.577,40.037,37.736,38.656
27.3,37.276,38.656,37.736,37.736
27.2,38.196,40.037,37.276,37.276
27.1,38.196,40.497,37.276,38.196
27,37.276,38.656,36.355,37.736
26.9,36.816,38.656,35.895,38.196
26.8,37.736,39.116,35.895,37.276
26.7,36.355,37.736,36.355,35.435
26.6,37.276,39.577,35.895,35.435
26.5,36.355,38.196,35.895,36.816
26.4,37.736,38.196,34.975,36.355
26.3,35.435,36.355,35.435,36.355
26.2,36.816,38.656,34.975,35.895
26.1,34.975,35.895,34.975,35.895
26,35.895,38.196,34.975,35.895
25.9,34.975,34.975,34.515,34.515
25.8,34.054,34.975,34.054,35.435
25.7,34.975,36.355,34.054,34.975
25.6,34.975,34.515,33.594,34.515
25.5,35.435,36.355,33.134,34.515
25.4,34.515,34.054,32.674,33.134
25.3,34.975,34.975,33.134,33.594
25.2,34.515,35.435,32.214,33.594
25.1,34.515,33.594,32.214,32.214
25,32.674,34.975,32.674,33.594
24.9,32.674,32.674,32.214,33.134
24.8,33.134,33.594,32.214,31.293
24.7,32.214,33.594,31.293,31.293
24.6,31.293,33.134,32.214,32.674
24.5,32.214,33.134,31.293,32.214
24.4,32.674,33.134,30.833,31.753
24.3,31.753,33.594,30.833,31.753
24.2,31.753,32.674,30.833,30.373
24.1,31.753,31.293,30.373,31.293
24,30.373,31.753,30.373,31.293
23.9,30.373,30.833,29.913,31.293
23.8,31.293,31.293,29.913,30.373
23.7,30.373,31.753,29.913,29.913
23.6,30.373,31.293,29.913,29.913
23.5,30.373,30.833,29.452,29.452
23.4,30.373,30.833,29.452,29.452
23.3,29.913,29.913,28.992,29.452
23.2,29.452,30.373,28.992,28.992
23.1,28.992,29.913,28.532,28.992
23,28.992,29.452,28.532,28.532
22.9,28.992,28.992,28.532,28.072
22.8,28.532,29.452,28.532,28.072
22.7,28.532,28.992,27.612,28.532
22.6,28.072,28.992,27.612,27.612
22.5,28.532,28.992,27.612,27.151
22.4,27.151,28.072,27.151,27.151
22.3,28.072,28.992,27.151,26.231
22.2,28.072,27.151,27.151,28.072
22.1,26.691,27.612,27.151,26.691
22,26.231,28.072,25.771,26.231
21.9,26.691,28.072,25.771,26.691
21.8,26.231,27.151,26.691,26.691
21.7,25.771,26.231,25.311,26.691
21.6,25.311,26.231,26.231,25.771
21.5,27.151,27.612,25.771,24.85
21.4,25.311,25.771,26.231,25.771
21.3,26.691,27.151,25.311,24.85
21.2,24.39,25.771,24.39,24.85
21.1,24.39,24.85,24.39,25.311
21,25.771,24.85,25.771,23.93
20.9,23.93,25.771,23.01,24.85
20.8,23.93,24.39,23.47,23.47
20.7,23.01,24.85,23.47,23.47
20.6,23.47,23.93,23.01,23.01
20.5,23.93,24.85,23.93,23.47
20.4,22.549,24.39,23.93,22.549
20.3,22.549,22.549,23.47,23.93
20.2,22.549,22.549,23.01,22.549
20.1,23.47,25.311,22.549,22.089
20,21.629,22.089,22.089,23.47
19.9,21.629,22.089,22.089,23.01
19.8,24.39,22.549,22.089,21.629
19.7,21.169,22.089,22.089,22.549
19.6,21.169,24.39,21.169,22.089
19.5,22.549,22.089,21.629,20.709
19.4,22.089,23.47,21.169,21.629
19.3,20.709,22.549,21.169,21.629
19.2,21.169,22.549,20.709,19.788
19.1,21.169,22.089,20.709,21.169
19,20.709,20.249,19.788,19.788
18.9,18.868,20.249,19.328,20.709
18.8,20.249,18.868,19.328,17.948
18.7,20.249,21.169,20.249,20.249
18.6,20.249,19.788,20.709,19.328
18.5,20.249,18.868,20.249,18.868
18.4,17.948,18.408,18.408,19.788
18.3,17.948,18.408,17.948,18.868
18.2,17.948,20.249,19.788,18.868
18.1,18.408,17.487,17.948,17.487
18,19.328,18.408,18.408,18.408
17.9,16.567,19.788,18.408,18.868
17.8,18.408,19.788,17.027,18.408
17.7,17.027,18.408,16.567,17.948
17.6,18.868,16.567,17.487,18.408
17.5,18.408,17.027,17.948,16.107
17.4,16.567,16.107,17.948,17.027
17.3,18.408,17.487,17.948,16.567
17.2,17.487,17.948,16.567,16.567
17.1,15.647,16.107,15.647,17.027
17,17.027,17.027,15.647,17.027
16.9,16.107,15.647,16.107,16.107
16.8,15.647,17.027,16.107,16.107
16.7,15.647,17.027,15.647,15.647
16.6,16.107,16.567,15.186,15.186
16.5,14.726,15.647,15.647,15.186
16.4,15.647,15.647,15.186,15.186
16.3,14.266,15.647,15.186,15.186
16.2,14.726,15.186,14.726,15.186
16.1,14.726,15.186,14.266,14.266
16,14.726,14.726,14.726,14.266
15.9,14.266,14.726,14.266,14.726
15.8,14.726,14.726,14.266,13.806
15.7,14.266,14.266,12.885,14.266
15.6,14.266,14.266,14.266,13.806
15.5,14.726,14.266,13.346,13.346
15.4,12.425,14.266,12.425,13.806
15.3,14.266,13.806,13.806,12.885
15.2,13.806,13.806,12.885,13.346
15.1,12.885,13.346,13.806,13.806
15,12.425,12.885,13.806,12.885
14.9,11.045,13.806,12.425,11.965
14.8,13.346,13.806,11.965,11.965
14.7,12.425,11.965,11.965,12.425
14.6,12.425,12.425,12.885,12.425
14.5,11.965,12.885,12.425,12.425
14.4,11.045,12.425,11.965,11.965
14.3,11.045,11.505,11.045,11.045
14.2,11.505,11.965,11.965,12.425
14.1,10.124,10.584,10.124,12.425
14,10.124,11.505,11.505,11.045
13.9,11.505,10.124,9.6641,10.584
13.8,10.124,9.6641,10.124,8.7437
13.7,9.6641,9.6641,10.124,9.6641
13.6,9.6641,10.124,9.6641,9.2039
13.5,10.124,9.2039,8.7437,9.6641
13.4,9.6641,10.584,9.6641,9.2039
13.3,9.2039,9.6641,9.2039,9.2039
13.2,8.7437,9.2039,9.2039,9.6641
13.1,8.7437,9.2039,8.7437,9.6641
13,9.6641,9.2039,9.6641,10.124
12.9,10.124,8.7437,8.7437,8.7437
12.8,8.2835,8.7437,8.2835,8.2835
12.7,8.2835,7.3631,8.2835,8.7437
12.6,8.2835,8.2835,8.2835,7.8233
12.5,7.8233,9.2039,8.2835,8.2835
12.4,6.9029,8.7437,7.8233,6.4427
12.3,6.9029,7.8233,7.3631,7.8233
12.2,6.9029,9.2039,7.8233,7.8233
12.1,7.3631,6.4427,7.3631,6.4427
12,7.3631,6.9029,6.9029,6.4427
11.9,7.3631,7.8233,7.3631,7.3631
11.8,6.9029,7.3631,6.4427,5.5223
11.7,7.3631,6.9029,5.9825,6.9029
11.6,6.4427,6.9029,6.4427,6.4427
11.5,5.9825,6.4427,5.9825,5.5223
11.4,5.5223,6.4427,5.0621,5.5223
11.3,4.6019,5.9825,5.9825,5.9825
11.2,5.0621,6.4427,5.9825,3.6816
11.1,5.5223,5.5223,5.5223,5.5223
11,5.0621,5.9825,5.5223,5.5223
10.9,5.0621,5.5223,5.0621,3.6816
10.8,5.0621,4.1417,4.6019,5.0621
10.7,4.6019,5.0621,5.0621,4.1417
10.6,4.1417,5.5223,4.6019,4.1417
10.5,4.6019,5.0621,5.0621,3.2214
10.4,4.1417,4.1417,3.6816,4.1417
10.3,4.6019,4.1417,4.1417,3.6816
10.2,3.6816,3.2214,3.6816,2.7612
10.1,3.2214,3.6816,3.2214,2.7612
10,3.6816,2.7612,4.1417,3.2214
9.9,2.301,3.2214,2.7612,3.2214
9.8,2.7612,2.301,2.7612,1.8408
9.7,2.7612,3.2214,2.301,1.3806
9.6,1.8408,2.7612,2.301,1.3806
9.5,2.301,2.301,2.301,1.3806
9.4,1.3806,1.8408,1.8408,1.3806
9.3,1.3806,0.92039,1.8408,1.3806
9.2,0.92039,1.3806,2.301,0.92039
9.1,0.46019,2.301,1.8408,1.3806
9,0.46019,1.3806,1.3806,0.92039
8.9,0.92039,1.8408,1.3806,0
8.8,0,0.92039,0.92039,0
8.7,0,0,0,0
8.6,0,0,0,0
8.5,0,0,0,0
8.4,0,0,0,0
8.3,0,0,0,0
8.2,0,0,0,0
8.1,0,0,0,0
8,0,0,0,0
7.9,0,0,0,0
7.8,0,0,0,0
7.7,0,0,0,0
7.6,0,0,0,0
7.5,0,0,0,0
7.4,0,0,0,0
7.3,0,0,0,0
7.2,0,0,0,0
7.1,0,0,0,0
7,0,0,0,0
6.9,0,0,0,0
6.8,0,0,0,0
6.7,0,0,0,0
6.6,0,0,0,0
6.5,0,0,0,0
6.4,0,0,0,0
6.3,0,0,0,0
6.2,0,0,0,0
6.1,0,0,0,0
6,0,0,0,0
5.9,0,0,0,0
5.8,0,0,0,0
5.7,0,0,0,0
5.6,0,0,0,0
5.5,0,0,0,0
5.4,0,0,0,0
5.3,0,0,0,0
5.2,0,0,0,0
5.1,0,0,0,0
5,0,0,0,0
4.9,0,0,0,0
4.8,0,0,0,0
4.7,0,0,0,0
4.6,0,0,0,0
4.5,0,0,0,0
4.4,0,0,0,0
4.3,0,0,0,0
4.2,0,0,0,0
4.1,0,0,0,0
4,0,0,0,0
3.9,0,0,0,0
3.8,0,0,0,0
3.7,0,0,0,0
3.6,0,0,0,0
3.5,0,0,0,0
3.4,0,0,0,0
3.3,0,0,0,0
3.2,0,0,0,0
3.1,0,0,0,0
3,0,0,0,0
2.9,0,0,0,0
2.8,0,0,0,0
2.7,0,0,0,0
2.6,0,0,0,0
2.5,0,0,0,0
2.4,0,0,0,0
2.3,0,0,0,0
2.2,0,0,0,0
2.1,0,0,0,0
2,0,0,0,0
1.9,0,0,0,0
1.8,0,0,0,0
1.7,0,0,0,0
1.6,0,0,0,0
1.5,0,0,0,0
1.4,0,0,0,0
1.3,0,0,0,0
1.2,0,0,0,0
1.1,0,0,0,0
1,0,0,0,0
0.9,0,0,0,0
0.8,0,0,0,0
0.7,0,0,0,0
0.6,0,0,0,0
0.5,0,0,0,0
0.4,0,0,0,0
0.3,0,0,0,0
0.2,0,0,0,0
0.099998,0,0,0,0
-2e-06,0,0,0,0
-0.1,0,0,0,0
-0.2,0,0,0,0
-0.3,0,0,0,0
-0.4,0,0,0,0
-0.5,0,0,0,0
-0.6,0,0,0,0
-0.7,0,0,0,0
-0.8,0,0,0,0
-0.9,0,0,0,0
-1,0,0,0,0
-1.1,0,0,0,0
-1.2,0,0,0,0
-1.3,0,0,0,0
-1.4,0,0,0,0
-1.5,0,0,0,0
-1.6,0,0,0,0
-1.7,0,0,0,0
-1.8,0,0,0,0
-1.9,0,0,0,0
-2,0,0,0,0
-2.1,0,0,0,0
-2.2,0,0,0,0
-2.3,0,0,0,0
-2.4,0,0,0,0
-2.5,0,0,0,0
-2.6,0,0,0,0
-2.7,0,0,0,0
-2.8,0,0,0,0
-2.9,0,0,0,0
-3,0,0,0,0
-3.1,0,0,0,0
-3.2,0,0,0,0
-3.3,0,0,0,0
-3.4,0,0,0,0
-3.5,0,0,0,0
-3.6,0,0,0,0
-3.7,0,0,0,0
-3.8,0,0,0,0
-3.9,0,0,0,0
-4,0,0,0,0
-4.1,0,0,0,0
-4.2,0,0,0,0
-4.3,0,0,0,0
-4.4,0,0,0,0
-4.5,0,0,0,0
-4.6,0,0,0,0
-4.7,0,0,0,0
-4.8,0,0,0,0
-4.9,0,0,0,0
-5,0,0,0,0
-5.1,0,0,0,0
-5.2,0,0,0,0
-5.3,0,0,0,0
-5.4,0,0,0,0
-5.5,0,0,0,0
-5.6,0,0,0,0
-5.7,0,0,0,0
-5.8,0,0,0,0
-5.9,0,0,0,0
-6,0,0,0,0
-6.1,0,0,0,0
-6.2,0,0,0,0
-6.3,0,0,0,0
-6.4,0,0,0,0
-6.5,0,0,0,0
-6.6,0,0,0,0
-6.7,0,0,0,0
-6.8,0,0,0,0
-6.9,0,0,0,0
-7,0,0,0,0
-7.1,0,0,0,0
-7.2,0,0,0,0
-7.3,0,0,0,0
-7.4,0,0,0,0
-7.5,0,0,0,0
-7.6,0,0,0,0
-7.7,0,0,0,0
-7.8,0,0,0,0
-7.9,0,0,0,0
-8,0,0,0,0
-8.1,0,0,0,0
-8.2,0,0,0,0
-8.3,0,0,0,0
-8.4,0,0,0,0
-8.5,0,0,0,0
-8.6,0,0,0,0
-8.7,0,0,0,0
-8.8,-0.92039,-0.92039,-0.46019,0
-8.9,-0.92039,-0.92039,-0.92039,-0.46019
-9,-1.3806,-1.8408,-0.92039,-0.46019
-9.1,-1.3806,-0.92039,-0.92039,-0.92039
-9.2,-1.8408,-1.8408,-1.8408,-1.3806
-9.3,-1.3806,-2.301,-2.301,-0.92039
-9.4,-2.301,-2.301,-1.8408,-2.301
-9.5,-1.8408,-1.8408,-2.301,-2.7612
-9.6,-2.301,-2.301,-2.301,-1.3806
-9.7,-1.8408,-3.2214,-3.2214,-1.8408
-9.8,-1.8408,-3.2214,-2.7612,-2.7612
-9.9,-2.301,-2.7612,-2.301,-3.2214
-10,-2.7612,-3.6816,-3.6816,-2.301
-10.1,-3.6816,-3.6816,-2.7612,-2.7612
-10.2,-2.7612,-4.1417,-4.1417,-2.301
-10.3,-2.7612,-4.6019,-3.2214,-2.7612
-10.4,-4.6019,-3.2214,-4.1417,-3.6816
-10.5,-4.1417,-3.6816,-4.6019,-2.7612
-10.6,-4.6019,-4.6019,-4.1417,-4.6019
-10.7,-3.2214,-3.6816,-5.5223,-5.0621
-10.8,-3.2214,-3.6816,-4.6019,-4.1417
-10.9,-4.6019,-3.6816,-5.5223,-4.6019
-11,-4.6019,-6.4427,-5.0621,-5.5223
-11.1,-5.5223,-5.9825,-5.5223,-5.5223
-11.2,-5.5223,-5.5223,-5.0621,-5.5223
-11.3,-5.9825,-5.9825,-5.9825,-5.5223
-11.4,-6.4427,-6.9029,-5.9825,-5.9825
-11.5,-5.9825,-5.5223,-6.4427,-5.5223
-11.6,-6.4427,-5.9825,-6.4427,-6.4427
-11.7,-6.9029,-7.3631,-6.4427,-6.9029
-11.8,-6.4427,-5.9825,-6.4427,-6.4427
-11.9,-6.4427,-7.3631,-6.4427,-5.9825
-12,-7.8233,-7.3631,-7.3631,-7.3631
-12.1,-7.8233,-6.4427,-7.3631,-6.9029
-12.2,-6.4427,-8.2835,-7.3631,-8.2835
-12.3,-7.3631,-7.3631,-7.8233,-6.4427
-12.4,-7.8233,-6.9029,-8.2835,-7.3631
-12.5,-7.8233,-7.8233,-7.8233,-7.8233
-12.6,-7.8233,-7.8233,-7.8233,-7.8233
-12.7,-7.8233,-8.2835,-8.7437,-7.8233
-12.8,-8.7437,-8.2835,-9.2039,-8.7437
-12.9,-8.7437,-10.124,-8.7437,-8.2835
-13,-7.3631,-7.8233,-9.6641,-8.2835
-13.1,-8.2835,-8.7437,-9.6641,-8.2835
-13.2,-8.7437,-10.584,-8.7437,-8.7437
-13.3,-10.584,-9.2039,-9.2039,-8.7437
-13.4,-10.584,-10.584,-9.2039,-10.584
-13.5,-9.2039,-9.6641,-9.6641,-9.6641
-13.6,-9.2039,-11.965,-9.6641,-9.6641
-13.7,-9.6641,-9.6641,-10.584,-9.2039
-13.8,-11.505,-11.045,-10.124,-10.124
-13.9,-10.584,-11.965,-10.584,-11.045
-14,-11.505,-11.505,-11.505,-10.124
-14.1,-11.965,-10.584,-12.425,-10.584
-14.2,-11.045,-10.584,-11.045,-10.124
-14.3,-10.584,-11.045,-11.505,-11.505
-14.4,-11.965,-12.425,-11.965,-11.505
-14.5,-12.885,-11.505,-11.045,-10.584
-14.6,-13.346,-12.885,-11.965,-12.425
-14.7,-13.346,-12.885,-11.965,-11.045
-14.8,-12.425,-12.425,-12.885,-11.045
-14.9,-12.885,-11.965,-13.346,-12.885
-15,-12.885,-12.425,-13.346,-12.425
-15.1,-12.885,-12.885,-13.346,-12.885
-15.2,-11.965,-12.425,-12.885,-12.425
-15.3,-11.965,-13.806,-13.346,-13.806
-15.4,-14.266,-13.346,-13.346,-13.346
-15.5,-12.885,-13.806,-12.885,-13.346
-15.6,-14.266,-14.726,-13.806,-14.266
-15.7,-14.266,-14.726,-14.726,-14.726
-15.8,-13.806,-14.266,-13.806,-14.726
-15.9,-15.186,-14.726,-14.266,-14.266
-16,-14.726,-14.726,-14.266,-14.266
-16.1,-14.726,-15.186,-14.266,-13.806
-16.2,-14.266,-14.726,-14.726,-14.726
-16.3,-15.647,-15.186,-14.726,-15.186
-16.4,-15.186,-15.647,-15.647,-14.726
-16.5,-15.647,-16.107,-16.107,-14.726
-16.6,-17.027,-16.107,-15.647,-15.647
-16.7,-17.027,-16.107,-16.107,-15.186
-16.8,-16.567,-15.647,-15.647,-15.647
-16.9,-16.567,-17.027,-16.107,-16.107
-17,-16.567,-17.027,-17.027,-16.567
-17.1,-16.567,-16.107,-17.027,-16.567
-17.2,-17.487,-18.868,-17.487,-16.567
-17.3,-16.567,-17.948,-18.408,-17.487
-17.4,-16.107,-16.567,-17.948,-16.567
-17.5,-16.567,-17.487,-17.027,-17.948
-17.6,-16.567,-17.948,-16.567,-16.567
-17.7,-17.948,-17.487,-17.948,-17.027
-17.8,-18.408,-18.868,-19.328,-17.487
-17.9,-19.788,-20.249,-18.408,-17.027
-18,-17.948,-19.328,-17.948,-17.487
-18.1,-17.487,-18.868,-19.328,-19.788
-18.2,-19.328,-18.408,-18.408,-18.868
-18.3,-18.408,-19.328,-18.868,-18.868
-18.4,-19.788,-19.788,-19.328,-20.249
-18.5,-19.788,-18.408,-18.408,-18.868
-18.6,-18.868,-19.788,-20.249,-19.788
-18.7,-20.249,-21.629,-19.788,-19.788
-18.8,-19.788,-20.709,-19.788,-19.788
-18.9,-19.788,-20.709,-19.788,-19.328
-19,-20.249,-21.169,-20.249,-20.249
-19.1,-21.169,-20.709,-19.788,-20.709
-19.2,-20.709,-22.549,-20.709,-20.709
-19.3,-21.169,-19.788,-20.709,-22.089
-19.4,-20.709,-22.549,-21.169,-20.249
-19.5,-21.169,-20.709,-21.629,-20.709
-19.6,-20.249,-21.629,-22.089,-22.549
-19.7,-21.169,-22.089,-21.629,-22.089
-19.8,-22.549,-21.169,-22.089,-22.089
-19.9,-21.629,-22.549,-22.549,-21.169
-20,-21.629,-23.93,-22.089,-23.47
-20.1,-23.01,-25.311,-23.01,-22.549
-20.2,-23.47,-22.089,-23.01,-21.629
-20.3,-23.01,-22.549,-23.47,-22.089
-20.4,-23.47,-23.47,-22.549,-23.47
-20.5,-23.47,-23.93,-23.01,-23.01
-20.6,-24.39,-23.93,-23.01,-23.01
-20.7,-24.85,-26.231,-23.93,-23.01
-20.8,-24.39,-23.47,-23.93,-23.93
-20.9,-24.39,-25.311,-23.47,-23.93
-21,-23.47,-23.93,-23.47,-23.01
-21.1,-24.85,-26.231,-23.93,-24.85
-21.2,-23.93,-23.93,-23.93,-26.231
-21.3,-25.311,-24.85,-24.39,-26.231
-21.4,-25.311,-25.771,-24.39,-25.771
-21.5,-24.85,-26.231,-24.85,-24.85
-21.6,-25.311,-27.151,-26.231,-25.311
-21.7,-24.85,-26.691,-24.85,-26.691
-21.8,-25.311,-25.771,-25.771,-25.311
-21.9,-27.151,-28.072,-26.231,-27.612
-22,-27.151,-27.151,-25.771,-27.151
-22.1,-25.771,-27.151,-26.691,-26.231
-22.2,-26.691,-27.612,-27.151,-26.231
-22.3,-27.612,-28.532,-27.612,-26.691
-22.4,-26.691,-28.072,-26.231,-27.151
-22.5,-27.612,-28.072,-27.612,-27.612
-22.6,-27.612,-28.532,-26.691,-27.612
-22.7,-27.612,-28.992,-27.612,-28.072
-22.8,-28.532,-28.532,-28.532,-28.072
-22.9,-28.072,-28.992,-28.532,-28.992
-23,-28.532,-29.452,-28.072,-28.532
-23.1,-28.532,-29.452,-28.532,-28.992
-23.2,-28.992,-29.452,-28.532,-28.992
-23.3,-29.452,-29.913,-28.992,-28.992
-23.4,-29.913,-30.373,-29.452,-29.452
-23.5,-29.913,-30.373,-29.452,-29.452
-23.6,-29.913,-30.373,-29.913,-29.452
-23.7,-30.373,-31.293,-29.913,-29.913
-23.8,-30.833,-30.833,-29.913,-29.913
-23.9,-31.293,-31.293,-30.373,-29.913
-24,-31.293,-30.833,-30.373,-30.373
-24.1,-30.373,-31.753,-30.373,-31.293
-24.2,-30.833,-32.214,-30.833,-30.833
-24.3,-30.833,-32.214,-31.293,-31.293
-24.4,-31.753,-31.293,-32.214,-31.293
-24.5,-31.753,-31.753,-31.293,-31.293
-24.6,-32.674,-33.134,-31.753,-32.674
-24.7,-31.753,-34.054,-31.753,-31.753
-24.8,-32.214,-34.054,-32.674,-32.674
-24.9,-32.214,-34.054,-32.214,-31.753
-25,-33.594,-32.674,-32.674,-33.134
-25.1,-31.753,-32.674,-32.214,-32.674
-25.2,-33.134,-34.975,-33.134,-33.594
-25.3,-33.594,-34.515,-33.134,-33.594
-25.4,-32.674,-34.975,-33.594,-34.515
-25.5,-32.674,-34.975,-33.594,-34.515
-25.6,-32.674,-35.435,-34.054,-34.515
-25.7,-34.515,-34.054,-34.515,-35.435
-25.8,-33.134,-35.895,-34.054,-34.975
-25.9,-34.515,-34.515,-34.054,-35.435
-26,-34.054,-33.594,-34.975,-35.435
-26.1,-35.435,-37.276,-34.515,-35.435
-26.2,-35.895,-37.276,-34.054,-36.816
-26.3,-35.435,-38.656,-34.515,-36.816
-26.4,-34.975,-36.816,-34.975,-36.816
-26.5,-36.355,-37.736,-35.435,-36.355
-26.6,-35.895,-38.196,-35.435,-36.816
-26.7,-37.276,-37.276,-35.895,-37.276
-26.8,-36.355,-39.116,-36.355,-36.355
-26.9,-38.656,-38.656,-37.276,-35.895
-27,-36.816,-37.736,-37.276,-37.276
-27.1,-39.116,-38.656,-37.276,-37.736
-27.2,-37.736,-37.276,-36.355,-38.196
-27.3,-36.355,-40.037,-37.736,-37.276
-27.4,-36.816,-39.116,-38.196,-37.276
-27.5,-38.196,-39.577,-37.736,-39.116
-27.6,-38.656,-39.577,-37.736,-39.116
-27.7,-39.116,-39.577,-38.196,-38.196
-27.8,-38.196,-40.957,-37.736,-39.116
-27.9,-37.736,-40.497,-39.116,-38.656
-28,-40.957,-40.957,-39.116,-40.037
-28.1,-38.656,-41.878,-39.577,-40.497
-28.2,-40.037,-41.417,-39.577,-40.497
-28.3,-40.037,-40.497,-39.577,-39.577
-28.4,-40.957,-41.878,-39.577,-40.957
-28.5,-40.497,-40.037,-39.116,-40.497
-28.6,-40.957,-40.957,-40.037,-40.497
-28.7,-39.577,-41.417,-39.577,-41.417
-28.8,-41.417,-42.338,-40.957,-42.798
-28.9,-41.417,-41.878,-40.037,-41.417
-29,-42.338,-42.798,-40.957,-42.338
-29.1,-42.338,-42.338,-40.957,-41.878
-29.2,-42.338,-42.798,-41.417,-42.338
-29.3,-41.878,-43.258,-41.417,-42.338
-29.4,-42.798,-43.258,-41.878,-43.258
-29.5,-43.258,-43.718,-42.338,-43.718
-29.6,-43.258,-43.718,-42.338,-42.798
-29.7,-44.179,-44.179,-41.878,-43.258
-29.8,-43.258,-45.559,-43.258,-43.258
-29.9,-42.798,-44.179,-43.718,-43.258
-30,-43.258,-44.639,-43.258,-43.718
-30.1,-43.718,-45.099,-43.718,-44.179
-30.2,-45.099,-46.019,-43.258,-43.718
-30.3,-44.639,-46.48,-43.718,-44.639
-30.4,-45.099,-46.019,-43.718,-44.639
-30.5,-44.639,-46.019,-43.718,-44.639
-30.6,-45.559,-46.48,-43.718,-45.099
-30.7,-45.559,-46.019,-44.639,-45.559
-30.8,-45.099,-45.559,-45.099,-45.559
-30.9,-44.639,-46.94,-45.559,-46.019
-31,-46.019,-47.4,-44.639,-46.019
-31.1,-46.019,-48.781,-45.099,-46.019
-31.2,-46.48,-46.94,-46.019,-46.48
-31.3,-47.86,-48.32,-45.099,-46.94
-31.4,-46.019,-46.94,-46.48,-46.94
-31.5,-46.94,-48.781,-46.48,-47.4
-31.6,-46.48,-49.241,-46.94,-46.94
-31.7,-46.94,-47.86,-46.48,-47.86
-31.8,-46.94,-49.241,-46.94,-47.4
-31.9,-47.4,-49.701,-46.94,-48.781
-32,-47.4,-50.621,-47.4,-48.32
-32.1,-48.781,-48.32,-47.86,-48.32
-32.2,-47.86,-50.161,-47.86,-48.781
-32.3,-47.86,-50.621,-48.32,-49.241
-32.4,-50.621,-49.701,-48.32,-49.701
-32.5,-48.781,-50.621,-48.781,-50.161
-32.6,-49.241,-50.161,-48.32,-50.161
-32.7,-49.241,-50.161,-49.241,-49.701
-32.8,-48.32,-52.002,-48.781,-49.701
-32.9,-50.621,-50.621,-49.241,-50.621
-33,-50.161,-51.082,-50.621,-50.161
-33.1,-50.161,-52.002,-49.701,-51.082
-33.2,-50.621,-53.382,-50.621,-51.082
-33.3,-51.082,-53.382,-49.701,-51.082
-33.4,-51.542,-53.382,-50.621,-51.542
-33.5,-51.542,-53.843,-50.161,-51.542
-33.6,-50.621,-52.462,-50.621,-51.542
-33.7,-52.002,-53.382,-51.082,-51.542
-33.8,-51.082,-52.922,-51.082,-52.462
-33.9,-52.922,-53.382,-52.002,-52.462
-34,-54.303,-54.303,-51.542,-52.922
-34.1,-52.462,-53.843,-52.922,-52.922
-34.2,-53.843,-55.223,-51.542,-52.922
-34.3,-52.922,-53.843,-52.462,-52.922
-34.4,-52.922,-55.683,-52.002,-53.843
-34.5,-53.382,-54.763,-52.462,-53.382
-34.6,-53.843,-55.683,-53.382,-53.843
-34.7,-53.382,-56.144,-53.382,-54.763
-34.8,-54.303,-56.144,-53.382,-54.303
-34.9,-53.843,-55.683,-53.843,-54.763
-35,-54.763,-56.144,-53.382,-55.683
-35.1,-55.223,-56.604,-54.303,-54.763
-35.2,-54.763,-56.604,-54.303,-55.223
-35.3,-55.683,-57.524,-54.763,-55.683
-35.4,-56.144,-57.064,-54.763,-56.144
-35.5,-55.683,-57.524,-54.303,-56.144
-35.6,-55.223,-57.064,-55.223,-56.604
-35.7,-56.144,-57.984,-55.223,-57.064
-35.8,-56.144,-57.984,-55.223,-57.064
-35.9,-56.604,-57.984,-55.683,-57.064
-36,-57.064,-57.984,-56.144,-57.064
-36.1,-57.984,-58.905,-56.604,-57.064
-36.2,-57.524,-58.445,-56.604,-57.984
-36.3,-57.064,-59.365,-56.604,-57.524
-36.4,-57.984,-59.365,-57.064,-57.984
-36.5,-57.524,-60.285,-57.064,-57.984
-36.6,-58.445,-60.285,-57.524,-58.445
-36.7,-57.984,-59.825,-57.524,-58.445
-36.8,-59.365,-60.285,-57.524,-58.445
-36.9,-58.445,-60.285,-58.445,-59.365
-37,-58.445,-61.206,-57.984,-59.825
-37.1,-59.825,-60.746,-58.905,-59.365
-37.2,-59.825,-60.285,-58.445,-59.825
-37.3,-59.825,-61.206,-58.905,-59.825
-37.4,-60.285,-62.126,-58.445,-59.825
-37.5,-60.285,-61.206,-59.365,-60.746
-37.6,-61.206,-62.126,-59.365,-61.206
-37.7,-61.206,-62.126,-59.825,-60.746
-37.8,-60.746,-62.586,-60.285,-61.206
-37.9,-60.746,-63.047,-60.285,-61.666
-38,-60.746,-62.126,-60.285,-61.666
-38.1,-62.586,-62.586,-60.746,-61.206
-38.2,-61.206,-63.507,-60.285,-62.126
-38.3,-62.586,-63.967,-61.206,-62.586
-38.4,-61.666,-63.967,-60.746,-62.586
-38.5,-63.047,-64.887,-61.666,-63.047
-38.6,-62.586,-64.887,-61.666,-63.047
-38.7,-62.126,-64.887,-61.206,-62.586
-38.8,-63.967,-64.887,-61.666,-63.047
-38.9,-63.507,-63.967,-62.126,-63.967
-39,-63.507,-65.348,-62.586,-63.967
-39.1,-63.967,-64.427,-62.586,-64.427
-39.2,-63.507,-65.348,-62.586,-64.427
-39.3,-64.427,-65.808,-63.047,-63.967
-39.4,-64.887,-65.348,-63.507,-64.427
-39.5,-63.967,-66.268,-63.047,-65.348
-39.6,-63.967,-65.808,-63.507,-64.887
-39.7,-63.967,-65.808,-63.507,-64.887
-39.8,-64.887,-65.808,-63.967,-65.808
-39.9,-64.427,-66.268,-63.967,-65.808
-40,-65.808,-67.648,-64.427,-66.268
-40.1,-65.348,-67.188,-65.348,-66.268
-40.2,-66.268,-68.109,-64.887,-66.728
-40.3,-65.808,-68.109,-64.887,-66.728
-40.4,-65.808,-68.109,-65.808,-66.728
-40.5,-67.188,-68.109,-64.427,-66.268
-40.6,-66.728,-68.569,-66.268,-66.728
-40.7,-66.268,-68.109,-65.348,-67.188
-40.8,-67.188,-68.569,-67.188,-67.188
-40.9,-67.648,-68.569,-66.268,-67.648
-41,-67.188,-69.489,-66.728,-68.109
-41.1,-67.188,-69.489,-66.268,-68.109
-41.2,-68.109,-69.489,-66.728,-68.569
-41.3,-68.109,-70.87,-67.648,-68.569
-41.4,-69.949,-70.41,-67.188,-69.489
-41.5,-68.569,-70.41,-68.569,-69.489
-41.6,-69.029,-70.87,-67.648,-69.029
-41.7,-69.949,-71.33,-68.569,-69.489
-41.8,-69.489,-71.79,-68.569,-69.489
-41.9,-70.87,-70.87,-68.569,-70.87
-42,-69.949,-72.25,-69.489,-70.41
-42.1,-68.569,-71.79,-69.489,-70.87
-42.2,-71.33,-71.79,-68.109,-70.87
-42.3,-69.949,-71.79,-69.489,-70.87
-42.4,-69.949,-72.711,-69.949,-70.87
-42.5,-70.87,-73.171,-69.489,-71.33
-42.6,-69.949,-72.711,-70.41,-70.87
-42.7,-69.949,-73.171,-70.41,-71.79
-42.8,-71.79,-72.711,-70.41,-72.25
-42.9,-71.33,-73.631,-70.41,-72.25
-43,-72.25,-73.631,-70.87,-72.25
-43.1,-71.79,-74.091,-71.33,-72.711
-43.2,-73.171,-74.551,-70.41,-72.711
-43.3,-71.33,-74.091,-71.33,-73.171
-43.4,-71.79,-74.091,-71.33,-73.171
-43.5,-74.091,-74.551,-71.33,-73.171
-43.6,-73.171,-74.551,-71.33,-73.631
-43.7,-73.631,-74.551,-72.711,-73.631
-43.8,-73.631,-74.551,-73.171,-73.631
-43.9,-73.171,-75.472,-72.25,-74.551
-44,-75.472,-76.392,-72.25,-74.551
-44.1,-75.012,-77.313,-73.171,-74.551
-44.2,-74.091,-76.392,-73.631,-75.012
-44.3,-74.091,-76.392,-74.091,-75.012
-44.4,-75.012,-76.852,-74.091,-75.472
-44.5,-73.631,-76.852,-73.631,-75.472
-44.6,-74.551,-77.313,-73.631,-76.392
-44.7,-74.551,-77.313,-74.551,-76.392
-44.8,-75.472,-77.313,-73.631,-75.932
-44.9,-77.313,-77.773,-74.551,-75.932
-45,-76.392,-77.773,-75.012,-75.932
-45.1,-75.012,-77.773,-75.472,-76.852
-45.2,-76.852,-78.233,-75.012,-77.313
-45.3,-76.392,-79.153,-75.472,-76.852
-45.4,-76.392,-79.153,-75.472,-77.313
-45.5,-76.852,-79.153,-76.852,-76.852
-45.6,-78.233,-80.534,-75.932,-77.773
-45.7,-76.852,-79.153,-76.392,-78.233
-45.8,-77.313,-79.153,-77.313,-78.693
-45.9,-77.773,-80.074,-75.932,-77.773
-46,-77.313,-79.614,-77.313,-77.773
-46.1,-77.773,-79.614,-76.392,-78.693
-46.2,-77.313,-80.074,-77.773,-79.153
-46.3,-78.233,-80.534,-77.313,-78.693
-46.4,-77.773,-80.074,-77.773,-79.153
-46.5,-78.233,-80.534,-78.233,-80.534
-46.6,-78.693,-80.994,-78.693,-80.074
-46.7,-79.153,-81.454,-78.233,-80.074
-46.8,-80.074,-81.915,-78.693,-79.614
-46.9,-80.074,-81.915,-78.693,-80.534
-47,-79.153,-81.915,-78.693,-80.074
-47.1,-80.994,-82.835,-78.693,-81.454
-47.2,-79.614,-82.375,-79.153,-80.534
-47.3,-81.915,-81.915,-79.614,-80.994
-47.4,-80.534,-82.835,-79.614,-81.454
-47.5,-81.454,-83.295,-79.614,-81.454
-47.6,-80.994,-83.755,-80.074,-81.915
-47.7,-80.534,-83.755,-80.534,-81.915
-47.8,-82.375,-82.835,-80.534,-82.835
-47.9,-83.295,-83.295,-80.994,-82.835
-48,-82.375,-84.215,-81.454,-83.295
-48.1,-82.835,-83.755,-81.454,-82.835
-48.2,-82.375,-84.215,-80.994,-82.835
-48.3,-83.295,-84.676,-81.915,-83.755
-48.4,-83.755,-84.676,-81.915,-83.295
-48.5,-84.215,-85.136,-81.454,-83.755
-48.6,-83.295,-84.676,-81.454,-84.215
-48.7,-82.375,-85.136,-82.375,-83.755
-48.8,-84.215,-86.056,-82.835,-84.676
-48.9,-84.215,-86.056,-82.835,-84.676
-49,-83.295,-86.977,-82.835,-84.676
-49.1,-84.676,-86.977,-82.835,-84.215
-49.2,-83.755,-86.516,-82.835,-86.056
-49.3,-85.136,-86.977,-83.295,-85.136
-49.4,-85.136,-86.977,-83.755,-85.596
-49.5,-84.676,-86.977,-83.755,-86.056
-49.6,-86.516,-86.977,-83.755,-86.516
-49.7,-86.516,-87.897,-84.676,-86.516
-49.8,-85.596,-87.897,-84.215,-86.516
-49.9,-86.056,-87.437,-84.676,-86.516
-50,-85.596,-88.817,-84.215,-86.516
-50.1,-85.596,-88.357,-85.596,-87.437
-50.2,-86.516,-88.357,-85.596,-86.977
-50.3,-86.977,-88.357,-85.136,-86.977
-50.4,-87.437,-88.357,-85.596,-87.437
-50.5,-87.897,-88.817,-85.596,-87.897
-50.6,-86.516,-89.738,-86.516,-87.437
-50.7,-87.437,-89.738,-86.516,-87.897
-50.8,-88.817,-89.278,-86.977,-88.357
-50.9,-86.977,-89.278,-86.516,-88.357
-51,-88.817,-89.738,-86.977,-88.357
-51.1,-87.437,-89.738,-86.977,-89.278
-51.2,-89.278,-90.198,-86.516,-88.817
-51.3,-88.357,-91.118,-87.437,-89.278
-51.4,-88.817,-90.658,-87.437,-89.278
-51.5,-90.198,-91.579,-87.437,-89.738
-51.6,-89.738,-91.118,-87.897,-89.738
-51.7,-89.278,-91.579,-88.357,-89.738
-51.8,-89.278,-91.579,-88.357,-90.198
-51.9,-89.278,-91.579,-88.817,-90.658
-52,-89.278,-92.039,-88.817,-91.118
-52.1,-89.738,-92.499,-88.817,-91.118
-52.2,-90.198,-92.039,-89.738,-91.118
-52.3,-90.658,-92.959,-89.278,-91.118
-52.4,-91.118,-92.959,-89.278,-91.579
-52.5,-91.579,-92.959,-89.278,-91.579
-52.6,-90.658,-92.499,-89.278,-91.579
-52.7,-91.118,-93.88,-89.738,-92.039
-52.8,-92.039,-93.88,-89.738,-92.039
-52.9,-91.579,-93.419,-89.738,-92.499
-53,-92.959,-93.88,-89.738,-92.959
-53.1,-91.579,-93.88,-90.198,-92.499
-53.2,-92.499,-93.88,-91.118,-92.959
-53.3,-93.419,-94.34,-91.579,-92.959
-53.4,-92.499,-95.72,-91.118,-93.419
-53.5,-92.499,-94.8,-91.579,-92.959
-53.6,-93.88,-95.26,-91.579,-93.419
-53.7,-93.419,-95.72,-92.039,-93.88
-53.8,-94.34,-94.8,-92.039,-93.88
-53.9,-93.419,-96.641,-92.039,-93.419
-54,-94.8,-96.181,-92.499,-94.8
-54.1,-94.8,-96.181,-92.959,-94.8
-54.2,-94.8,-96.181,-92.499,-94.8
-54.3,-94.8,-96.641,-92.499,-94.8
-54.4,-94.34,-96.641,-92.959,-95.26
-54.5,-94.8,-97.561,-93.88,-95.26
-54.6,-95.72,-98.021,-93.88,-94.8
-54.7,-94.8,-98.021,-94.34,-95.72
-54.8,-95.26,-97.561,-94.34,-95.72
-54.9,-95.72,-97.561,-94.34,-95.72
-55,-94.8,-98.481,-94.34,-96.641
-55.1,-96.181,-98.481,-94.8,-96.641
-55.2,-97.101,-98.481,-93.88,-96.181
-55.3,-95.72,-98.481,-94.8,-97.561
-55.4,-96.641,-98.021,-95.26,-97.561
-55.5,-97.561,-99.862,-94.34,-97.561
-55.6,-96.641,-98.942,-95.26,-97.101
-55.7,-96.641,-99.402,-95.26,-97.561
-55.8,-97.101,-99.402,-95.72,-97.561
-55.9,-97.101,-99.862,-95.72,-98.021
-56,-97.101,-99.862,-96.181,-98.021
-56.1,-97.561,-100.78,-96.181,-98.481
-56.2,-98.481,-99.402,-96.181,-98.021
-56.3,-99.402,-100.32,-97.101,-98.481
-56.4,-98.481,-101.24,-97.101,-99.402
-56.5,-98.021,-100.78,-96.641,-98.942
-56.6,-99.862,-100.78,-97.561,-99.402
-56.7,-98.942,-100.78,-97.101,-98.942
-56.8,-98.481,-100.78,-97.101,-99.862
-56.9,-99.862,-100.78,-97.561,-99.402
-57,-99.402,-100.78,-98.481,-100.78
-57.1,-100.32,-101.7,-98.481,-100.32
-57.2,-100.32,-102.16,-98.942,-100.32
-57.3,-99.402,-102.62,-98.481,-100.78
-57.4,-101.24,-102.16,-98.481,-100.78
-57.5,-101.24,-102.16,-98.481,-101.24
-57.6,-101.24,-103.54,-99.402,-102.16
-57.7,-100.32,-102.62,-98.942,-101.24
-57.8,-100.78,-103.54,-98.942,-101.7
-57.9,-100.78,-103.54,-99.862,-102.16
-58,-100.78,-104,-99.402,-102.16
-58.1,-100.78,-103.08,-100.78,-102.16
-58.2,-102.16,-104.46,-99.862,-101.7
-58.3,-102.16,-104.46,-100.32,-102.62
-58.4,-102.16,-104,-100.32,-102.62
-58.5,-101.24,-104.46,-100.78,-102.62
-58.6,-103.08,-104.46,-100.78,-103.54
-58.7,-104,-104.92,-101.7,-102.62
-58.8,-102.62,-105.38,-100.78,-103.54
-58.9,-104,-105.84,-101.7,-103.08
-59,-102.62,-105.38,-101.7,-104
-59.1,-103.54,-105.38,-102.16,-104.46
-59.2,-102.62,-104.92,-102.16,-104
-59.3,-104,-106.3,-102.16,-104
-59.4,-105.38,-106.76,-102.62,-104.46
-59.5,-104,-105.84,-102.16,-105.38
-59.6,-103.54,-106.3,-103.08,-104.92
-59.7,-104,-106.76,-102.62,-104.92
-59.8,-104.92,-106.3,-103.54,-105.38
-59.9,-104.92,-108.15,-102.62,-105.84
-60,-104.92,-106.3,-103.54,-105.84
-60.1,-105.38,-107.23,-102.62,-105.84
-60.2,-104.92,-107.69,-103.54,-105.84
-60.3,-104.92,-107.23,-104.46,-105.84
-60.4,-104.92,-107.69,-104.46,-106.76
-60.5,-106.3,-108.15,-104,-106.3
-60.6,-106.76,-108.61,-104.46,-106.76
-60.7,-105.84,-109.07,-105.38,-106.76
-60.8,-106.3,-108.61,-104.92,-107.23
-60.9,-106.76,-108.61,-105.38,-107.23
-61,-106.3,-109.53,-104.92,-107.69
-61.1,-108.15,-109.53,-105.38,-107.23
-61.2,-106.76,-109.99,-105.38,-107.69
-61.3,-106.76,-109.53,-105.38,-108.61
-61.4,-108.61,-109.07,-105.84,-108.15
-61.5,-107.69,-109.53,-106.76,-108.61
-61.6,-107.23,-110.91,-106.3,-108.61
-61.7,-107.23,-109.99,-105.84,-109.07
-61.8,-109.53,-111.37,-106.76,-108.61
-61.9,-109.07,-109.99,-106.3,-108.15
-62,-109.07,-110.91,-107.23,-108.61
-62.1,-109.99,-110.91,-106.3,-109.53
-62.2,-109.99,-111.83,-107.23,-110.45
-62.3,-110.45,-111.37,-106.76,-109.99
-62.4,-108.61,-111.37,-107.69,-109.53
-62.5,-108.61,-111.83,-108.15,-109.99
-62.6,-110.45,-112.29,-108.15,-110.45
-62.7,-110.91,-112.29,-108.15,-110.45
-62.8,-109.99,-112.29,-108.15,-110.91
-62.9,-110.45,-111.83,-108.15,-110.45
-63,-110.45,-111.83,-109.07,-110.91
-63.1,-110.45,-112.29,-109.07,-110.91
-63.2,-111.83,-112.29,-108.61,-110.91
-63.3,-110.91,-113.67,-108.61,-111.83
-63.4,-111.37,-114.13,-109.07,-111.83
-63.5,-111.83,-113.67,-109.99,-111.37
-63.6,-111.37,-112.75,-109.99,-111.83
-63.7,-110.45,-113.67,-109.99,-112.29
-63.8,-111.37,-113.67,-109.99,-112.29
-63.9,-112.75,-114.13,-110.45,-112.75
-64,-113.67,-114.59,-109.99,-112.29
-64.1,-113.21,-114.13,-110.91,-112.75
-64.2,-113.67,-115.05,-110.45,-112.75
-64.3,-114.13,-115.05,-111.37,-112.75
-64.4,-113.67,-114.59,-110.91,-114.13
-64.5,-113.67,-115.51,-111.37,-113.21
-64.6,-112.75,-115.97,-111.83,-113.67
-64.7,-113.21,-115.51,-112.29,-115.05
-64.8,-114.13,-115.51,-111.37,-114.13
-64.9,-113.67,-115.51,-111.83,-114.59
-65,-113.21,-115.97,-111.83,-114.59
-65.1,-115.05,-115.97,-112.75,-115.05
-65.2,-113.67,-115.97,-112.75,-114.59
-65.3,-115.51,-116.43,-112.75,-115.05
-65.4,-113.67,-116.43,-113.21,-115.05
-65.5,-115.51,-117.35,-112.75,-115.05
-65.6,-114.59,-117.35,-113.21,-115.51
-65.7,-114.59,-117.35,-113.67,-115.97
-65.8,-116.43,-116.89,-113.67,-115.97
-65.9,-115.97,-118.27,-113.67,-116.43
-66,-115.51,-117.81,-113.21,-116.43
-66.1,-115.05,-117.81,-115.05,-115.97
-66.2,-115.05,-118.27,-113.67,-116.89
-66.3,-115.51,-118.73,-115.05,-116.43
-66.4,-115.51,-118.27,-114.13,-117.35
-66.5,-115.51,-119.19,-115.51,-117.35
-66.6,-116.43,-118.73,-114.59,-117.81
-66.7,-116.89,-118.73,-114.59,-117.35
-66.8,-118.27,-119.65,-115.51,-117.81
-66.9,-117.81,-120.57,-116.43,-118.27
-67,-116.89,-120.11,-115.51,-118.27
-67.1,-118.27,-120.57,-115.51,-118.27
-67.2,-118.27,-120.57,-115.97,-118.27
-67.3,-117.81,-120.57,-115.51,-117.81
-67.4,-118.73,-120.57,-115.97,-119.65
-67.5,-117.35,-121.03,-116.43,-118.27
-67.6,-118.73,-120.57,-115.97,-118.73
-67.7,-118.73,-120.57,-116.43,-119.65
-67.8,-117.81,-121.03,-117.35,-120.11
-67.9,-119.65,-121.95,-117.35,-120.11
-68,-120.11,-121.49,-117.35,-120.11
-68.1,-119.19,-121.49,-116.89,-120.11
-68.2,-119.19,-122.41,-118.27,-120.11
-68.3,-118.73,-121.95,-118.27,-120.57
-68.4,-119.19,-121.95,-117.81,-121.03
-68.5,-119.19,-122.41,-118.27,-121.49
-68.6,-119.65,-121.49,-118.27,-121.03
-68.7,-119.65,-123.33,-118.73,-120.57
-68.8,-119.65,-123.33,-119.65,-121.49
-68.9,-120.57,-122.87,-118.73,-121.95
-69,-121.49,-122.41,-118.73,-121.49
-69.1,-121.49,-122.87,-119.65,-121.49
-69.2,-120.57,-123.79,-119.65,-121.49
-69.3,-121.95,-123.33,-119.65,-122.41
-69.4,-121.95,-124.25,-119.65,-121.95
-69.5,-121.03,-124.71,-119.65,-122.87
-69.6,-122.87,-123.79,-119.65,-122.41
-69.7,-121.49,-124.25,-120.11,-122.41
-69.8,-122.87,-124.71,-120.11,-123.33
-69.9,-123.33,-124.71,-120.57,-123.79
-70,-121.49,-124.71,-120.57,-123.79
-70.1,-123.33,-125.17,-121.49,-123.33
-70.2,-124.25,-125.63,-121.03,-122.87
-70.3,-122.87,-125.17,-121.03,-123.33
-70.4,-122.87,-126.09,-121.95,-123.79
-70.5,-122.41,-125.17,-121.03,-123.79
-70.6,-122.87,-126.55,-121.49,-124.25
-70.7,-122.87,-125.63,-121.95,-125.17
-70.799,-122.87,-126.09,-121.95,-124.71
-70.899,-123.33,-127.01,-121.95,-124.25
-70.999,-123.79,-126.55,-122.87,-124.71
-71.099,-124.71,-125.63,-121.95,-125.17
-71.199,-126.09,-127.01,-123.33,-125.17
-71.299,-124.71,-127.01,-123.33,-126.09
-71.399,-123.79,-128.39,-123.33,-125.17
-71.499,-125.63,-127.47,-123.33,-126.09
-71.599,-125.17,-128.39,-122.87,-125.63
-71.699,-125.17,-127.93,-123.33,-126.09
-71.799,-126.09,-127.47,-123.33,-126.55
-71.899,-126.09,-127.93,-123.79,-126.09
-71.999,-125.17,-127.93,-123.33,-127.01
-72.099,-126.55,-128.85,-123.79,-127.47
-72.199,-125.63,-128.85,-123.79,-127.01
-72.299,-126.09,-128.39,-125.17,-127.47
-72.399,-127.93,-129.31,-125.17,-126.55
-72.499,-127.47,-128.85,-124.71,-127.01
-72.599,-127.01,-129.77,-124.71,-127.47
-72.699,-126.09,-129.31,-125.63,-128.39
-72.799,-126.55,-129.77,-125.17,-127.93
-72.899,-126.55,-129.31,-126.55,-128.85
-72.999,-127.01,-130.23,-125.63,-128.39
-73.099,-127.01,-130.7,-126.55,-128.39
-73.199,-127.47,-130.23,-126.09,-129.31
-73.299,-128.85,-130.7,-126.55,-128.85
-73.399,-129.31,-130.7,-127.01,-128.85
-73.499,-128.39,-131.16,-126.55,-129.77
-73.599,-127.47,-132.08,-126.09,-129.31
-73.699,-129.31,-132.08,-127.01,-129.77
-73.799,-129.31,-132.08,-127.01,-129.77
-73.899,-128.39,-132.08,-127.93,-129.77
-73.999,-130.23,-131.62,-127.93,-130.23
-74.099,-129.31,-131.62,-128.39,-129.31
-74.199,-130.23,-131.62,-128.39,-129.77
-74.299,-129.77,-132.54,-127.93,-130.7
-74.399,-128.85,-133,-127.93,-131.62
-74.499,-131.16,-132.54,-127.93,-131.16
-74.599,-131.16,-133,-127.93,-131.62
-74.699,-130.23,-133,-129.31,-131.62
-74.799,-129.77,-132.54,-128.85,-131.62
-74.899,-130.23,-133.92,-128.39,-132.08
-74.999,-131.16,-133.46,-129.77,-132.08
-75.099,-131.62,-133,-128.85,-132.08
-75.199,-132.08,-134.38,-130.23,-132.08
-75.299,-131.62,-133.92,-128.85,-132.08
-75.399,-131.16,-133.46,-130.23,-133
-75.499,-131.16,-134.84,-129.77,-132.54
-75.599,-131.62,-135.3,-129.77,-132.08
-75.699,-133.46,-134.84,-131.16,-133
-75.799,-132.54,-135.3,-130.23,-132.54
-75.899,-131.62,-134.84,-130.23,-133.46
-75.999,-133.92,-135.3,-130.23,-133.46
-76.099,-132.54,-134.84,-131.16,-133.46
-76.199,-133,-135.76,-131.16,-134.38
-76.299,-133,-136.22,-131.62,-133.46
-76.399,-133.46,-135.76,-131.62,-133.92
-76.499,-133,-135.3,-132.08,-134.84
-76.599,-134.38,-136.22,-131.62,-135.3
-76.699,-133.92,-136.68,-131.62,-135.3
-76.799,-133.46,-135.76,-132.08,-135.3
-76.899,-133.46,-136.68,-133,-134.84
-76.999,-134.84,-137.14,-133,-135.3
-77.099,-135.3,-136.68,-132.08,-135.3
-77.199,-136.22,-137.6,-133,-135.76
-77.299,-135.3,-137.6,-132.54,-136.22
-77.399,-135.3,-137.14,-133.46,-135.76
-77.499,-136.22,-138.52,-133,-135.76
-77.599,-136.68,-138.06,-133,-136.22
-77.699,-136.22,-137.6,-133,-136.68
-77.799,-135.3,-137.6,-134.38,-136.22
-77.899,-135.3,-138.06,-133.92,-137.14
-77.999,-136.68,-138.98,-133,-136.68
-78.099,-136.68,-138.98,-134.38,-137.6
-78.199,-135.3,-139.44,-134.84,-136.68
-78.299,-138.06,-139.44,-134.84,-137.6
-78.399,-135.76,-139.9,-134.84,-137.6
-78.499,-138.06,-139.44,-134.84,-137.6
-78.599,-136.22,-138.98,-135.3,-138.06
-78.699,-138.06,-138.98,-135.76,-138.98
-78.799,-137.14,-140.36,-136.22,-138.52
-78.899,-136.68,-139.9,-136.22,-138.52
-78.999,-138.52,-139.44,-135.76,-138.52
-79.099,-138.06,-141.28,-135.76,-138.06
-79.199,-138.06,-139.9,-135.76,-138.98
-79.299,-137.14,-141.28,-137.14,-138.52
-79.399,-137.6,-140.36,-135.76,-139.44
-79.499,-138.06,-141.74,-136.22,-139.9
-79.599,-138.06,-140.36,-137.14,-139.9
-79.699,-138.06,-141.28,-137.14,-138.98
-79.799,-138.52,-142.2,-137.14,-139.9
-79.899,-139.44,-141.28,-137.6,-140.82
-79.999,-140.36,-141.28,-137.14,-139.9
-80.099,-141.28,-142.2,-138.06,-140.36
-80.199,-138.98,-142.2,-138.06,-140.82
-80.299,-139.44,-142.2,-137.14,-140.82
-80.399,-141.28,-142.66,-138.06,-140.82
-80.499,-139.9,-143.12,-138.52,-141.74
-80.599,-142.2,-143.12,-138.52,-140.82
-80.699,-139.44,-142.66,-138.98,-141.28
-80.799,-142.2,-142.66,-139.44,-142.2
-80.899,-140.82,-143.12,-139.44,-142.2
-80.999,-141.28,-144.04,-139.9,-141.74
-81.099,-142.66,-143.58,-139.9,-141.74
-81.199,-140.82,-143.58,-139.9,-141.28
-81.299,-140.82,-144.96,-139.44,-142.2
-81.399,-141.74,-143.58,-139.9,-142.2
-81.499,-143.12,-145.42,-140.36,-142.66
-81.599,-143.12,-144.5,-138.98,-142.66
-81.699,-143.58,-145.42,-140.82,-143.12
-81.799,-144.04,-144.04,-140.82,-144.04
-81.899,-144.04,-144.96,-140.82,-143.58
-81.999,-143.12,-145.88,-140.82,-143.12
-82.099,-142.2,-146.34,-141.74,-144.04
-82.199,-142.66,-144.96,-140.36,-144.04
-82.299,-144.04,-144.96,-141.74,-144.04
-82.399,-144.96,-145.42,-142.2,-144.96
-82.499,-142.66,-145.88,-141.74,-144.5
-82.599,-144.96,-146.34,-141.74,-144.5
-82.699,-144.04,-146.34,-142.66,-144.96
-82.799,-144.5,-145.88,-142.66,-144.5
-82.899,-144.04,-146.34,-143.12,-145.42
-82.999,-145.42,-147.26,-143.12,-145.88
-83.099,-144.04,-147.72,-143.12,-145.42
-83.199,-145.88,-147.72,-143.12,-145.42
-83.299,-146.34,-147.26,-143.12,-145.42
-83.399,-144.96,-148.64,-143.12,-145.88
-83.499,-144.5,-147.26,-143.12,-145.88
-83.599,-144.96,-148.18,-144.04,-146.34
-83.699,-146.34,-147.72,-144.04,-146.34
-83.799,-147.26,-149.1,-143.58,-146.8
-83.899,-147.26,-148.18,-144.96,-146.8
-83.999,-146.8,-149.56,-144.04,-147.26
-84.099,-145.88,-149.1,-144.5,-147.72
-84.199,-145.88,-148.64,-144.04,-146.8
-84.299,-147.26,-149.1,-145.42,-148.18
-84.399,-148.64,-150.02,-144.5,-147.72
-84.499,-146.8,-150.02,-144.96,-148.64
-84.599,-149.1,-150.48,-145.42,-148.18
-84.699,-147.26,-150.48,-145.88,-148.18
-84.799,-149.1,-150.02,-145.88,-149.56
-84.899,-147.26,-150.02,-146.34,-149.1
-84.999,-149.56,-150.94,-146.8,-148.64
-85.099,-149.56,-151.86,-147.26,-149.1
-85.199,-148.18,-150.94,-147.26,-150.02
-85.299,-148.64,-151.4,-147.26,-150.48
-85.399,-150.02,-152.32,-147.26,-150.48
-85.499,-150.48,-151.4,-146.8,-150.48
-85.599,-150.94,-152.32,-148.18,-150.94
-85.699,-151.4,-152.32,-148.18,-150.48
-85.799,-150.94,-151.86,-147.72,-150.02
-85.899,-151.4,-153.24,-148.64,-150.48
-85.999,-151.4,-152.78,-147.72,-150.94
-86.099,-150.94,-152.32,-149.1,-151.4
-86.199,-150.02,-153.24,-148.18,-150.94
-86.299,-150.48,-153.7,-149.1,-151.4
-86.399,-152.78,-154.16,-149.1,-151.86
-86.499,-150.94,-154.16,-148.64,-151.86
-86.599,-151.86,-154.63,-149.56,-151.86
-86.699,-152.78,-154.63,-150.02,-152.32
-86.799,-151.4,-154.63,-150.02,-151.86
-86.899,-152.78,-154.63,-149.56,-153.24
-86.999,-152.32,-154.16,-149.56,-153.24
-87.099,-151.4,-154.63,-150.02,-152.32
-87.199,-154.16,-155.55,-150.02,-152.78
-87.299,-153.24,-154.63,-150.02,-153.24
-87.399,-152.32,-155.55,-151.4,-153.24
-87.499,-151.86,-156.01,-151.4,-154.16
-87.599,-153.24,-155.55,-150.94,-153.7
-87.699,-154.16,-156.47,-150.94,-153.7
-87.799,-154.63,-155.55,-151.4,-154.16
-87.899,-154.63,-156.01,-151.4,-153.7
-87.999,-154.16,-156.93,-151.4,-154.16
-88.099,-153.24,-156.01,-152.32,-155.09
-88.199,-153.7,-156.01,-151.86,-154.63
-88.299,-154.63,-156.47,-152.78,-155.09
-88.399,-156.01,-157.85,-151.4,-156.01
-88.499,-155.09,-157.85,-152.32,-155.09
-88.599,-155.09,-158.31,-153.24,-156.47
-88.699,-156.47,-158.31,-153.24,-155.55
-88.799,-155.09,-158.31,-152.32,-156.47
-88.899,-156.93,-158.77,-152.78,-155.55
-88.999,-155.55,-157.85,-153.7,-156.47
-89.099,-155.55,-157.85,-153.7,-157.39
-89.199,-157.39,-158.31,-154.16,-156.47
-89.299,-155.55,-159.23,-154.63,-156.47
-89.399,-155.09,-158.77,-154.63,-156.93
-89.499,-157.39,-158.77,-154.16,-156.93
-89.599,-158.31,-159.69,-153.7,-156.93
-89.699,-158.77,-159.23,-154.16,-157.39
-89.799,-158.31,-159.69,-155.55,-156.93
-89.899,-159.23,-159.69,-155.55,-157.39
-89.999,-158.77,-159.69,-154.63,-158.31
-90.099,-159.69,-161.07,-156.01,-158.77
-90.199,-158.31,-160.61,-155.09,-158.77
-90.299,-157.39,-160.15,-156.47,-158.77
-90.399,-157.85,-160.15,-155.09,-159.23
-90.499,-160.15,-161.07,-156.47,-159.23
-90.599,-158.77,-160.61,-155.55,-159.23
-90.699,-158.31,-161.53,-156.01,-159.69
-90.799,-159.69,-161.53,-156.93,-160.15
-90.899,-158.77,-161.53,-157.39,-159.69
-90.999,-160.15,-161.07,-156.93,-161.07
-91.099,-160.15,-161.53,-156.93,-160.15
-91.199,-159.23,-162.91,-156.93,-160.15
-91.299,-161.53,-162.91,-157.39,-160.15
-91.399,-161.07,-161.99,-157.39,-161.07
-91.499,-160.15,-163.83,-157.85,-161.53
-91.599,-159.69,-162.91,-158.31,-161.07
-91.699,-159.69,-163.37,-158.77,-161.99
-91.799,-160.15,-162.91,-158.77,-161.99
-91.899,-160.61,-164.29,-157.85,-162.45
-91.999,-160.61,-163.37,-159.23,-161.99
-92.099,-160.15,-163.37,-159.69,-161.99
-92.199,-161.07,-164.75,-158.77,-161.53
-92.299,-162.45,-163.37,-159.69,-162.91
-92.399,-163.83,-163.83,-158.77,-163.37
-92.499,-161.99,-163.83,-160.61,-161.99
-92.599,-161.99,-164.29,-159.69,-163.83
-92.699,-163.83,-165.21,-160.15,-162.91
-92.799,-161.99,-164.75,-161.07,-164.29
-92.899,-163.83,-164.75,-160.61,-163.37
-92.999,-162.91,-165.21,-161.07,-163.83
-93.099,-163.37,-166.59,-160.61,-164.29
-93.199,-165.21,-167.05,-160.61,-164.29
-93.299,-163.83,-165.67,-160.61,-164.29
-93.399,-162.91,-167.05,-161.07,-164.29
-93.499,-163.83,-166.59,-161.07,-164.29
-93.599,-165.21,-167.05,-161.99,-165.21
-93.699,-165.67,-167.05,-162.45,-165.21
-93.799,-166.13,-167.97,-162.45,-165.67
-93.899,-165.67,-166.59,-161.99,-165.21
-93.999,-164.75,-167.97,-162.91,-165.21
-94.099,-164.29,-168.43,-163.37,-166.13
-94.199,-165.67,-168.43,-162.91,-166.59
-94.299,-167.05,-167.51,-163.37,-165.67
-94.399,-166.13,-167.51,-162.91,-166.59
-94.499,-165.67,-167.51,-162.91,-166.59
-94.599,-167.97,-168.43,-164.29,-167.05
-94.699,-166.13,-168.43,-163.83,-167.05
-94.799,-168.43,-168.89,-163.83,-167.97
-94.899,-166.13,-169.81,-164.75,-167.05
-94.999,-167.51,-170.73,-164.75,-167.51
