442.94,-1172.3
443.52,-1171.9
445.25,-1170.9
444.24,-1171.2
443.63,-1170.9
445.58,-1172
445.87,-1172.1
443.45,-1170.5
442.97,-1171.8
443.75,-1171.8
441.82,-1172.3
444.82,-1171.8
443.38,-1171.2
442.83,-1172.5
443.35,-1170.3
444.17,-1171.5
444.27,-1173
443.62,-1172.1
443.14,-1171.5
442.59,-1171.2
444.01,-1172.3
443.78,-1171.2
444.34,-1171.5
443.36,-1172.1
444.53,-1171.2
444.92,-1171.5
443.59,-1171.7
443.62,-1171.5
443.63,-1171.8
443.97,-1172.1
444.09,-1170.6
444.13,-1172.5
444.07,-1172.1
442.88,-1171.6
442.88,-1171.3
443.41,-1171.7
444.67,-1171.7
443.73,-1172.3
444.54,-1172.3
443.28,-1171.1
444.35,-1172.3
444.86,-1171.3
444.48,-1170.9
444.6,-1169.9
443.79,-1171
443.55,-1170.6
443.18,-1172.4
443.14,-1172.3
443.61,-1172.3
443.87,-1171.9
444.01,-1171.3
444.06,-1173.1
443.6,-1172.5
443.91,-1171.9
444,-1172.7
443.81,-1172
444.81,-1171.3
443.56,-1172.1
442.4,-1171.7
444.74,-1172.6
443.46,-1172.1
444.21,-1171.3
443.1,-1171.9
444.6,-1171.7
442.49,-1172.3
444.64,-1172.8
443.32,-1171.3
444.29,-1171.8
444.83,-1172.8
442.99,-1172
443.89,-1171.6
444.14,-1171.7
443.57,-1172.5
443.14,-1173
444.78,-1172.3
444.37,-1171.3
443.17,-1171.5
443.06,-1171.7
443.79,-1171
443.87,-1171.9
442.95,-1171
443.96,-1172.5
443.22,-1172.2
444.44,-1173.1
443.84,-1171.1
444.57,-1172.1
444.18,-1171
444.54,-1172.5
444.36,-1171.8
444.23,-1172.5
445.33,-1172.4
442.79,-1172.5
444.3,-1171.9
444.09,-1171.6
445.28,-1172
443.26,-1171.9
443.45,-1171.9
443.32,-1172.3
443.43,-1172.2
443.49,-1170.7
443.38,-1171.7
443.65,-1172.7
445.03,-1171.8
442.98,-1172.9
443.86,-1172.5
444.81,-1171.8
443.51,-1172.3
443.37,-1172.4
443.02,-1171.1
443.44,-1171.7
444.18,-1172.3
443.34,-1172.7
443.66,-1171.9
443.18,-1171.7
442.36,-1172.6
443.73,-1171.4
444.44,-1171.9
444.16,-1171.1
443.45,-1172.1
444.52,-1171.2
444.4,-1172.8
443.44,-1172.9
442.38,-1172.2
443.45,-1171.3
445.01,-1171
445.4,-1171.5
443.6,-1172.5
443.91,-1171.6
444.61,-1171.2
443.85,-1171.2
443.81,-1171.3
443.81,-1172.3
443.05,-1171.9
443.08,-1171.8
443.36,-1172.7
443.93,-1171.2
443.74,-1172
443.97,-1171.9
444.43,-1172.3
443.91,-1170.6
442.45,-1172.9
443.87,-1173.1
443.22,-1172.5
444.62,-1171.5
442.88,-1172.9
442.95,-1172
443.75,-1171.6
443.34,-1171.7
443.62,-1171.7
443.05,-1171.7
444.57,-1171.3
444.16,-1172.1
443.77,-1171.9
444.43,-1172.1
444.7,-1171.1
443.58,-1171.7
444.77,-1171.5
443.25,-1172.3
443.45,-1171.6
442.45,-1172.9
443.75,-1171.5
444.44,-1171.3
445.56,-1170.8
448.25,-1172
453.2,-1171.4
459.05,-1171.8
465.32,-1172.9
468.54,-1172.9
473.26,-1172.7
478.48,-1172.7
482.2,-1172.3
486.28,-1171.8
490.74,-1171.8
496.69,-1172.3
500.57,-1170.6
507.19,-1171.6
512.25,-1170.9
514.13,-1171
521.4,-1171.1
525.04,-1171.3
529.75,-1170.9
534.05,-1171.4
538.56,-1171.4
542.33,-1172
547.86,-1170.9
552.02,-1170.1
557.91,-1169.3
561.78,-1171.2
565.93,-1170.2
570.63,-1169.1
575.46,-1169.3
579.99,-1168.8
585.65,-1170.2
588.48,-1169.5
595.21,-1169.5
598.43,-1169.6
604.01,-1168.6
609.16,-1170.1
612.87,-1169.6
616.85,-1167.1
622.17,-1167.6
628.08,-1167.8
631.28,-1167.9
635.85,-1167.5
639.5,-1167.1
645.24,-1166.9
650.03,-1168.5
655.08,-1168.3
659.22,-1168.4
662.54,-1169.8
668.01,-1168
671.16,-1167.5
677.2,-1167.4
681.34,-1167.9
686.66,-1167.7
692.43,-1167.2
695.5,-1167.9
700.47,-1167.5
705.39,-1167
707.68,-1166.8
714.92,-1166.6
719.03,-1167.6
723.93,-1165.8
729.22,-1167.3
732.69,-1166.4
737.96,-1165.4
741.76,-1166.3
747.63,-1165.7
752.42,-1165.8
756.63,-1165.3
761.68,-1164.8
764.95,-1164.9
770.91,-1164.4
774.43,-1164.7
779.09,-1163.6
784.61,-1163.1
789.24,-1163.3
794.31,-1162.7
798.42,-1163.7
803.99,-1163.1
807.51,-1163
813.17,-1160.7
817.66,-1161.2
822.3,-1160.3
826.82,-1159
832.18,-1158.1
837.13,-1158.2
841.15,-1156.2
845.16,-1154.7
849.7,-1156.3
854.52,-1156.8
859.44,-1155.5
864.74,-1155.9
868.47,-1154.9
874.24,-1155
878.02,-1154.6
883.05,-1153.2
885.21,-1153.5
891.54,-1154.1
898.07,-1152.7
902.16,-1152.8
907.19,-1152.9
910.72,-1152.9
916.51,-1152.4
920.8,-1152.2
924.33,-1152.6
928.21,-1153
933.69,-1152.5
938.71,-1155
942.36,-1152.7
946.36,-1154.9
951.38,-1153.2
956.41,-1152.9
961.8,-1155
965.76,-1155.3
969.67,-1156.5
973.82,-1154.9
979.34,-1156.1
983.82,-1156.9
988.2,-1156.5
991.88,-1156.8
997.65,-1156.9
1002.5,-1156.7
1004.6,-1158.8
1010.8,-1157.9
1015.4,-1158.6
1019.5,-1158.8
1023.4,-1158.3
1028.8,-1159.1
1033.1,-1158.3
1037.6,-1161.3
1042.9,-1160.1
1046.5,-1158.5
1051.1,-1160.1
1056.3,-1157.5
1061.3,-1160.1
1066.2,-1158.8
1070.4,-1159.6
1073.6,-1160.8
1079.2,-1159.8
1082.5,-1158.5
1088.3,-1158.5
1093,-1159.3
1096.7,-1160
1101.8,-1158.8
1106,-1160.2
1110.6,-1159.4
1114.9,-1159.3
1119.4,-1157.8
1123.7,-1160.5
1128.2,-1161.4
1132.7,-1160.6
1138,-1160.7
1143.2,-1161.2
1147.5,-1160.5
1151.7,-1160.9
1156.1,-1161
1160.4,-1161.9
1164.9,-1161.5
1170.6,-1161.6
1174.7,-1160.6
1179,-1160.9
1183.4,-1160.5
1188.1,-1160.6
1193.4,-1160.8
1197.3,-1160.3
1204,-1160.4
1205.8,-1160.9
1210.3,-1160.9
1215.7,-1159.8
1221.4,-1159.7
1224.5,-1158.8
1228,-1158.2
1233,-1158.4
1238.6,-1158.6
1242.5,-1158.1
1246.3,-1158.6
1250.4,-1158.5
1256.8,-1158.5
1260.2,-1157.2
1264.9,-1158.1
1270.7,-1157.1
1273.2,-1157.9
1277.7,-1156.9
1282.5,-1156.9
1288,-1156.6
1292.5,-1156.9
1295.9,-1157.4
1300.4,-1156.9
1302.4,-1155.8
1306.2,-1154.8
1310.8,-1156.6
1315.4,-1156.2
1323.4,-1156.7
1327.1,-1157.1
1331.6,-1155.1
1336.5,-1155.6
1339.7,-1154
1345.5,-1154.1
1349.1,-1154.9
1354.7,-1153.7
1359.6,-1153.5
1364.5,-1150.6
1369,-1151.9
1372.4,-1151.5
1379.6,-1153
1382.5,-1150.8
1387.5,-1150.3
1391.7,-1150.4
1396.7,-1150.6
1402.7,-1151.9
1408.3,-1149.3
1411.5,-1149.5
1417.1,-1149.7
1422.1,-1150.2
1426.5,-1148.2
1430.1,-1148.5
1434.8,-1150.5
1440.4,-1148.9
1445.2,-1148.1
1449.6,-1148.1
1455.3,-1147.9
1458.3,-1148
1463.5,-1147.7
1467.4,-1147.7
1471.6,-1147.5
1477.5,-1146.7
1483,-1147.1
1488.2,-1147.1
1491.3,-1146.2
1496.9,-1146.1
1501.7,-1145.9
1506.2,-1145.7
1512,-1144.9
1515.2,-1146.2
1520.3,-1144.8
1526,-1144.8
1530,-1142.7
1534,-1142.9
1540.3,-1141.6
1543.8,-1140.3
1547.7,-1141.9
1553.1,-1140.8
1557.2,-1139.4
1561.8,-1137.9
1566.5,-1135
1571.2,-1135.2
1574.1,-1135.2
1578.5,-1134.3
1585.1,-1135
1589.6,-1134.2
1593.3,-1133.9
1598.4,-1132.7
1603.3,-1130.6
1606.6,-1130.4
1611.4,-1130
1615.8,-1130.1
1620.8,-1130.7
1625.5,-1130.1
1630.5,-1128.8
1634.4,-1128.4
1642,-1130.5
1646.3,-1129
1649.4,-1129.9
1654.8,-1128.5
1658.8,-1127.7
1664,-1127.1
1667.5,-1125.9
1672.4,-1126
1677.3,-1126.6
1682.7,-1126.1
1686.3,-1126
1691.5,-1124.7
1696.8,-1124.4
1701.3,-1122.8
1706.8,-1121.9
1710.3,-1121.8
1715.1,-1120.9
1720.7,-1121.3
1724.7,-1119.4
1729.1,-1118.4
1734.2,-1117.7
1739,-1116.5
1743.6,-1116
1746.6,-1115.9
1751.1,-1114.6
1754.4,-1112.1
1759.9,-1111.2
1764,-1110.1
1767.8,-1111.1
1772.6,-1109.6
1776.7,-1106.6
1780.3,-1106.6
1786,-1104.3
1790.3,-1104
1793.1,-1101.5
1797.4,-1101
1801.6,-1100.3
1806.6,-1100.2
1811.6,-1100.7
1815.7,-1100.4
1819.9,-1098
1822.4,-1099.8
1821.1,-1100
1819.8,-1099.6
1820.2,-1098.9
1819.9,-1099.9
1820.3,-1100.4
1820,-1099.2
1821,-1100.6
1820.5,-1100.3
1820.5,-1100.3
1821,-1100
1820.6,-1099.9
1820,-1099.5
1820.4,-1100
1819.8,-1100
1820,-1098.3
1819.3,-1093.8
1819.8,-1090.6
1819.9,-1084.7
1820.2,-1078
1819.5,-1074
1820.3,-1070.2
1819.1,-1065.8
1818.6,-1062.3
1819.5,-1059.1
1819.6,-1053.2
1817.9,-1049.9
1817.3,-1046.5
1818.8,-1041.3
1818.2,-1035.4
1817.7,-1033.5
1816.9,-1028.7
1816.6,-1025
1814.8,-1019.8
1816.7,-1016.1
1815.4,-1010.8
1814.3,-1007.5
1812.1,-1003.6
1813,-998.04
1812.4,-995.84
1811.5,-991.97
1811.4,-987.05
1808.6,-984.43
1808.7,-979.47
1809.1,-977.16
1808.2,-973.29
1806.9,-970.97
1807.1,-964.3
1806.7,-960.62
1806.1,-957.84
1804.6,-951.63
1804.5,-947.71
1804.8,-944.67
1802.8,-939.72
1803.4,-936.22
1802.7,-931.63
1802.4,-926.19
1799.6,-921.9
1800.9,-917.71
1800.2,-913.16
1798.6,-909.02
1798.7,-903.39
1798.3,-899.47
1798.2,-895.89
1797.7,-889.94
1796.8,-886.11
1796.7,-881.73
1795.3,-878.28
1795.2,-872.89
1795.3,-869.71
1793.3,-865
1793.3,-860.82
1793.5,-856.53
1792.8,-852.47
1792.2,-848.28
1791.7,-842.97
1791.8,-837.63
1791.1,-834.51
1788.5,-829.13
1789.6,-826.58
1789.1,-822.57
1788.5,-816.51
1787.6,-813.32
1787.7,-807.58
1788.1,-803.9
1786.8,-798.25
1786.8,-794.42
1785.4,-790.55
1785.7,-786.75
1785,-781.7
1786.3,-776.5
1786.5,-774.61
1786.2,-769.09
1784.9,-763.4
1784.5,-759.49
1783.5,-753.52
1783.9,-750.35
1783.3,-744.47
1784.4,-740.97
1781.8,-737.96
1781.2,-733.63
1781.4,-727.68
1782.2,-723.65
1779.4,-720.12
1779.8,-715.37
1780.5,-710.23
1779.7,-707.48
1780.4,-701.23
1780.2,-696.93
1778,-693.06
1780.6,-687.64
1779.5,-684.26
1779.6,-678.45
1777.9,-674.39
1777.4,-670.05
1776.9,-665.02
1777.4,-660.47
1775.7,-656.52
1776.7,-652.34
1774.6,-648.13
1775.4,-643.86
1775,-638.2
1775.3,-634.38
1776.5,-629.28
1774.6,-625.6
1773.1,-619.31
1774,-617.2
1772,-610.67
1770.3,-608.02
1771.9,-603.93
1770.9,-598.58
1769.8,-594.71
1770.8,-591.16
1770.1,-587.71
1769.1,-581.29
1768.9,-578.61
1769.9,-573.42
1770.6,-568.38
1770.1,-564.76
1769.3,-560.42
1769.2,-553.87
1767.4,-550.54
1768.5,-547.43
1767.3,-542.48
1768.4,-538.06
1768.2,-533.62
1768.6,-530.45
1768.5,-525.33
1767.4,-522.5
1767.7,-518.48
1769.6,-514.2
1767.7,-511.44
1768.2,-505.58
1767.7,-500.41
1768.2,-496.68
1769.3,-492.62
1768.3,-487.45
1769.7,-485.14
1769.1,-480.6
1767.8,-476.25
1767.6,-472.16
1768.1,-468.27
1767.5,-464.3
1769,-458
1767.7,-457.34
1768.9,-452.17
1768,-447.14
1768,-442.99
1767.9,-439.61
1768.8,-435.27
1767.8,-429.84
1767.9,-425.87
1768.2,-420.82
1766.9,-418.58
1766.7,-412.29
1766.7,-410.34
1766.3,-404.89
1767.9,-402.27
1766.5,-397.08
1765.4,-392.68
1765.9,-388.51
1765.6,-384.04
1764.6,-380.38
1764.6,-375.71
1762.2,-372.24
1764.7,-367.86
1763.1,-363.57
1764.4,-357.38
1764.4,-354.09
1763,-349.91
1762.4,-345.38
1761.2,-340.89
1762,-336.6
1761.6,-333.39
1761,-328.07
1762,-322.87
1760.3,-321.6
1759.9,-315
1758.8,-311.75
1759.2,-308.68
1759,-302.04
1760.1,-299.62
1760.8,-295.23
1758.2,-290.23
1757.3,-286.87
1757.5,-280.07
1757.1,-276.28
1757.3,-271.86
1757.1,-268.6
1757.5,-264.19
1756.4,-260.63
1757.3,-254.52
1757.8,-250.9
1757.8,-245.88
1757.9,-242.12
1757.7,-236.69
1756.3,-233.37
1756,-229.93
1757,-223.63
1755.7,-220.15
1757.3,-214.91
1754.9,-211.99
1756,-207.24
1755.6,-203.5
1756.8,-198.26
1755.5,-195.51
1756.4,-191.03
1756,-185.85
1755.4,-181.91
1756.3,-177.43
1755.3,-171.7
1756.3,-167.94
1755.5,-163.04
1756.5,-159.67
1755.8,-156.42
1756.6,-151.54
1756.2,-147.65
1756.1,-143.09
1755.1,-138.93
1756.1,-134.24
1755.5,-130.23
1756.6,-127.02
1757,-121.92
1756.2,-118.64
1756,-113.35
1757.5,-109.83
1756.6,-104.38
1759.3,-100.46
1758.1,-96.216
1758.8,-92.645
1759.1,-87.825
1758.2,-84.053
1759.4,-79.509
1758,-75.205
1759.2,-69.94
1757.9,-66.787
1758.5,-63.598
1758,-58.116
1758.7,-52.806
1758.4,-50.133
1758.5,-44.436
1758.3,-40.646
1757.4,-36.22
1757.9,-32.57
1756.8,-27.322
1758.3,-24.254
1756.4,-19.858
1756.5,-15.132
1756.2,-10.97
1755.1,-6.966
1756,-1.8795
1755.3,0.64301
1755.5,5.5766
1755.2,10.66
1754.5,15.264
1754.6,18.443
1755.2,21.209
1755,27.66
1754,30.756
1754.9,36.885
1752.9,38.821
1753.4,44.146
1753.4,49.285
1753.2,53.586
1753.7,56.548
1753,63.146
1751.7,66.702
1751.8,70.453
1753.7,74.492
1753,79.513
1753.6,84.66
1751.7,88.496
1752,93.838
1752,97.792
1751.7,102.88
1752.3,105.39
1751.9,111.17
1751.1,115.85
1751.1,119.68
1752.3,124.56
1750.7,130.53
1752.5,133.09
1752.3,137.53
1752,141.48
1751.3,145.55
1752.3,150.4
1752.2,154.42
1753,160.48
1751.2,163.81
1750.8,168.91
1751.6,172.83
1751.8,178.09
1752.6,181.55
1752.4,185.18
1752,190.29
1752.6,193.26
1752.8,194.06
1753.2,191.97
1753.3,192.36
1752.6,192.23
1752.8,192.88
1753,192.31
1752.6,191.51
1752.5,191.3
1752.5,192.39
1752.6,191.89
1752.8,192.04
1752.9,192.41
1752.6,192.23
1751.4,192.24
1746.2,192.6
1740.6,191.83
1734.9,194.66
1728.4,191.84
1725.2,195.72
1721.8,193.66
1716.7,193.07
1714,191.83
1707.5,194.35
1701.6,196.51
1697.5,196.43
1693.4,195.6
1687.1,195.66
1683.4,195.67
1678.4,196.43
1673.2,195.4
1670,195.72
1665,196.22
1659.4,195.62
1655.4,196.02
1649.7,195.45
1645.2,195.67
1640.9,194.97
1637.2,195.96
1631.6,195.29
1627.1,195.48
1622.8,196.12
1617.2,195.9
1611.6,195.94
1606.9,195.55
1603.1,196.38
1597.8,196.24
1593.8,196.15
1589.1,196.18
1585.1,195.93
1579,196.15
1575.1,195.99
1570.3,195.98
1566.9,196.23
1560.8,196.42
1556.7,195.72
1552,197.15
1547.4,197.47
1542.9,198.14
1538,198.52
1533,199.55
1528.4,198.77
1523.8,199.42
1519,199.33
1513.5,199.82
1509.4,199.74
1505.3,199.71
1499.5,201.83
1494.8,201.77
1491.6,202.39
1487.3,202.87
1482.2,201.01
1477.2,202.09
1472.5,202.58
1467.5,201.85
1463.5,201.95
1458.5,202.66
1453.1,202.28
1448.7,202.93
1444.5,202.93
1439.7,203.42
1435,202.08
1431.6,202.81
1426.6,202.69
1422.3,203.09
1417.5,203.46
1412.1,205
1409.7,206.6
1405.3,206.52
1400.8,210.03
1397.5,209.79
1392.5,211.06
1388.2,211.77
1383.6,211.22
1378.5,210.67
1373.3,211.1
1366.6,210.62
1363.6,211.25
1360.2,212.34
1354.9,213.77
1350.8,213.97
1346.4,214.91
1340,216.19
1337.6,216.53
1332,218.78
1326.6,218.73
1322.4,217.49
1316.4,218.97
1312.9,217
1309.5,219.04
1305.7,219.18
1299.4,219.84
1294.3,218.58
1290.2,219.15
1285.3,218.37
1280.4,216.3
1276.3,217.06
1270.4,218.49
1266.7,218.73
1262.6,219.17
1258,218.77
1253.1,218.52
1247.8,219.31
1244.3,218.82
1238.9,218.41
1234.2,219.19
1231,219.19
1225.5,218.86
1221.5,218.9
1215.1,219.75
1212.3,219.7
1207.3,220.34
1203.2,221.37
1199.2,221.85
1193.6,222.4
1190.2,223.73
1184.7,223.4
1179.6,225.25
1175.6,223.81
1171.3,225.57
1166.2,226.22
1161.3,226.63
1157.4,226.77
1151.8,226.31
1147.1,226.67
1141.7,226.63
1137.6,226.76
1133.5,226.92
1128.9,227.49
1124.3,227.39
1118.3,227.72
1114.6,228
1109.1,228.41
1105.7,227.39
1099.7,228.91
1096.2,230.44
1092.2,229.51
1087.4,228.81
1082,228.51
1078.2,229.92
1072.3,229.4
1067.9,230.78
1063.8,232.12
1059.5,230.92
1055.3,232.97
1050.3,233.83
1045.8,233.69
1041.2,233.51
1037,234.12
1034.1,233.16
1028.2,234.18
1023,234.24
1018.5,233.94
1013.6,234.61
1010.7,234.54
1005.3,234.92
1000,234.51
995.33,233.87
991.72,235.47
986.88,234.79
981.35,234.32
977.71,236.07
972.7,236.66
968.67,237.72
964.42,237.59
960.13,237.83
955.63,237.11
950.62,238.06
945.02,238.87
942.61,240.85
937.44,239.48
934.19,241.53
928.64,242.24
923.71,242.66
920,243.12
914.52,243.18
911.07,243.25
905.33,242.84
901.09,243.06
896.21,242.72
892.88,243.21
887.2,243.3
882.21,243.54
879.11,245.3
875.02,244.62
870.31,244.17
866.32,244.96
860.69,245.62
856.18,248.39
851.96,246.84
847.24,246.8
842.22,248.41
837.77,247.96
833.27,249.43
828.26,250.24
823.99,250.1
819.23,250.5
813.44,250.99
810.2,250.59
806.13,250.75
802.24,251.49
796.6,250.71
791.56,251.47
787.7,251.86
782.82,251.41
777.84,253.93
775.26,252.41
769.93,254.4
765.05,256.22
759.94,255.43
755.14,257.05
750.65,258.55
745.84,258.38
741.31,259.81
737,259.38
732.17,259.31
727.37,260.11
723.66,260.31
718.92,260.08
713.94,261.9
711.45,260.46
704.86,261.63
700.78,263.12
697.53,264
692.13,264.67
688.44,266.41
682.48,266.96
677.69,267.19
673.56,267.35
669.38,267.12
664.52,266.55
659.18,267.63
656.38,267.75
650.38,268.45
645.96,268.39
642.01,269.34
637.69,270.19
632.52,268.95
627.94,270.93
623.55,270.35
618.96,271.52
614.14,273.02
609.65,273.77
606.38,274.41
600.51,275.91
596.93,275.25
592.67,275.94
587.08,275.31
583.38,276.09
577.57,276.25
573.3,276.3
568.82,276.31
565,276.98
559.67,276.94
555.99,278.45
552,278.18
546.98,279.81
541.47,279.38
538.04,278.71
534.37,282.14
528.53,283.39
523.35,283.99
520.37,283.38
516.2,283.84
509.65,284.22
507,284.33
500.83,285.16
495.31,285.51
492.32,285.72
487.56,287
483.4,287.95
477.45,288.88
473.41,289.79
469.33,290.42
463.98,292.45
459.05,293.14
454.84,292.99
451.42,293.88
447.05,293.62
441.09,294.6
437.85,293.63
431.87,294.23
427.61,294.74
423.81,296.04
419.2,296.03
414.66,300.02
410.01,302.05
405.96,301.9
400.6,301.84
397.51,301.81
392.2,302.87
388.08,303.69
383.45,304.33
378.94,303.69
374.34,305.32
371.99,304.73
373.77,304.38
374.52,304.19
373.54,304.04
373.89,303.94
372.79,303.79
373.38,303.59
374.14,303.58
374.02,303.74
373.71,303.71
373.63,303.5
374.48,303.94
373.89,303.39
373.09,303.81
373.19,303.24
373.19,302.56
374.37,301.66
377.27,295.6
379.79,292.58
377.76,287.63
379.48,284.79
375.59,280.65
377.93,274.81
376.26,272.21
377,265.52
376.75,263.96
376.2,257.38
376.13,254.23
374.92,251.6
375.95,246.4
375.91,241.82
374.84,235.61
375.5,234.13
375.31,227.93
375.5,225.17
374.6,219.99
374.32,216.22
372.89,209.42
373.69,206.7
372.57,202.04
373.48,196.86
372.22,192.34
373.03,187.93
372,186.27
371.37,178.23
371.66,176.72
370.48,169.46
369.39,167.97
369.91,160.95
368.63,158.57
369.07,154.4
368.48,149.42
369.39,143.98
367.63,139.7
367.81,133.75
368.06,130.83
366.19,127.53
366.5,121.28
366.6,119.83
366.13,112.12
365.85,109.88
366.37,105.92
364.55,101.22
364.89,97.745
362.9,92.301
363.6,87.572
363.38,82.073
362.79,78.602
362.25,73.218
361.93,69.315
362.29,64.322
361.86,62.362
360.86,56.025
359.63,52.567
361.01,47.301
360.5,43.856
360.19,39.108
360.06,35.307
359.24,33.556
357.71,26.795
356.09,23.881
356.79,19.382
357.98,14.406
357.75,11.758
357.75,6.5282
357.72,3.6611
356.27,-2.1176
356.22,-7.265
357.19,-11.754
357.49,-13.951
357.43,-19.218
358.12,-21.939
357.49,-25.311
356.65,-31.3
356.85,-32.929
356.42,-39.149
355.32,-41.704
354.79,-47.443
354.28,-51.786
354.24,-57.194
352.82,-61.022
352.22,-64.621
350.74,-70.03
350.96,-72.287
350.54,-79.037
350.65,-84.292
350.46,-88.322
351.19,-91.464
349.23,-97.184
349.32,-99.739
348.98,-105.51
348.49,-109.34
346.23,-114.85
345.97,-117.35
345.6,-123.85
345.72,-127.64
345.97,-132.87
344.68,-135.38
344.15,-138.2
345.78,-144.76
343.76,-148.79
343.75,-156.8
343.35,-157.7
343.63,-163.18
343.44,-166.15
342.54,-171.66
343.43,-175.88
343.68,-179.91
343.26,-184.75
342.42,-187.19
341.88,-194.82
341.81,-196.79
342.68,-203.15
342.01,-205.68
340.69,-212.32
340.73,-216.16
339.12,-219.39
341.92,-224.91
340.11,-228.2
339.81,-233.62
339.38,-236.87
337.98,-242.55
337.62,-245.15
338.33,-250.76
338.12,-254.68
338.31,-260.43
337.54,-263.61
337,-268.46
336.93,-272.74
335.99,-276.93
336.61,-281.27
336.21,-287.54
335.57,-291.03
335.99,-295.03
333.93,-300.17
335.14,-305.26
333.88,-309.04
333.4,-312.95
332.5,-317.93
333.37,-320.3
332.78,-326.59
330.88,-329.87
329.91,-336.68
330.01,-339.58
328.1,-345.76
329.43,-351.35
329.57,-354
328.52,-357.66
328.97,-363.31
328.85,-367.32
327.18,-371.18
328.73,-376.1
327.21,-380.16
327.66,-385.75
327.63,-389.33
326.11,-393.66
326.09,-396.51
326.38,-402.5
325.9,-406.32
325.35,-412.3
325.15,-415.87
324.45,-421.93
324.2,-425.09
323.61,-431.28
324.29,-434.35
324.63,-439.1
323.64,-442.21
323.25,-447.51
322.43,-451.19
321.29,-454.75
321.93,-462
321.38,-463.27
321.4,-468.63
322.21,-472.05
321.42,-478.45
319.98,-482.39
320.62,-486.76
321.01,-491.47
320.24,-496.14
318.63,-501.16
318.78,-504.25
317.17,-509.05
316.79,-511.86
317.88,-518.23
316.43,-520.93
316.98,-526.98
317.69,-530.07
316.85,-534.27
317.69,-538.81
315.97,-542.04
315.05,-548.88
315.79,-552.24
316.42,-557.92
315.54,-559.16
315.18,-564.38
313.53,-568.67
314.52,-573.32
314.43,-577.98
314.91,-582.36
314.43,-586.55
313,-587.6
313.33,-593.59
313.27,-597.43
311.33,-604.75
312.2,-607.21
311.37,-612.8
311.71,-615.77
311.72,-621.03
310.98,-624.71
311.21,-627.1
311.27,-633.34
311.74,-635.89
309.16,-642.53
309.58,-644.82
311.65,-648.97
310.87,-653.46
310.38,-658.6
309.75,-663.28
308.9,-667
309.56,-672.93
308.4,-677.68
310.5,-681.54
309.79,-683.68
310.02,-691.24
309.27,-695.02
309.12,-698.14
308.22,-701.54
308.13,-707.29
308.23,-710.94
308.08,-713.29
307.46,-720.63
308.65,-725.02
307.88,-729.96
308.89,-733.61
309.36,-739.03
309.66,-742.02
310.72,-747.98
309.9,-751.1
311.97,-755.04
312.44,-759.45
310.9,-760.68
312.93,-765.92
311.86,-769.6
313.31,-773.59
312.72,-777.04
313.68,-779.21
313.83,-786.75
314.82,-787.57
313.56,-794.57
314.1,-797.6
314.9,-798.99
313.37,-806.95
314.61,-809.82
315.2,-815.27
313.64,-819.19
314.49,-824.14
315.34,-827
314.35,-833.71
314.04,-835.71
314.02,-840.95
314.03,-845.49
313.78,-846.16
314.94,-854.55
313.86,-858.8
313.42,-862.66
313.92,-867.08
311.3,-872
311.04,-875.72
311.32,-881.73
309.66,-885.79
310.16,-890.67
310.14,-892.26
310.33,-899.64
310.14,-901.42
309.11,-908.22
308.99,-910.95
308.5,-913.04
309.86,-920.71
309.19,-924.93
308.19,-929.28
309.82,-930.98
308.85,-938.63
307.32,-943.52
306.69,-947.58
307.62,-952.35
307.14,-956.16
307.28,-960.51
307.4,-962.74
307.22,-967.8
306.92,-972.1
307.82,-976.5
306.76,-981.64
306.16,-987.27
305.95,-990.41
304.92,-996.4
306.22,-997.33
306.92,-998.86
306.79,-998.95
304.46,-996.61
305.65,-996.14
306.44,-996.14
305.79,-996.58
306.8,-997.36
305.58,-997.37
307.43,-997.52
306.11,-996.94
305.38,-996.78
305.54,-997.39
307,-997.15
307.4,-996.31
306.51,-996.55
305.24,-996.6
306.17,-997.38
304.44,-996.38
305.28,-998.74
305.5,-996.14
305.97,-996.88
305.52,-997.35
305.7,-996.6
305,-996.37
306.49,-996.74
305.33,-996.96
306.85,-996.11
304.69,-996.79
307.01,-997.77
306.89,-998.27
306.11,-997.42
306.24,-996.97
307,-997.38
305.37,-997.46
306.88,-997.4
305.45,-996.75
306.07,-996.98
307.02,-997.75
306.18,-997.15
306.64,-997.82
304.97,-997.15
306.73,-996.35
307.06,-997.57
304.98,-996.82
307.69,-997.79
305.89,-997
306.28,-997.58
306.45,-996.55
306,-997.21
304.24,-996.62
306,-997.76
304.44,-996.38
305.68,-997.16
306.63,-997.69
305.12,-997.36
306.41,-996.73
306.61,-998.18
306,-996.35
306.67,-997.42
306.99,-996.32
307.96,-997.16
305.97,-996.92
305.28,-996.58
304.59,-996.63
305.11,-996.58
305.45,-998.01
305.29,-996.39
306.79,-996.95
306.53,-996.91
307.26,-997.06
306.07,-996.79
304.89,-997
306.79,-996.74
305.35,-997.66
306.5,-996.94
305.84,-996.76
304.93,-996.82
306.1,-997.96
305.9,-996.97
307.31,-996.91
307.86,-997.38
306.54,-997.18
305.94,-996.55
306.04,-996.93
306.98,-996.97
307.94,-997.33
305.24,-997.19
306.06,-996.59
306.8,-997.36
306.08,-996.16
305.95,-996.97
305.61,-997
306.48,-996.13
305.77,-996.59
306.4,-997.13
307.41,-996.52
306.26,-997.46
306.99,-998.15
306.07,-997.79
307.08,-996.81
304.71,-997.17
305.67,-996.76
306.18,-998.07
306.28,-996.54
308.01,-997.99
306.15,-997.2
304.23,-996.85
305.36,-996.56
306.65,-997.19
306.81,-997.98
305.65,-996.43
305.19,-996.8
305.97,-996.92
306.43,-997.82
305.49,-998.41
305.23,-997.16
306.56,-996.81
305.33,-997.05
307.08,-998.19
306.09,-996.58
306.08,-996.92
305.77,-997.3
307.54,-997.8
305.31,-998.1
305.63,-996.18
306.01,-997.86
306.15,-996.61
306.17,-997.17
305.35,-996.8
306.35,-997.55
305.16,-996.63
305.92,-998.88
306.52,-997.71
306.6,-997.34
305.36,-998.74
305.63,-997.02
306.2,-996.24
306.33,-997.92
307,-997.36
306.58,-997.34
305.41,-996.39
306.82,-997.51
306.23,-996.98
305.74,-998.28
304.44,-998.38
306.7,-997.23
306.05,-997.17
306.05,NaN
