-1.73,0
-1.73,-0.046
-1.73,-0.111
-1.73,-0.064
-1.73,-0.074
-1.73,-0.12
-1.73,-0.111
-1.73,-0.101
-1.73,-0.157
-1.73,-0.147
-1.73,-0.212
-1.73,-0.166
-1.73,-0.258
-1.73,-0.212
-1.73,-0.203
-1.73,-0.23
-1.73,-0.295
-1.73,-0.304
-1.73,-0.461
-1.73,-0.562
-1.73,-0.673
-1.73,-0.755
-1.73,-1.004
-1.73,-1.106
-1.73,-1.4
-1.73,-1.548
-1.73,-1.677
-1.73,-1.566
-1.73,-1.41
-1.73,-1.308
-1.73,-0.829
-1.73,-0.894
-1.73,-0.958
-1.73,-1.152
-1.73,-1.428
-1.73,-1.446
-1.73,-1.511
-1.73,-1.557
-1.73,-2.018
-1.73,-2.119
-1.73,-2.561
-1.73,-2.488
-1.73,-2.709
-1.73,-2.801
-1.73,-2.543
-1.73,-2.607
-1.73,-2.58
-1.73,-2.699
-1.73,-2.911
-1.73,-2.948
-1.73,-3.105
-1.73,-3.05
-1.73,-2.598
-1.73,-2.377
-1.73,-2.313
-1.73,-2.285
-1.73,-1.741
-1.73,-1.806
-1.73,-2.101
-1.73,-2.11
-1.73,-2.045
-1.73,-2.082
-1.73,-1.806
-1.73,-1.539
-1.73,-1.852
-1.73,-1.824
-1.73,-1.824
-1.73,-1.806
-1.73,-1.926
-1.73,-1.889
-1.73,-1.898
-1.73,-1.935
-1.73,-1.797
-1.73,-1.594
-1.73,-0.949
-1.73,-0.977
-1.73,-1.142
-1.73,-1.271
-1.73,-1.327
-1.73,-1.529
-1.73,-1.962
-1.73,-2.091
-1.73,-2.202
-1.73,-2.276
-1.73,-2.322
-1.73,-2.128
-1.73,-1.769
-1.73,-1.529
-1.73,-1.161
-1.73,-1.05
-1.73,-1.262
-1.73,-1.4
-1.73,-1.419
-1.73,-1.419
-1.73,-1.557
-1.73,-1.704
-1.73,-1.889
-1.73,-2.045
-1.73,-2.11
-1.73,-1.981
-1.73,-1.843
-1.73,-1.815
-1.73,-1.474
-1.73,-1.539
-1.73,-1.631
-1.73,-1.631
-1.73,-1.686
-1.73,-1.815
-1.73,-1.76
-1.73,-1.631
-1.73,-1.474
-1.73,-1.354
-1.73,-1.539
-1.73,-1.631
-1.73,-1.548
-1.73,-1.612
-1.73,-1.529
-1.73,-1.594
-1.73,-1.972
-1.73,-1.972
-1.73,-1.714
-1.73,-1.603
-1.73,-1.594
-1.73,-1.723
-1.73,-1.88
-1.73,-2.018
-1.73,-2.036
-1.73,-2.091
-1.73,-2.091
-1.73,-1.833
-1.73,-1.668
-1.73,-1.566
-1.73,-1.898
-1.73,-1.926
-1.73,-1.898
-1.73,-1.815
-1.73,-1.714
-1.73,-1.769
-1.73,-1.714
-1.73,-1.741
-1.73,-1.815
-1.73,-1.852
-1.73,-1.76
-1.73,-1.732
-1.73,-1.87
-1.73,-1.962
-1.73,-1.741
-1.73,-1.704
-1.73,-1.852
-1.73,-1.741
-1.73,-1.787
-1.73,-1.695
-1.73,-1.741
-1.73,-1.815
-1.73,-1.76
-1.73,-1.723
-1.73,-1.704
-1.73,-1.787
-1.73,-2.018
-1.73,-2.147
-1.73,-2.119
-1.73,-1.916
-1.73,-1.603
-1.73,-1.566
-1.73,-1.594
-1.73,-1.741
-1.73,-1.76
0.676,-1.824
0.676,-1.336
0.676,-1.133
0.676,-0.995
0.676,-0.949
0.676,-0.931
0.676,-0.921
0.676,-0.921
0.676,-0.884
0.676,-0.838
0.676,-0.866
0.676,-0.811
0.676,-0.811
0.676,-0.645
0.676,-0.608
0.676,-0.433
0.676,-0.341
0.676,-0.101
0.676,-0.028
0.676,-0.037
0.676,-0.083
0.676,-0.184
0.676,-0.157
0.676,-0.221
0.676,-0.147
0.676,0
0.676,0.009
0.676,0.101
0.676,0.055
0.676,-0.083
0.676,-0.028
0.676,0.193
0.676,0.332
0.676,0.451
0.676,0.534
0.676,0.663
0.676,0.654
0.676,0.59
0.676,0.396
0.676,0.221
0.676,0.212
0.676,0.341
0.676,0.451
0.676,0.571
0.676,0.608
0.676,0.525
0.676,0.59
0.676,0.645
0.676,0.608
0.676,0.58
0.676,0.516
0.676,0.267
0.676,0.304
0.676,0.479
0.676,0.58
0.676,0.746
0.676,0.737
0.676,0.765
0.676,0.82
0.676,0.875
0.676,0.829
0.676,0.313
0.676,0.23
0.676,0.166
0.676,0.193
0.676,0.203
0.676,0.221
0.676,0.359
0.676,0.415
0.676,0.673
0.676,0.765
0.676,0.829
0.676,0.977
0.676,0.783
0.676,0.617
0.676,0.47
0.676,0.479
0.676,0.498
0.676,0.608
0.676,0.682
0.676,0.719
0.676,0.627
0.676,0.728
0.676,0.746
0.676,0.728
0.676,0.728
0.676,0.719
0.676,0.802
0.676,0.765
0.676,0.645
0.676,0.7
0.676,0.755
0.676,0.719
0.676,0.719
0.676,0.746
0.676,0.755
0.676,0.866
0.676,0.967
0.676,0.949
0.676,0.866
0.676,0.82
0.676,0.654
0.676,0.645
0.676,0.755
0.676,0.838
0.676,0.792
0.676,0.875
0.676,0.746
0.676,0.7
0.676,0.728
0.676,0.765
0.676,0.838
0.676,0.838
0.676,0.82
0.676,0.894
0.676,1.041
0.676,0.995
0.676,0.977
0.676,0.931
0.676,1.023
0.676,1.041
0.676,1.004
0.676,1.032
0.676,0.894
0.676,0.838
0.676,0.894
0.676,0.958
0.676,0.958
0.676,0.931
0.676,0.967
0.676,0.967
0.676,0.857
0.676,0.903
0.676,0.691
0.676,0.58
0.676,0.673
0.676,0.709
0.676,0.719
0.676,0.654
0.676,0.691
0.676,0.654
0.676,0.709
0.676,0.755
0.676,0.691
0.676,0.719
0.676,0.82
0.676,0.755
0.676,0.783
0.676,0.719
0.676,0.709
0.676,0.737
0.676,0.719
0.676,0.673
0.676,0.7
0.676,0.719
0.676,0.691
0.676,0.682
0.676,0.7
0.676,0.709
0.676,0.755
0.676,0.673
0.676,0.654
0.676,0.719
0.676,0.719
0.676,0.673
0.676,0.755
0.676,0.811
-0.026,0.884
-0.026,0.829
-0.026,0.728
-0.026,0.58
-0.026,0.544
-0.026,0.525
-0.026,0.488
-0.026,0.562
-0.026,0.534
-0.026,0.534
-0.026,0.479
-0.026,0.442
-0.026,0.433
-0.026,0.415
-0.026,0.405
-0.026,0.415
-0.026,0.424
-0.026,0.35
-0.026,0.378
-0.026,0.415
-0.026,0.396
-0.026,0.359
-0.026,0.304
-0.026,0.341
-0.026,0.378
-0.026,0.369
-0.026,0.35
-0.026,0.341
-0.026,0.332
-0.026,0.295
-0.026,0.276
-0.026,0.304
-0.026,0.304
-0.026,0.258
-0.026,0.184
-0.026,0.249
-0.026,0.24
-0.026,0.203
-0.026,0.212
-0.026,0.203
-0.026,0.184
-0.026,0.147
-0.026,0.193
-0.026,0.147
-0.026,0.166
-0.026,0.129
-0.026,0.092
-0.026,0.111
-0.026,0.111
-0.026,0.147
-0.026,0.12
-0.026,0.101
-0.026,0.092
-0.026,0.074
-0.026,0.092
-0.026,0.064
-0.026,0.055
-0.026,0.064
-0.026,0.037
-0.026,0.046
-0.026,0.055
-0.026,0.064
-0.026,0.046
-0.026,0.028
-0.026,0.018
-0.026,0.037
-0.026,0
-0.026,0
-0.026,-0.009
-0.026,0
-0.026,-0.009
-0.026,0.009
-0.026,-0.028
-0.026,-0.018
-0.026,-0.009
-0.026,0
-0.026,0
-0.026,-0.028
-0.026,-0.018
-0.026,-0.018
-0.026,-0.018
-0.026,-0.018
-0.026,-0.009
-0.026,-0.018
-0.026,-0.018
-0.026,-0.037
-0.026,-0.028
-0.026,-0.028
-0.026,-0.028
-0.026,-0.037
-0.026,-0.018
-0.026,-0.018
-0.026,-0.037
-0.026,-0.009
-0.026,-0.028
-0.026,-0.018
-0.026,-0.018
-0.026,-0.009
-0.026,-0.018
-0.026,-0.009
-0.026,-0.009
-0.026,-0.009
-0.026,0
-0.026,-0.009
-0.026,-0.009
-0.026,0.009
-0.026,0
-0.026,-0.009
-0.026,0
-0.026,-0.018
-0.026,0
-0.026,0
-0.026,0
-0.026,0
-0.026,0
-0.026,0
-0.026,0
-0.026,0
-0.026,0
-0.026,0
-0.026,0
-0.026,0
-0.026,0
-0.026,0
-0.026,0
-0.026,0
-0.026,0
-0.026,0
-0.026,0
-0.026,0
-0.026,0
-0.026,0
-0.026,0
-0.026,0
-0.026,0
-0.026,0
-0.026,0
-0.026,0
-0.026,0
-0.026,0
-0.026,0
-0.026,0
-0.026,0
-0.026,0
-0.026,0
-0.026,0
-0.026,0
-0.026,0
-0.026,0
-0.026,0
-0.026,0
-0.026,0
-0.026,0
-0.026,0
-0.026,0
-0.026,0
-0.026,0
-0.026,0
-0.026,0
-0.026,0
-0.026,0
-0.026,0
-0.026,0
-0.026,0
-0.026,0
-0.026,0
-0.026,0
1.228,0
1.228,0.064
1.228,0.064
1.228,0.037
1.228,0.064
1.228,0.064
1.228,0.092
1.228,0.083
1.228,0.074
1.228,0.157
1.228,0.175
1.228,0.23
1.228,0.203
1.228,0.24
1.228,0.24
1.228,0.304
1.228,0.378
1.228,0.553
1.228,0.617
1.228,0.663
1.228,0.608
1.228,0.488
1.228,0.525
1.228,0.599
1.228,0.663
1.228,0.599
1.228,0.792
1.228,1.06
1.228,1.087
1.228,1.05
1.228,0.894
1.228,0.7
1.228,0.682
1.228,0.802
1.228,0.829
1.228,1.189
1.228,1.244
1.228,1.465
1.228,1.493
1.228,1.373
1.228,1.032
1.228,0.838
1.228,0.811
1.228,0.857
1.228,0.903
1.228,1.032
1.228,1.271
1.228,1.557
1.228,1.64
1.228,1.778
1.228,1.695
1.228,1.511
1.228,1.483
1.228,1.189
1.228,1.161
1.228,0.977
1.228,0.866
1.228,0.866
1.228,0.838
1.228,1.023
1.228,1.106
1.228,1.327
1.228,1.41
1.228,1.658
1.228,1.787
1.228,1.907
1.228,2.055
1.228,1.935
1.228,1.751
1.228,1.032
1.228,0.82
1.228,1.013
1.228,1.078
1.228,1.299
1.228,1.345
1.228,1.207
1.228,1.142
1.228,1.216
1.228,1.299
1.228,0.977
1.228,0.912
1.228,1.05
1.228,1.207
1.228,1.336
1.228,1.474
1.228,1.391
1.228,1.557
1.228,1.437
1.228,1.281
1.228,1.262
1.228,1.317
1.228,1.364
1.228,1.354
1.228,1.133
1.228,0.949
1.228,0.802
1.228,0.875
1.228,1.078
1.228,1.189
1.228,1.133
1.228,1.013
1.228,1.078
1.228,1.161
1.228,1.52
1.228,1.631
1.228,1.778
1.228,1.603
1.228,1.336
1.228,1.023
1.228,0.986
1.228,1.069
1.228,1.281
1.228,1.308
1.228,1.17
1.228,1.244
1.228,1.437
1.228,1.465
1.228,1.391
1.228,1.575
1.228,1.695
1.228,1.575
1.228,1.106
1.228,1.06
1.228,0.995
1.228,1.05
1.228,0.931
1.228,0.931
1.228,1.115
1.228,1.216
1.228,1.373
1.228,1.345
1.228,1.502
1.228,1.52
1.228,1.428
1.228,1.391
1.228,1.179
1.228,1.189
1.228,1.106
1.228,1.087
1.228,1.253
1.228,1.244
1.228,1.216
1.228,1.216
1.228,1.327
1.228,1.308
1.228,1.29
1.228,1.327
1.228,1.539
1.228,1.529
1.228,1.225
1.228,1.161
1.228,1.189
1.228,1.133
1.228,1.142
1.228,1.207
1.228,1.198
1.228,1.189
1.228,1.271
1.228,1.317
1.228,1.456
1.228,1.41
1.228,1.207
1.228,1.235
1.228,1.207
1.228,1.179
1.228,1.207
1.228,1.106
0.946,1.124
0.946,1.161
0.946,1.189
0.946,1.253
0.946,1.336
0.946,1.327
0.946,1.262
0.946,1.244
0.946,1.216
0.946,1.281
0.946,1.317
0.946,1.235
0.946,1.078
0.946,1.078
0.946,1.041
0.946,1.013
0.946,1.087
0.946,1.06
0.946,1.087
0.946,1.023
0.946,1.078
0.946,1.069
0.946,1.133
0.946,1.069
0.946,1.096
0.946,0.995
0.946,1.004
0.946,1.106
0.946,1.06
0.946,1.078
0.946,1.069
0.946,0.986
0.946,1.041
0.946,0.986
0.946,0.977
0.946,0.977
0.946,1.032
0.946,1.041
0.946,0.967
0.946,0.912
0.946,0.977
0.946,0.986
0.946,1.078
0.946,1.06
0.946,1.069
0.946,1.013
0.946,0.912
0.946,0.912
0.946,0.912
0.946,0.94
0.946,0.875
0.946,0.875
0.946,0.986
0.946,0.903
0.946,1.013
0.946,1.004
0.946,0.958
0.946,0.912
0.946,0.958
0.946,0.931
0.946,0.949
0.946,0.903
0.946,0.875
0.946,0.903
0.946,0.912
0.946,0.875
0.946,0.921
0.946,0.949
0.946,0.995
0.946,0.94
0.946,1.05
0.946,1.032
0.946,0.949
0.946,0.931
0.946,0.866
0.946,0.912
0.946,0.903
0.946,0.958
0.946,0.921
0.946,0.94
0.946,0.912
0.946,0.912
0.946,0.884
0.946,0.903
0.946,1.032
0.946,1.032
0.946,1.004
0.946,1.05
0.946,1.023
0.946,1.115
0.946,1.004
0.946,1.013
0.946,0.931
0.946,0.829
0.946,0.903
0.946,0.848
0.946,0.857
0.946,0.875
0.946,0.838
0.946,0.94
0.946,0.921
0.946,1.013
0.946,0.931
0.946,1.004
0.946,0.949
0.946,0.931
0.946,0.838
0.946,0.82
0.946,0.829
0.946,0.857
0.946,0.838
0.946,0.894
0.946,0.921
0.946,0.986
0.946,0.921
0.946,0.903
0.946,0.967
0.946,0.94
0.946,0.931
0.946,0.949
0.946,0.94
0.946,0.94
0.946,0.912
0.946,0.903
0.946,0.866
0.946,0.931
0.946,0.857
0.946,0.94
0.946,0.921
0.946,0.931
0.946,0.949
0.946,0.949
0.946,0.866
0.946,0.866
0.946,0.903
0.946,0.967
0.946,1.05
0.946,1.069
0.946,0.977
0.946,0.977
0.946,0.931
0.946,1.013
0.946,0.875
0.946,0.866
0.946,0.949
0.946,0.912
0.946,0.829
0.946,0.746
0.946,0.774
0.946,0.848
0.946,1.023
0.946,1.06
0.946,1.124
0.946,1.189
0.946,1.115
0.946,1.106
0.946,0.958
0.946,0.894
0.946,0.884
0.946,0.792
0.946,0.82
0.946,0.811
0.946,0.866
0.946,0.967
0.946,0.949
0.946,0.958
0.946,0.986
1.776,0.958
1.776,1.06
1.776,1.179
1.776,1.124
1.776,1.096
1.776,0.995
1.776,1.023
1.776,1.189
1.776,1.271
1.776,1.456
1.776,1.465
1.776,1.622
1.776,1.704
1.776,1.594
1.776,1.493
1.776,1.281
1.776,1.391
1.776,1.474
1.776,1.575
1.776,1.797
1.776,1.852
1.776,1.732
1.776,1.529
1.776,1.566
1.776,1.631
1.776,1.778
1.776,1.76
1.776,1.631
1.776,1.704
1.776,1.916
1.776,1.88
1.776,1.695
1.776,1.704
1.776,1.612
1.776,1.622
1.776,1.585
1.776,1.631
1.776,1.852
1.776,1.833
1.776,1.926
1.776,1.935
1.776,1.76
1.776,1.815
1.776,1.806
1.776,1.76
1.776,1.87
1.776,1.981
1.776,1.972
1.776,1.797
1.776,1.64
1.776,1.603
1.776,1.714
1.776,1.704
1.776,1.944
1.776,1.999
1.776,1.953
1.776,1.833
1.776,1.76
1.776,1.815
1.776,1.52
1.776,1.539
1.776,1.548
1.776,1.502
1.776,1.603
1.776,1.64
1.776,1.916
1.776,1.99
1.776,2.018
1.776,1.972
1.776,2.119
1.776,2.147
1.776,1.889
1.776,1.723
1.776,1.898
1.776,1.833
1.776,1.824
1.776,1.751
1.776,1.631
1.776,1.594
1.776,1.668
1.776,1.769
1.776,1.76
1.776,1.815
1.776,1.953
1.776,1.944
1.776,1.916
1.776,2.008
1.776,2.045
1.776,2.027
1.776,2.045
1.776,1.999
1.776,1.87
1.776,1.714
1.776,1.566
1.776,1.612
1.776,1.539
1.776,1.493
1.776,1.566
1.776,1.631
1.776,1.889
1.776,1.99
1.776,2.137
1.776,2.23
1.776,2.377
1.776,2.202
1.776,2.147
1.776,1.907
1.776,1.843
1.776,1.88
1.776,1.695
1.776,1.668
1.776,1.806
1.776,1.806
1.776,1.852
1.776,1.916
1.776,1.833
1.776,1.741
1.776,1.723
1.776,1.695
1.776,1.529
1.776,1.52
1.776,1.612
1.776,1.732
1.776,1.833
1.776,1.907
1.776,1.889
1.776,1.944
1.776,1.907
1.776,1.843
1.776,1.612
1.776,1.622
1.776,1.502
1.776,1.511
1.776,1.658
1.776,1.723
1.776,1.778
1.776,1.769
1.776,1.889
1.776,1.704
1.776,1.539
1.776,1.594
1.776,1.769
1.776,1.907
1.776,1.935
1.776,1.916
1.776,1.962
1.776,1.741
1.776,1.806
1.776,1.833
1.776,1.806
1.776,1.769
1.776,1.668
1.776,1.686
1.776,1.824
1.776,1.833
1.776,1.889
1.776,1.907
1.776,1.926
1.776,1.843
1.776,1.548
1.776,1.566
1.776,1.622
1.776,1.658
1.776,1.723
1.776,1.815
1.776,1.898
1.776,1.962
1.72,2.101
1.72,2.128
1.72,2.11
1.72,1.99
1.72,1.64
1.72,1.594
1.72,1.446
1.72,1.419
1.72,1.557
1.72,1.631
1.72,1.769
1.72,1.787
1.72,1.972
1.72,2.018
1.72,2.045
1.72,2.055
1.72,1.944
1.72,1.843
1.72,1.741
1.72,1.677
1.72,1.64
1.72,1.704
1.72,1.631
1.72,1.677
1.72,1.64
1.72,1.64
1.72,1.64
1.72,1.714
1.72,1.714
1.72,1.815
1.72,1.981
1.72,1.898
1.72,1.916
1.72,1.76
1.72,1.502
1.72,1.677
1.72,1.539
1.72,1.539
1.72,1.622
1.72,1.714
1.72,1.787
1.72,1.852
1.72,1.935
1.72,1.916
1.72,1.87
1.72,1.833
1.72,1.594
1.72,1.622
1.72,1.603
1.72,1.529
1.72,1.594
1.72,1.668
1.72,1.769
1.72,1.824
1.72,1.944
1.72,1.916
1.72,1.741
1.72,1.76
1.72,1.787
1.72,1.649
1.72,1.557
1.72,1.622
1.72,1.723
1.72,1.631
1.72,1.797
1.72,1.751
1.72,1.76
1.72,1.723
1.72,1.668
1.72,1.612
1.72,1.741
1.72,1.751
1.72,1.99
1.72,2.101
1.72,2.165
1.72,2.202
1.72,1.962
1.72,1.889
1.72,1.511
1.72,1.419
1.72,1.465
1.72,1.502
1.72,1.483
1.72,1.456
1.72,1.649
1.72,1.787
1.72,1.797
1.72,1.953
1.72,1.944
1.72,1.926
1.72,1.861
1.72,1.741
1.72,1.695
1.72,1.714
1.72,1.751
1.72,1.76
1.72,1.594
1.72,1.557
1.72,1.566
1.72,1.539
1.72,1.557
1.72,1.511
1.72,1.658
1.72,1.732
1.72,1.704
1.72,1.76
1.72,1.843
1.72,1.898
1.72,1.944
1.72,1.926
1.72,1.769
1.72,1.723
1.72,1.622
1.72,1.741
1.72,1.557
1.72,1.557
1.72,1.612
1.72,1.566
1.72,1.594
1.72,1.714
1.72,1.751
1.72,1.833
1.72,2.008
1.72,1.981
1.72,1.926
1.72,1.824
1.72,1.64
1.72,1.594
1.72,1.483
1.72,1.437
1.72,1.52
1.72,1.585
1.72,1.585
1.72,1.64
1.72,1.787
1.72,1.962
1.72,1.981
1.72,1.953
1.72,2.147
1.72,2.036
1.72,1.981
1.72,1.898
1.72,1.751
1.72,1.622
1.72,1.41
1.72,1.419
1.72,1.428
1.72,1.483
1.72,1.594
1.72,1.622
1.72,1.695
1.72,1.695
1.72,1.824
1.72,1.824
1.72,1.944
1.72,2.008
1.72,2.045
1.72,2.027
1.72,1.741
1.72,1.658
1.72,1.64
1.72,1.649
1.72,1.622
1.72,1.557
1.72,1.566
1.72,1.631
1.72,1.714
-0.73,1.732
-0.73,1.52
-0.73,1.382
-0.73,1.133
-0.73,0.949
-0.73,0.931
-0.73,0.995
-0.73,0.958
-0.73,0.894
-0.73,0.838
-0.73,0.774
-0.73,0.627
-0.73,0.636
-0.73,0.424
-0.73,0.304
-0.73,0.046
-0.73,0.111
-0.73,0.212
-0.73,0.193
-0.73,-0.046
-0.73,-0.129
-0.73,-0.24
-0.73,-0.267
-0.73,-0.415
-0.73,-0.433
-0.73,-0.396
-0.73,-0.332
-0.73,-0.258
-0.73,-0.157
-0.73,-0.147
-0.73,-0.147
-0.73,-0.249
-0.73,-0.286
-0.73,-0.442
-0.73,-0.396
-0.73,-0.286
-0.73,-0.415
-0.73,-0.636
-0.73,-0.673
-0.73,-0.774
-0.73,-0.737
-0.73,-0.544
-0.73,-0.433
-0.73,-0.387
-0.73,-0.378
-0.73,-0.516
-0.73,-0.599
-0.73,-0.488
-0.73,-0.451
-0.73,-0.369
-0.73,-0.396
-0.73,-0.516
-0.73,-0.645
-0.73,-0.737
-0.73,-0.774
-0.73,-1.032
-0.73,-1.115
-0.73,-1.198
-0.73,-1.087
-0.73,-0.774
-0.73,-0.617
-0.73,-0.378
-0.73,-0.286
-0.73,-0.415
-0.73,-0.47
-0.73,-0.424
-0.73,-0.369
-0.73,-0.433
-0.73,-0.479
-0.73,-0.645
-0.73,-0.645
-0.73,-0.59
-0.73,-0.737
-0.73,-1.17
-0.73,-1.142
-0.73,-1.336
-0.73,-1.483
-0.73,-1.078
-0.73,-0.737
-0.73,-0.627
-0.73,-0.47
-0.73,-0.451
-0.73,-0.378
-0.73,-0.442
-0.73,-0.544
-0.73,-0.829
-0.73,-0.986
-0.73,-1.253
-0.73,-1.354
-0.73,-1.308
-0.73,-1.142
-0.73,-0.857
-0.73,-0.636
-0.73,-0.7
-0.73,-0.645
-0.73,-0.58
-0.73,-0.534
-0.73,-0.783
-0.73,-0.931
-0.73,-1.317
-0.73,-1.41
-0.73,-1.152
-0.73,-1.041
-0.73,-0.645
-0.73,-0.562
-0.73,-0.442
-0.73,-0.488
-0.73,-0.571
-0.73,-0.673
-0.73,-0.82
-0.73,-0.857
-0.73,-0.995
-0.73,-1.189
-0.73,-1.216
-0.73,-0.958
-0.73,-0.645
-0.73,-0.608
-0.73,-0.709
-0.73,-0.719
-0.73,-0.755
-0.73,-0.7
-0.73,-0.848
-0.73,-0.884
-0.73,-0.949
-0.73,-0.931
-0.73,-0.912
-0.73,-0.792
-0.73,-0.774
-0.73,-0.866
-0.73,-1.041
-0.73,-1.032
-0.73,-0.894
-0.73,-0.737
-0.73,-0.709
-0.73,-0.682
-0.73,-0.728
-0.73,-0.728
-0.73,-0.82
-0.73,-0.838
-0.73,-0.783
-0.73,-0.755
-0.73,-0.838
-0.73,-0.912
-0.73,-1.013
-0.73,-1.032
-0.73,-0.903
-0.73,-1.013
-0.73,-0.903
-0.73,-0.866
-0.73,-0.848
-0.73,-0.792
-0.73,-0.599
-0.73,-0.617
-0.73,-0.682
-0.73,-0.654
-0.73,-0.755
-0.73,-0.719
-0.73,-0.737
-0.73,-0.719
-0.73,-0.894
-0.73,-0.921
-0.73,-1.087
-0.73,-1.032
-0.73,-0.949
-0.73,-0.884
-0.73,-0.691
-0.73,-0.737
0.875,-0.737
0.875,-0.627
0.875,-0.35
0.875,-0.461
0.875,-0.544
0.875,-0.507
0.875,-0.479
0.875,-0.415
0.875,-0.35
0.875,-0.35
0.875,-0.313
0.875,-0.24
0.875,-0.129
0.875,-0.064
0.875,-0.064
0.875,-0.092
0.875,-0.276
0.875,-0.249
0.875,-0.111
0.875,-0.055
0.875,0
0.875,0.101
0.875,0.258
0.875,0.322
0.875,0.359
0.875,0.424
0.875,0.35
0.875,0.35
0.875,0.267
0.875,0.23
0.875,0.221
0.875,0.221
0.875,0.341
0.875,0.479
0.875,0.608
0.875,0.599
0.875,0.59
0.875,0.627
0.875,0.875
0.875,0.875
0.875,0.977
0.875,1.041
0.875,0.59
0.875,0.359
0.875,0.276
0.875,0.23
0.875,0.212
0.875,0.24
0.875,0.369
0.875,0.387
0.875,0.654
0.875,0.682
0.875,0.903
0.875,0.977
0.875,1.17
0.875,1.032
0.875,0.802
0.875,0.866
0.875,0.866
0.875,0.94
0.875,0.765
0.875,0.617
0.875,0.636
0.875,0.617
0.875,0.58
0.875,0.719
0.875,0.986
0.875,1.06
0.875,1.281
0.875,1.456
0.875,1.437
0.875,1.41
0.875,1.004
0.875,0.82
0.875,0.829
0.875,0.811
0.875,0.884
0.875,0.884
0.875,1.253
0.875,1.327
0.875,1.373
0.875,1.327
0.875,1.189
0.875,0.931
0.875,0.755
0.875,0.746
0.875,0.636
0.875,0.765
0.875,0.774
0.875,0.774
0.875,0.765
0.875,0.82
0.875,1.032
0.875,1.078
0.875,1.271
0.875,1.419
0.875,1.391
0.875,1.299
0.875,1.023
0.875,0.875
0.875,0.875
0.875,0.875
0.875,0.59
0.875,0.571
0.875,0.765
0.875,0.728
0.875,0.82
0.875,0.903
0.875,1.069
0.875,1.124
0.875,1.142
0.875,1.023
0.875,0.949
0.875,0.949
0.875,0.894
0.875,0.903
0.875,0.866
0.875,0.792
0.875,0.7
0.875,0.728
0.875,0.783
0.875,0.857
0.875,0.958
0.875,1.032
0.875,1.152
0.875,1.179
0.875,1.142
0.875,1.189
0.875,1.013
0.875,1.004
0.875,0.709
0.875,0.691
0.875,0.774
0.875,0.719
0.875,0.802
0.875,0.792
0.875,0.884
0.875,0.903
0.875,1.032
0.875,0.94
0.875,0.912
0.875,0.912
0.875,0.912
0.875,0.903
0.875,0.903
0.875,0.866
0.875,0.811
0.875,0.829
0.875,0.829
0.875,0.82
0.875,0.94
0.875,1.013
0.875,1.078
0.875,1.142
0.875,1.133
0.875,1.013
0.875,0.912
0.875,0.995
0.875,1.023
0.875,1.004
0.875,0.912
0.875,0.921
0.875,0.921
0.875,0.875
0.875,0.967
0.875,1.013
0.875,0.995
-1.33,0.931
-1.33,0.737
-1.33,0.636
-1.33,0.562
-1.33,0.507
-1.33,0.442
-1.33,0.424
-1.33,0.442
-1.33,0.35
-1.33,0.313
-1.33,0.295
-1.33,0.24
-1.33,0.092
-1.33,0.037
-1.33,-0.083
-1.33,-0.267
-1.33,-0.304
-1.33,-0.341
-1.33,-0.424
-1.33,-0.322
-1.33,-0.286
-1.33,-0.249
-1.33,-0.276
-1.33,-0.498
-1.33,-0.617
-1.33,-0.977
-1.33,-1.041
-1.33,-1.087
-1.33,-1.161
-1.33,-1.281
-1.33,-1.235
-1.33,-1.06
-1.33,-0.958
-1.33,-0.47
-1.33,-0.424
-1.33,-0.627
-1.33,-0.59
-1.33,-0.838
-1.33,-0.912
-1.33,-1.05
-1.33,-1.023
-1.33,-1.207
-1.33,-1.281
-1.33,-1.686
-1.33,-1.622
-1.33,-1.612
-1.33,-1.539
-1.33,-1.483
-1.33,-1.327
-1.33,-0.949
-1.33,-0.894
-1.33,-1.207
-1.33,-1.327
-1.33,-1.41
-1.33,-1.41
-1.33,-1.271
-1.33,-1.327
-1.33,-1.511
-1.33,-1.474
-1.33,-1.456
-1.33,-1.622
-1.33,-1.861
-1.33,-2.045
-1.33,-1.898
-1.33,-1.787
-1.33,-1.557
-1.33,-1.373
-1.33,-1.133
-1.33,-1.087
-1.33,-1.069
-1.33,-1.152
-1.33,-1.216
-1.33,-1.327
-1.33,-1.308
-1.33,-1.179
-1.33,-1.382
-1.33,-1.622
-1.33,-1.502
-1.33,-1.41
-1.33,-1.41
-1.33,-1.557
-1.33,-1.649
-1.33,-1.41
-1.33,-1.087
-1.33,-1.106
-1.33,-1.391
-1.33,-1.437
-1.33,-1.271
-1.33,-1.271
-1.33,-1.299
-1.33,-1.437
-1.33,-1.428
-1.33,-1.474
-1.33,-1.52
-1.33,-1.557
-1.33,-1.382
-1.33,-1.271
-1.33,-1.382
-1.33,-1.41
-1.33,-1.622
-1.33,-1.668
-1.33,-1.465
-1.33,-1.428
-1.33,-1.511
-1.33,-1.465
-1.33,-1.087
-1.33,-1.06
-1.33,-1.179
-1.33,-1.115
-1.33,-1.189
-1.33,-1.198
-1.33,-1.382
-1.33,-1.373
-1.33,-1.456
-1.33,-1.465
-1.33,-1.419
-1.33,-1.493
-1.33,-1.391
-1.33,-1.345
-1.33,-1.41
-1.33,-1.456
-1.33,-1.529
-1.33,-1.493
-1.33,-1.594
-1.33,-1.732
-1.33,-1.52
-1.33,-1.345
-1.33,-1.345
-1.33,-1.382
-1.33,-1.483
-1.33,-1.391
-1.33,-1.364
-1.33,-1.281
-1.33,-1.437
-1.33,-1.41
-1.33,-1.336
-1.33,-1.327
-1.33,-1.207
-1.33,-1.189
-1.33,-1.354
-1.33,-1.317
-1.33,-1.437
-1.33,-1.548
-1.33,-1.529
-1.33,-1.603
-1.33,-1.548
-1.33,-1.345
-1.33,-1.216
-1.33,-1.345
-1.33,-1.317
-1.33,-1.29
-1.33,-1.446
-1.33,-1.437
-1.33,-1.382
-1.33,-1.317
-1.33,-1.382
-1.33,-1.465
-1.33,-1.391
-1.33,-1.446
-1.33,-1.437
-1.33,-1.456
-1.33,-1.271
-1.33,-1.225
-1.33,-1.465
-1.33,-1.4
-1.33,-1.483
-1.33,-1.502
-2.066,-1.539
-2.066,-1.548
-2.066,-1.64
-2.066,-1.594
-2.066,-1.594
-2.066,-1.714
-2.066,-1.603
-2.066,-1.76
-2.066,-1.935
-2.066,-1.962
-2.066,-1.787
-2.066,-1.585
-2.066,-1.88
-2.066,-1.824
-2.066,-1.677
-2.066,-1.649
-2.066,-1.778
-2.066,-1.972
-2.066,-2.11
-2.066,-2.11
-2.066,-2.055
-2.066,-2.193
-2.066,-2.257
-2.066,-2.285
-2.066,-2.091
-2.066,-1.981
-2.066,-1.787
-2.066,-1.741
-2.066,-1.87
-2.066,-1.999
-2.066,-2.303
-2.066,-2.165
-2.066,-1.824
-2.066,-1.88
-2.066,-1.972
-2.066,-2.091
-2.066,-2.285
-2.066,-2.414
-2.066,-2.488
-2.066,-2.524
-2.066,-2.543
-2.066,-2.322
-2.066,-2.137
-2.066,-2.137
-2.066,-2.165
-2.066,-1.962
-2.066,-1.916
-2.066,-1.944
-2.066,-1.87
-2.066,-2.008
-2.066,-2.082
-2.066,-2.165
-2.066,-2.11
-2.066,-2.128
-2.066,-2.386
-2.066,-2.478
-2.066,-2.414
-2.066,-2.497
-2.066,-2.506
-2.066,-2.469
-2.066,-2.101
-2.066,-1.843
-2.066,-1.704
-2.066,-1.852
-2.066,-1.99
-2.066,-1.962
-2.066,-1.907
-2.066,-1.944
-2.066,-2.128
-2.066,-2.193
-2.066,-2.313
-2.066,-2.405
-2.066,-2.58
-2.066,-2.46
-2.066,-2.266
-2.066,-2.156
-2.066,-2.101
-2.066,-2.008
-2.066,-1.806
-2.066,-1.612
-2.066,-1.668
-2.066,-1.64
-2.066,-1.824
-2.066,-1.935
-2.066,-2.239
-2.066,-2.276
-2.066,-2.156
-2.066,-2.11
-2.066,-2.036
-2.066,-2.064
-2.066,-2.211
-2.066,-2.266
-2.066,-2.23
-2.066,-2.193
-2.066,-1.953
-2.066,-1.815
-2.066,-1.833
-2.066,-1.944
-2.066,-2.202
-2.066,-2.313
-2.066,-2.395
-2.066,-2.524
-2.066,-2.349
-2.066,-2.276
-2.066,-2.082
-2.066,-1.99
-2.066,-1.714
-2.066,-1.649
-2.066,-1.64
-2.066,-1.797
-2.066,-2.091
-2.066,-2.23
-2.066,-2.377
-2.066,-2.432
-2.066,-2.359
-2.066,-2.248
-2.066,-1.944
-2.066,-1.778
-2.066,-1.658
-2.066,-1.861
-2.066,-1.972
-2.066,-2.082
-2.066,-2.359
-2.066,-2.432
-2.066,-2.589
-2.066,-2.681
-2.066,-2.506
-2.066,-2.174
-2.066,-2.128
-2.066,-2.027
-2.066,-1.806
-2.066,-1.704
-2.066,-1.76
-2.066,-1.787
-2.066,-1.815
-2.066,-2.027
-2.066,-2.174
-2.066,-2.266
-2.066,-2.22
-2.066,-2.091
-2.066,-2.036
-2.066,-2.036
-2.066,-2.045
-2.066,-2.11
-2.066,-2.11
-2.066,-2.045
-2.066,-2.137
-2.066,-2.202
-2.066,-2.285
-2.066,-2.359
-2.066,-2.359
-2.066,-2.257
-2.066,-1.962
-2.066,-1.852
-2.066,-1.797
-2.066,-1.797
-2.066,-2.045
-2.066,-2.147
-2.066,-2.285
-2.066,-2.368
-2.066,-2.34
-2.066,-2.147
-2.066,-1.99
-2.066,-1.953
-2.066,-1.981
-2.066,-2.027
-2.066,-2.119
1.074,-2.064
1.074,-1.603
1.074,-1.41
1.074,-1.133
1.074,-1.013
1.074,-0.903
1.074,-0.912
1.074,-0.811
1.074,-0.783
1.074,-0.627
1.074,-0.488
1.074,-0.12
1.074,0.074
1.074,0.138
1.074,0.166
1.074,0.193
1.074,0.138
1.074,0.166
1.074,0.166
1.074,0.037
1.074,0.009
1.074,0.092
1.074,0.378
1.074,0.654
1.074,0.866
1.074,1.179
1.074,1.244
1.074,0.921
1.074,0.691
1.074,0.682
1.074,0.709
1.074,0.894
1.074,0.903
1.074,1.069
1.074,1.106
1.074,0.719
1.074,0.507
1.074,0.221
1.074,0.212
1.074,0.212
1.074,0.332
1.074,0.783
1.074,1.023
1.074,1.585
1.074,1.852
1.074,1.981
1.074,2.073
1.074,1.787
1.074,1.4
1.074,0.47
1.074,0.405
1.074,0.35
1.074,0.369
1.074,0.507
1.074,0.673
1.074,0.903
1.074,1.078
1.074,1.281
1.074,1.336
1.074,1.299
1.074,1.142
1.074,0.884
1.074,0.866
1.074,1.004
1.074,1.096
1.074,1.078
1.074,1.013
1.074,1.087
1.074,1.189
1.074,0.986
1.074,0.802
1.074,0.682
1.074,0.746
1.074,1.106
1.074,1.244
1.074,1.364
1.074,1.465
1.074,1.483
1.074,1.345
1.074,0.746
1.074,0.746
1.074,0.986
1.074,0.986
1.074,1.004
1.074,0.967
1.074,1.152
1.074,1.198
1.074,1.235
1.074,1.317
1.074,1.069
1.074,1.023
1.074,1.013
1.074,0.967
1.074,0.903
1.074,0.949
1.074,1.041
1.074,1.142
1.074,1.271
1.074,1.281
1.074,1.677
1.074,1.769
1.074,1.474
1.074,1.29
1.074,1.308
1.074,1.216
1.074,0.967
1.074,0.894
1.074,0.875
1.074,0.884
1.074,0.995
1.074,1.106
1.074,1.189
1.074,1.216
1.074,1.373
1.074,1.308
1.074,1.317
1.074,1.152
1.074,1.152
1.074,1.106
1.074,1.013
1.074,0.949
1.074,0.977
1.074,1.096
1.074,1.317
1.074,1.216
1.074,1.198
1.074,1.317
1.074,1.133
1.074,1.05
1.074,1.023
1.074,1.023
1.074,1.041
1.074,1.115
1.074,1.152
1.074,1.161
1.074,1.225
1.074,1.244
1.074,1.345
1.074,1.391
1.074,1.594
1.074,1.686
1.074,1.704
1.074,1.64
1.074,1.299
1.074,1.078
1.074,1.05
1.074,0.995
1.074,0.986
1.074,1.013
1.074,0.958
1.074,0.967
1.074,0.875
1.074,0.884
1.074,0.894
1.074,0.884
1.074,1.013
1.074,1.096
1.074,1.262
1.074,1.364
1.074,1.493
1.074,1.566
1.074,1.548
1.074,1.529
1.074,1.345
1.074,1.087
1.074,0.838
1.074,0.912
0,0.986
0,1.05
0,0.894
0,0.875
0,0.746
0,0.636
0,0.636
0,0.636
0,0.709
0,0.691
0,0.59
0,0.562
0,0.442
0,0.442
0,0.47
0,0.47
0,0.387
0,0.387
0,0.396
0,0.461
0,0.378
0,0.341
0,0.295
0,0.304
0,0.249
0,0.276
0,0.258
0,0.341
0,0.286
0,0.267
0,0.175
0,0.221
0,0.203
0,0.276
0,0.286
0,0.276
0,0.212
0,0.276
0,0.175
0,0.203
0,0.175
0,0.157
0,0.111
0,0.166
0,0.193
0,0.166
0,0.166
0,0.147
0,0.147
0,0.138
0,0.175
0,0.111
0,0.129
0,0.083
0,0.092
0,0.111
0,0.111
0,0.083
0,0.055
0,0.064
0,0.055
0,0.046
0,0.028
0,0.037
0,0.009
0,0.009
0,0.018
0,0
0,0.018
0,0
0,0
0,0
0,0
0,0
0,0
0,0
0,-0.028
0,0
0,-0.037
0,-0.009
0,0
0,-0.037
0,-0.009
0,-0.046
0,0
0,0
0,-0.037
0,-0.018
0,-0.028
0,-0.009
0,-0.018
0,-0.018
0,-0.018
0,-0.018
0,0
0,-0.018
0,-0.009
0,-0.018
0,0
0,-0.018
0,-0.018
0,-0.009
0,0
0,-0.009
0,-0.009
0,0.009
0,-0.009
0,-0.009
0,0
0,0
0,0
0,-0.018
0,0.009
0,0
0,-0.009
0,0.009
0,0
0,-0.018
0,-0.009
0,-0.009
0,-0.018
0,0
0,-0.009
0,0
0,0
0,0
0,0
0,0.009
0,0
0,0
0,-0.009
0,0
0,0
0,0
0,0
0,0
0,0.009
0,0
0,0
0,0
0,0
0,0
0,0
0,0
0,0
0,0
0,0
0,0
0,0
0,0
0,0
0,0
0,0
0,0
0,0
0,0
0,0
0,0
0,0
0,0
0,0
0,0
0,0
0,0
0,0
0,0
0,0
-0.088,0
-0.088,0
-0.088,0
-0.088,0
-0.088,0
-0.088,-0.009
-0.088,0
-0.088,-0.009
-0.088,-0.018
-0.088,0
-0.088,-0.018
-0.088,-0.009
-0.088,-0.009
-0.088,-0.009
-0.088,-0.009
-0.088,-0.018
-0.088,0.009
-0.088,0
-0.088,-0.009
-0.088,0
-0.088,-0.009
-0.088,-0.009
-0.088,0.009
-0.088,-0.018
-0.088,0.009
-0.088,-0.018
-0.088,0
-0.088,-0.009
-0.088,-0.018
-0.088,-0.009
-0.088,-0.009
-0.088,0
-0.088,-0.018
-0.088,-0.018
-0.088,0
-0.088,-0.009
-0.088,-0.018
-0.088,-0.009
-0.088,-0.018
-0.088,-0.018
-0.088,-0.028
-0.088,-0.018
-0.088,-0.018
-0.088,-0.018
-0.088,-0.018
-0.088,-0.009
-0.088,-0.018
-0.088,-0.009
-0.088,-0.018
-0.088,-0.028
-0.088,-0.009
-0.088,-0.018
-0.088,-0.028
-0.088,-0.018
-0.088,-0.028
-0.088,-0.018
-0.088,-0.028
-0.088,-0.028
-0.088,0
-0.088,-0.046
-0.088,-0.037
-0.088,-0.018
-0.088,-0.037
-0.088,-0.009
-0.088,-0.018
-0.088,-0.028
-0.088,-0.009
-0.088,-0.037
-0.088,-0.028
-0.088,-0.028
-0.088,-0.055
-0.088,-0.018
-0.088,-0.028
-0.088,-0.037
-0.088,-0.028
-0.088,-0.018
-0.088,-0.028
-0.088,-0.046
-0.088,-0.018
-0.088,-0.018
-0.088,-0.028
-0.088,-0.083
-0.088,-0.037
-0.088,-0.037
-0.088,-0.046
-0.088,-0.028
-0.088,-0.018
-0.088,-0.046
-0.088,-0.046
-0.088,-0.028
-0.088,-0.055
-0.088,-0.028
-0.088,-0.074
-0.088,-0.037
-0.088,-0.028
-0.088,-0.064
-0.088,-0.046
-0.088,-0.046
-0.088,-0.046
-0.088,-0.055
-0.088,-0.064
-0.088,-0.046
-0.088,-0.046
-0.088,-0.064
-0.088,-0.046
-0.088,-0.083
-0.088,-0.055
-0.088,-0.074
-0.088,-0.074
-0.088,-0.083
-0.088,-0.074
-0.088,-0.055
-0.088,-0.092
-0.088,-0.064
-0.088,-0.092
-0.088,-0.074
-0.088,-0.074
-0.088,-0.055
-0.088,-0.064
-0.088,-0.046
-0.088,-0.055
-0.088,-0.064
-0.088,-0.083
-0.088,-0.074
-0.088,-0.074
-0.088,-0.074
-0.088,-0.101
-0.088,-0.074
-0.088,-0.092
-0.088,-0.064
-0.088,-0.083
-0.088,-0.083
-0.088,-0.064
-0.088,-0.138
-0.088,-0.074
-0.088,-0.101
-0.088,-0.101
-0.088,-0.101
-0.088,-0.074
-0.088,-0.147
-0.088,-0.092
-0.088,-0.12
-0.088,-0.147
-0.088,-0.129
-0.088,-0.12
-0.088,-0.101
-0.088,-0.129
-0.088,-0.101
-0.088,-0.157
-0.088,-0.129
-0.088,-0.111
-0.088,-0.111
-0.088,-0.111
-0.088,-0.092
-0.088,-0.111
-0.088,-0.129
-0.088,-0.129
-0.088,-0.092
-0.088,-0.101
-0.088,-0.111
-0.088,-0.111
-0.088,-0.12
-0.088,-0.111
-0.088,-0.12
-0.088,-0.111
-0.088,-0.101
-0.088,-0.074
1.781,-0.111
1.781,-0.046
1.781,0.037
1.781,0.009
1.781,0.009
1.781,0.009
1.781,0.028
1.781,0.074
1.781,0.101
1.781,0.147
1.781,0.24
1.781,0.258
1.781,0.405
1.781,0.433
1.781,0.479
1.781,0.544
1.781,0.571
1.781,0.599
1.781,0.673
1.781,0.737
1.781,0.636
1.781,0.7
1.781,0.755
1.781,0.792
1.781,0.912
1.781,0.986
1.781,1.336
1.781,1.474
1.781,1.658
1.781,1.723
1.781,1.308
1.781,1.161
1.781,1.115
1.781,1.262
1.781,1.686
1.781,1.833
1.781,1.806
1.781,1.649
1.781,1.732
1.781,1.575
1.781,1.566
1.781,1.64
1.781,1.935
1.781,2.036
1.781,2.174
1.781,1.962
1.781,1.732
1.781,1.769
1.781,1.907
1.781,1.87
1.781,2.064
1.781,1.843
1.781,1.704
1.781,1.889
1.781,2.359
1.781,2.534
1.781,2.506
1.781,2.414
1.781,2.027
1.781,1.88
1.781,1.317
1.781,1.106
1.781,1.087
1.781,1.308
1.781,1.732
1.781,1.962
1.781,2.248
1.781,2.276
1.781,2.534
1.781,2.653
1.781,2.755
1.781,2.635
1.781,1.926
1.781,1.235
1.781,0.958
1.781,0.995
1.781,1.465
1.781,1.686
1.781,1.962
1.781,1.999
1.781,2.248
1.781,2.322
1.781,2.11
1.781,1.898
1.781,1.631
1.781,1.658
1.781,1.695
1.781,1.741
1.781,1.631
1.781,1.612
1.781,1.382
1.781,1.382
1.781,1.76
1.781,2.027
1.781,2.506
1.781,2.598
1.781,2.331
1.781,1.99
1.781,1.704
1.781,1.539
1.781,1.529
1.781,1.732
1.781,2.248
1.781,2.248
1.781,2.202
1.781,2.165
1.781,1.76
1.781,1.695
1.781,1.741
1.781,1.778
1.781,1.935
1.781,1.972
1.781,2.156
1.781,2.23
1.781,2.193
1.781,1.907
1.781,1.364
1.781,1.271
1.781,1.539
1.781,1.557
1.781,1.511
1.781,1.539
1.781,1.594
1.781,1.649
1.781,1.824
1.781,1.944
1.781,1.769
1.781,1.686
1.781,1.631
1.781,1.566
1.781,1.511
1.781,1.446
1.781,1.41
1.781,1.465
1.781,1.631
1.781,1.843
1.781,1.806
1.781,1.843
1.781,1.806
1.781,1.751
1.781,1.493
1.781,1.612
1.781,1.769
1.781,1.87
1.781,2.091
1.781,2.211
1.781,2.294
1.781,2.119
1.781,2.045
1.781,1.778
1.781,1.446
1.781,1.373
1.781,1.483
1.781,1.557
1.781,1.612
1.781,1.76
1.781,2.137
1.781,2.257
1.781,2.46
1.781,2.497
1.781,2.193
1.781,1.99
1.781,1.999
1.781,1.981
1.781,1.962
1.781,1.916
1.781,1.824
0.483,1.843
0.483,1.658
0.483,1.594
0.483,1.575
0.483,1.566
0.483,1.502
0.483,1.4
0.483,1.29
0.483,1.244
0.483,1.124
0.483,1.06
0.483,0.967
0.483,0.921
0.483,0.912
0.483,0.94
0.483,0.958
0.483,0.931
0.483,0.921
0.483,0.931
0.483,0.829
0.483,0.82
0.483,0.829
0.483,0.866
0.483,0.848
0.483,0.802
0.483,0.746
0.483,0.737
0.483,0.636
0.483,0.691
0.483,0.599
0.483,0.544
0.483,0.691
0.483,0.691
0.483,0.7
0.483,0.691
0.483,0.709
0.483,0.654
0.483,0.571
0.483,0.617
0.483,0.544
0.483,0.617
0.483,0.562
0.483,0.599
0.483,0.516
0.483,0.525
0.483,0.488
0.483,0.47
0.483,0.451
0.483,0.479
0.483,0.488
0.483,0.488
0.483,0.571
0.483,0.59
0.483,0.553
0.483,0.562
0.483,0.553
0.483,0.525
0.483,0.525
0.483,0.571
0.483,0.488
0.483,0.516
0.483,0.488
0.483,0.488
0.483,0.488
0.483,0.479
0.483,0.534
0.483,0.442
0.483,0.47
0.483,0.387
0.483,0.451
0.483,0.47
0.483,0.387
0.483,0.442
0.483,0.415
0.483,0.405
0.483,0.424
0.483,0.405
0.483,0.415
0.483,0.378
0.483,0.433
0.483,0.396
0.483,0.369
0.483,0.359
0.483,0.396
0.483,0.332
0.483,0.359
0.483,0.322
0.483,0.295
0.483,0.322
0.483,0.313
0.483,0.322
0.483,0.35
0.483,0.286
0.483,0.276
0.483,0.313
0.483,0.313
0.483,0.295
0.483,0.258
0.483,0.313
0.483,0.267
0.483,0.313
0.483,0.276
0.483,0.258
0.483,0.258
0.483,0.249
0.483,0.276
0.483,0.276
0.483,0.267
0.483,0.221
0.483,0.249
0.483,0.304
0.483,0.249
0.483,0.332
0.483,0.286
0.483,0.276
0.483,0.267
0.483,0.221
0.483,0.24
0.483,0.258
0.483,0.258
0.483,0.221
0.483,0.221
0.483,0.267
0.483,0.258
0.483,0.221
0.483,0.249
0.483,0.304
0.483,0.295
0.483,0.249
0.483,0.24
0.483,0.258
0.483,0.193
0.483,0.286
0.483,0.258
0.483,0.258
0.483,0.295
0.483,0.258
0.483,0.267
0.483,0.267
0.483,0.341
0.483,0.35
0.483,0.332
0.483,0.304
0.483,0.24
0.483,0.295
0.483,0.286
0.483,0.276
0.483,0.332
0.483,0.267
0.483,0.341
0.483,0.322
0.483,0.35
0.483,0.313
0.483,0.35
0.483,0.341
0.483,0.396
0.483,0.387
0.483,0.461
0.483,0.415
0.483,0.35
0.483,0.387
0.483,0.387
0.483,0.424
0.483,0.405
0.483,0.461
0.483,0.516
0.483,0.507
0.518,0.461
0.518,0.387
0.518,0.405
0.518,0.405
0.518,0.378
0.518,0.424
0.518,0.396
0.518,0.359
0.518,0.442
0.518,0.479
0.518,0.498
0.518,0.544
0.518,0.608
0.518,0.617
0.518,0.479
0.518,0.433
0.518,0.424
0.518,0.479
0.518,0.424
0.518,0.387
0.518,0.479
0.518,0.451
0.518,0.488
0.518,0.488
0.518,0.562
0.518,0.498
0.518,0.58
0.518,0.645
0.518,0.627
0.518,0.608
0.518,0.7
0.518,0.7
0.518,0.562
0.518,0.571
0.518,0.451
0.518,0.433
0.518,0.488
0.518,0.488
0.518,0.488
0.518,0.507
0.518,0.525
0.518,0.608
0.518,0.562
0.518,0.59
0.518,0.534
0.518,0.516
0.518,0.525
0.518,0.534
0.518,0.516
0.518,0.525
0.518,0.654
0.518,0.608
0.518,0.59
0.518,0.645
0.518,0.645
0.518,0.682
0.518,0.617
0.518,0.617
0.518,0.544
0.518,0.571
0.518,0.59
0.518,0.507
0.518,0.433
0.518,0.451
0.518,0.47
0.518,0.562
0.518,0.59
0.518,0.59
0.518,0.507
0.518,0.488
0.518,0.562
0.518,0.571
0.518,0.571
0.518,0.544
0.518,0.571
0.518,0.562
0.518,0.525
0.518,0.498
0.518,0.571
0.518,0.58
0.518,0.599
0.518,0.599
0.518,0.544
0.518,0.571
0.518,0.617
0.518,0.599
0.518,0.498
0.518,0.488
0.518,0.525
0.518,0.534
0.518,0.663
0.518,0.544
0.518,0.608
0.518,0.553
0.518,0.507
0.518,0.488
0.518,0.479
0.518,0.488
0.518,0.525
0.518,0.442
0.518,0.498
0.518,0.498
0.518,0.571
0.518,0.682
0.518,0.673
0.518,0.599
0.518,0.498
0.518,0.488
0.518,0.553
0.518,0.562
0.518,0.47
0.518,0.461
0.518,0.396
0.518,0.433
0.518,0.433
0.518,0.516
0.518,0.608
0.518,0.654
0.518,0.709
0.518,0.691
0.518,0.544
0.518,0.534
0.518,0.461
0.518,0.534
0.518,0.442
0.518,0.488
0.518,0.442
0.518,0.479
0.518,0.507
0.518,0.507
0.518,0.571
0.518,0.59
0.518,0.534
0.518,0.571
0.518,0.59
0.518,0.59
0.518,0.58
0.518,0.516
0.518,0.461
0.518,0.461
0.518,0.544
0.518,0.507
0.518,0.544
0.518,0.488
0.518,0.525
0.518,0.516
0.518,0.479
0.518,0.507
0.518,0.451
0.518,0.479
0.518,0.525
0.518,0.507
0.518,0.534
0.518,0.544
0.518,0.7
0.518,0.627
0.518,0.59
0.518,0.654
0.518,0.534
0.518,0.525
0.518,0.415
0.518,0.396
0.518,0.461
0.518,0.498
0.518,0.516
0.518,0.525
0.518,0.562
1.581,0.58
1.581,0.829
1.581,0.995
1.581,1.115
1.581,1.216
1.581,1.041
1.581,1.032
1.581,1.142
1.581,1.179
1.581,1.142
1.581,1.152
1.581,1.013
1.581,1.078
1.581,1.179
1.581,1.142
1.581,1.262
1.581,1.253
1.581,1.152
1.581,1.078
1.581,1.152
1.581,1.308
1.581,1.502
1.581,1.474
1.581,1.271
1.581,1.271
1.581,1.529
1.581,1.612
1.581,1.668
1.581,1.511
1.581,1.778
1.581,1.631
1.581,1.207
1.581,1.041
1.581,0.958
1.581,1.05
1.581,1.253
1.581,1.446
1.581,1.502
1.581,1.548
1.581,1.723
1.581,1.751
1.581,1.686
1.581,1.704
1.581,1.824
1.581,1.806
1.581,1.64
1.581,1.575
1.581,1.714
1.581,1.741
1.581,1.493
1.581,1.612
1.581,1.741
1.581,1.704
1.581,1.456
1.581,1.391
1.581,1.566
1.581,1.612
1.581,1.833
1.581,1.787
1.581,1.52
1.581,1.483
1.581,1.271
1.581,1.336
1.581,1.345
1.581,1.364
1.581,1.566
1.581,1.658
1.581,1.787
1.581,1.824
1.581,1.944
1.581,2.091
1.581,2.137
1.581,1.944
1.581,1.751
1.581,1.695
1.581,1.787
1.581,1.787
1.581,1.649
1.581,1.612
1.581,1.677
1.581,1.751
1.581,1.474
1.581,1.483
1.581,1.668
1.581,1.64
1.581,1.594
1.581,1.612
1.581,1.668
1.581,1.695
1.581,1.751
1.581,1.797
1.581,1.751
1.581,1.677
1.581,1.603
1.581,1.529
1.581,1.373
1.581,1.364
1.581,1.336
1.581,1.4
1.581,1.502
1.581,1.695
1.581,1.953
1.581,2.137
1.581,2.322
1.581,2.276
1.581,1.981
1.581,1.732
1.581,1.189
1.581,1.087
1.581,1.124
1.581,1.133
1.581,1.382
1.581,1.502
1.581,1.787
1.581,1.907
1.581,1.972
1.581,1.944
1.581,1.612
1.581,1.336
1.581,1.317
1.581,1.308
1.581,1.502
1.581,1.668
1.581,1.944
1.581,1.99
1.581,2.055
1.581,2.045
1.581,1.732
1.581,1.64
1.581,1.612
1.581,1.677
1.581,1.677
1.581,1.585
1.581,1.428
1.581,1.493
1.581,1.631
1.581,1.603
1.581,1.612
1.581,1.529
1.581,1.539
1.581,1.41
1.581,1.456
1.581,1.474
1.581,1.373
1.581,1.354
1.581,1.493
1.581,1.539
1.581,1.622
1.581,1.76
1.581,1.76
1.581,1.723
1.581,1.806
1.581,1.769
1.581,1.824
1.581,1.861
1.581,1.575
1.581,1.483
1.581,1.456
1.581,1.446
1.581,1.428
1.581,1.465
1.581,1.539
1.581,1.686
1.581,1.677
1.581,1.714
1.581,1.649
1.581,1.622
1.344,1.529
1.344,1.52
1.344,1.529
1.344,1.575
1.344,1.419
1.344,1.493
1.344,1.308
1.344,1.336
1.344,1.373
1.344,1.41
1.344,1.594
1.344,1.64
1.344,1.769
1.344,1.806
1.344,1.686
1.344,1.704
1.344,1.493
1.344,1.437
1.344,1.428
1.344,1.253
1.344,1.244
1.344,1.253
1.344,1.382
1.344,1.382
1.344,1.456
1.344,1.465
1.344,1.548
1.344,1.493
1.344,1.557
1.344,1.557
1.344,1.456
1.344,1.308
1.344,1.281
1.344,1.299
1.344,1.373
1.344,1.41
1.344,1.622
1.344,1.603
1.344,1.529
1.344,1.456
1.344,1.382
1.344,1.262
1.344,1.235
1.344,1.244
1.344,1.253
1.344,1.281
1.344,1.327
1.344,1.364
1.344,1.317
1.344,1.235
1.344,1.4
1.344,1.336
1.344,1.364
1.344,1.354
1.344,1.336
1.344,1.364
1.344,1.308
1.344,1.271
1.344,1.142
1.344,1.225
1.344,1.262
1.344,1.29
1.344,1.327
1.344,1.391
1.344,1.428
1.344,1.511
1.344,1.327
1.344,1.244
1.344,1.262
1.344,1.253
1.344,1.244
1.344,1.29
1.344,1.354
1.344,1.336
1.344,1.437
1.344,1.419
1.344,1.456
1.344,1.437
1.344,1.446
1.344,1.483
1.344,1.308
1.344,1.271
1.344,1.281
1.344,1.29
1.344,1.4
1.344,1.336
1.344,1.428
1.344,1.446
1.344,1.52
1.344,1.529
1.344,1.566
1.344,1.529
1.344,1.474
1.344,1.373
1.344,1.078
1.344,1.124
1.344,1.087
1.344,1.152
1.344,1.244
1.344,1.345
1.344,1.41
1.344,1.557
1.344,1.548
1.344,1.622
1.344,1.658
1.344,1.704
1.344,1.41
1.344,1.41
1.344,1.235
1.344,1.207
1.344,1.106
1.344,1.106
1.344,1.308
1.344,1.327
1.344,1.428
1.344,1.493
1.344,1.483
1.344,1.465
1.344,1.594
1.344,1.566
1.344,1.557
1.344,1.539
1.344,1.373
1.344,1.17
1.344,1.032
1.344,1.013
1.344,1.17
1.344,1.133
1.344,1.253
1.344,1.29
1.344,1.373
1.344,1.336
1.344,1.308
1.344,1.336
1.344,1.299
1.344,1.262
1.344,1.327
1.344,1.235
1.344,1.179
1.344,1.17
1.344,1.096
1.344,1.115
1.344,1.124
1.344,1.142
1.344,1.133
1.344,1.142
1.344,1.078
1.344,1.078
1.344,1.133
1.344,1.262
1.344,1.345
1.344,1.4
1.344,1.529
1.344,1.419
1.344,1.511
1.344,1.511
1.344,1.456
1.344,1.456
1.344,1.382
1.344,1.299
1.344,1.207
1.344,1.225
1.344,1.216
1.344,1.152
1.344,1.124
1.344,1.142
1.344,1.235
0.338,1.262
0.338,1.216
0.338,1.142
0.338,1.198
0.338,1.189
0.338,1.17
0.338,1.096
0.338,0.977
0.338,0.903
0.338,0.82
0.338,0.802
0.338,0.709
0.338,0.802
0.338,0.811
0.338,0.802
0.338,0.802
0.338,0.802
0.338,0.765
0.338,0.709
0.338,0.765
0.338,0.663
0.338,0.682
0.338,0.636
0.338,0.617
0.338,0.645
0.338,0.617
0.338,0.728
0.338,0.673
0.338,0.691
0.338,0.682
0.338,0.636
0.338,0.599
0.338,0.571
0.338,0.507
0.338,0.498
0.338,0.498
0.338,0.534
0.338,0.571
0.338,0.58
0.338,0.59
0.338,0.571
0.338,0.58
0.338,0.58
0.338,0.516
0.338,0.553
0.338,0.553
0.338,0.461
0.338,0.47
0.338,0.451
0.338,0.396
0.338,0.424
0.338,0.442
0.338,0.387
0.338,0.424
0.338,0.424
0.338,0.387
0.338,0.424
0.338,0.359
0.338,0.378
0.338,0.322
0.338,0.286
0.338,0.304
0.338,0.304
0.338,0.322
0.338,0.322
0.338,0.35
0.338,0.304
0.338,0.276
0.338,0.286
0.338,0.295
0.338,0.322
0.338,0.322
0.338,0.304
0.338,0.304
0.338,0.267
0.338,0.295
0.338,0.267
0.338,0.267
0.338,0.221
0.338,0.276
0.338,0.258
0.338,0.276
0.338,0.24
0.338,0.258
0.338,0.24
0.338,0.203
0.338,0.23
0.338,0.221
0.338,0.184
0.338,0.221
0.338,0.193
0.338,0.184
0.338,0.184
0.338,0.184
0.338,0.166
0.338,0.184
0.338,0.193
0.338,0.193
0.338,0.175
0.338,0.138
0.338,0.184
0.338,0.175
0.338,0.147
0.338,0.12
0.338,0.129
0.338,0.138
0.338,0.111
0.338,0.129
0.338,0.129
0.338,0.129
0.338,0.147
0.338,0.175
0.338,0.157
0.338,0.175
0.338,0.175
0.338,0.129
0.338,0.147
0.338,0.166
0.338,0.147
0.338,0.175
0.338,0.101
0.338,0.129
0.338,0.101
0.338,0.101
0.338,0.157
0.338,0.157
0.338,0.203
0.338,0.175
0.338,0.184
0.338,0.147
0.338,0.147
0.338,0.147
0.338,0.129
0.338,0.101
0.338,0.083
0.338,0.101
0.338,0.092
0.338,0.12
0.338,0.157
0.338,0.166
0.338,0.175
0.338,0.157
0.338,0.111
0.338,0.083
0.338,0.083
0.338,0.064
0.338,0.083
0.338,0.101
0.338,0.12
0.338,0.166
0.338,0.221
0.338,0.249
0.338,0.322
0.338,0.304
0.338,0.249
0.338,0.221
0.338,0.175
0.338,0.129
0.338,0.111
0.338,0.157
0.338,0.12
0.338,0.175
0.338,0.24
0.338,0.23
0.338,0.184
0.338,0.147
0.338,0.166
-1.395,0.147
-1.395,0.092
-1.395,-0.037
-1.395,-0.037
-1.395,-0.018
-1.395,-0.009
-1.395,0.009
-1.395,-0.055
-1.395,-0.111
-1.395,-0.092
-1.395,-0.129
-1.395,-0.157
-1.395,-0.249
-1.395,-0.276
-1.395,-0.295
-1.395,-0.267
-1.395,-0.35
-1.395,-0.396
-1.395,-0.415
-1.395,-0.451
-1.395,-0.525
-1.395,-0.516
-1.395,-0.516
-1.395,-0.534
-1.395,-0.608
-1.395,-0.599
-1.395,-0.636
-1.395,-0.663
-1.395,-0.691
-1.395,-0.746
-1.395,-0.829
-1.395,-0.857
-1.395,-1.152
-1.395,-1.06
-1.395,-1.032
-1.395,-0.986
-1.395,-1.152
-1.395,-1.391
-1.395,-1.446
-1.395,-1.373
-1.395,-1.207
-1.395,-1.124
-1.395,-1.29
-1.395,-1.133
-1.395,-1.06
-1.395,-1.207
-1.395,-1.437
-1.395,-1.566
-1.395,-1.778
-1.395,-1.815
-1.395,-1.575
-1.395,-1.419
-1.395,-1.29
-1.395,-1.133
-1.395,-1.179
-1.395,-1.253
-1.395,-1.474
-1.395,-1.548
-1.395,-1.751
-1.395,-1.704
-1.395,-1.474
-1.395,-1.308
-1.395,-1.161
-1.395,-1.235
-1.395,-1.456
-1.395,-1.575
-1.395,-1.852
-1.395,-1.981
-1.395,-1.935
-1.395,-1.714
-1.395,-1.483
-1.395,-1.446
-1.395,-1.235
-1.395,-1.253
-1.395,-1.179
-1.395,-1.133
-1.395,-1.271
-1.395,-1.465
-1.395,-1.668
-1.395,-1.732
-1.395,-1.493
-1.395,-1.419
-1.395,-1.308
-1.395,-1.382
-1.395,-1.612
-1.395,-1.778
-1.395,-1.797
-1.395,-1.778
-1.395,-1.539
-1.395,-1.419
-1.395,-1.124
-1.395,-1.013
-1.395,-1.096
-1.395,-1.096
-1.395,-1.4
-1.395,-1.493
-1.395,-1.64
-1.395,-1.76
-1.395,-1.953
-1.395,-1.944
-1.395,-1.686
-1.395,-1.502
-1.395,-0.949
-1.395,-0.848
-1.395,-1.078
-1.395,-1.179
-1.395,-1.29
-1.395,-1.281
-1.395,-1.317
-1.395,-1.354
-1.395,-1.631
-1.395,-1.741
-1.395,-1.87
-1.395,-1.907
-1.395,-1.843
-1.395,-1.603
-1.395,-1.133
-1.395,-1.06
-1.395,-1.161
-1.395,-1.299
-1.395,-1.446
-1.395,-1.446
-1.395,-1.244
-1.395,-1.198
-1.395,-1.317
-1.395,-1.354
-1.395,-1.437
-1.395,-1.419
-1.395,-1.354
-1.395,-1.317
-1.395,-1.225
-1.395,-1.244
-1.395,-1.483
-1.395,-1.548
-1.395,-1.41
-1.395,-1.327
-1.395,-1.271
-1.395,-1.235
-1.395,-1.29
-1.395,-1.336
-1.395,-1.299
-1.395,-1.198
-1.395,-1.299
-1.395,-1.373
-1.395,-1.594
-1.395,-1.695
-1.395,-1.64
-1.395,-1.631
-1.395,-1.548
-1.395,-1.52
-1.395,-1.631
-1.395,-1.52
-1.395,-1.225
-1.395,-1.179
-1.395,-1.115
-1.395,-1.124
-1.395,-1.17
-1.395,-1.281
-1.395,-1.271
-1.395,-1.41
-1.395,-1.612
-1.395,-1.575
-1.395,-1.456
-1.395,-1.364
-1.395,-1.391
-1.395,-1.354
-1.395,-1.106
-1.144,-1.115
-1.144,-1.152
-1.144,-1.207
-1.144,-1.253
-1.144,-1.373
-1.144,-1.502
-1.144,-1.529
-1.144,-1.428
-1.144,-1.317
-1.144,-1.299
-1.144,-1.308
-1.144,-1.179
-1.144,-1.096
-1.144,-1.078
-1.144,-1.106
-1.144,-1.096
-1.144,-1.152
-1.144,-1.317
-1.144,-1.364
-1.144,-1.299
-1.144,-1.216
-1.144,-1.207
-1.144,-1.271
-1.144,-1.299
-1.144,-1.308
-1.144,-1.327
-1.144,-1.354
-1.144,-1.29
-1.144,-1.244
-1.144,-1.142
-1.144,-1.133
-1.144,-1.142
-1.144,-1.06
-1.144,-1.124
-1.144,-1.225
-1.144,-1.299
-1.144,-1.364
-1.144,-1.308
-1.144,-1.225
-1.144,-1.078
-1.144,-1.106
-1.144,-1.142
-1.144,-1.17
-1.144,-1.207
-1.144,-1.225
-1.144,-1.17
-1.144,-1.17
-1.144,-1.244
-1.144,-1.235
-1.144,-1.198
-1.144,-1.216
-1.144,-1.299
-1.144,-1.29
-1.144,-1.354
-1.144,-1.354
-1.144,-1.281
-1.144,-1.327
-1.144,-1.216
-1.144,-1.087
-1.144,-1.115
-1.144,-1.078
-1.144,-1.013
-1.144,-1.133
-1.144,-1.152
-1.144,-1.207
-1.144,-1.308
-1.144,-1.391
-1.144,-1.419
-1.144,-1.345
-1.144,-1.29
-1.144,-1.281
-1.144,-1.133
-1.144,-1.133
-1.144,-1.023
-1.144,-1.096
-1.144,-1.078
-1.144,-1.06
-1.144,-1.087
-1.144,-1.161
-1.144,-1.216
-1.144,-1.281
-1.144,-1.29
-1.144,-1.253
-1.144,-1.161
-1.144,-1.207
-1.144,-1.235
-1.144,-1.244
-1.144,-1.161
-1.144,-1.152
-1.144,-1.115
-1.144,-1.133
-1.144,-1.041
-1.144,-1.023
-1.144,-1.106
-1.144,-1.133
-1.144,-1.198
-1.144,-1.17
-1.144,-1.262
-1.144,-1.253
-1.144,-1.262
-1.144,-1.216
-1.144,-1.023
-1.144,-1.05
-1.144,-1.013
-1.144,-1.032
-1.144,-1.004
-1.144,-1.087
-1.144,-1.142
-1.144,-1.225
-1.144,-1.189
-1.144,-1.29
-1.144,-1.29
-1.144,-1.244
-1.144,-1.281
-1.144,-1.235
-1.144,-1.198
-1.144,-1.133
-1.144,-1.133
-1.144,-1.087
-1.144,-1.069
-1.144,-1.05
-1.144,-1.032
-1.144,-1.06
-1.144,-1.161
-1.144,-1.142
-1.144,-1.087
-1.144,-1.115
-1.144,-1.106
-1.144,-1.115
-1.144,-1.078
-1.144,-1.179
-1.144,-1.207
-1.144,-1.179
-1.144,-1.262
-1.144,-1.262
-1.144,-1.041
-1.144,-1.06
-1.144,-1.023
-1.144,-1.05
-1.144,-1.106
-1.144,-1.179
-1.144,-1.124
-1.144,-1.142
-1.144,-1.262
-1.144,-1.207
-1.144,-1.235
-1.144,-1.198
-1.144,-1.235
-1.144,-1.327
-1.144,-1.29
-1.144,-1.244
-1.144,-1.198
-1.144,-1.179
-1.144,-1.17
-1.144,-1.078
-1.144,-0.986
-1.144,-1.013
-1.144,-1.004
-1.144,-1.041
-1.144,-1.05
-1.144,-1.142
-1.144,-1.216
-1.144,-1.198
-1.144,-1.281
-1.144,-1.225
-1.144,-1.225
-1.144,-1.189
1.701,-1.05
1.701,-0.866
1.701,-0.59
1.701,-0.627
1.701,-0.525
1.701,-0.498
1.701,-0.387
1.701,-0.322
1.701,-0.064
1.701,0.064
1.701,0.249
1.701,0.387
1.701,0.571
1.701,0.627
1.701,0.58
1.701,0.59
1.701,0.682
1.701,0.709
1.701,0.949
1.701,1.142
1.701,0.977
1.701,0.746
1.701,0.654
1.701,0.663
1.701,0.755
1.701,0.903
1.701,1.161
1.701,1.373
1.701,1.474
1.701,1.539
1.701,1.649
1.701,1.502
1.701,1.244
1.701,1.364
1.701,1.658
1.701,1.962
1.701,2.156
1.701,1.916
1.701,1.179
1.701,0.967
1.701,0.875
1.701,0.912
1.701,1.557
1.701,4.072
1.701,1.695
1.701,-1.41
1.701,1.446
1.701,1.152
1.701,2.23
1.701,2.699
1.701,1.594
1.701,1.714
1.701,1.152
1.701,0.931
1.701,1.004
1.701,1.281
1.701,1.787
1.701,2.128
1.701,2.488
1.701,2.414
1.701,2.257
1.701,2.027
1.701,1.981
1.701,1.999
1.701,2.008
1.701,2.027
1.701,1.658
1.701,1.4
1.701,1.281
1.701,1.327
1.701,1.446
1.701,1.603
1.701,2.008
1.701,1.981
1.701,2.064
1.701,2.101
1.701,2.027
1.701,1.87
1.701,1.382
1.701,1.317
1.701,1.336
1.701,1.465
1.701,1.907
1.701,2.128
1.701,2.313
1.701,2.11
1.701,1.658
1.701,1.603
1.701,1.529
1.701,1.456
1.701,1.861
1.701,2.055
1.701,2.165
1.701,2.11
1.701,2.073
1.701,2.23
1.701,1.631
1.701,1.391
1.701,1.428
1.701,1.548
1.701,1.861
1.701,1.926
1.701,2.055
1.701,2.11
1.701,2.303
1.701,2.045
1.701,1.926
1.701,1.76
1.701,1.511
1.701,1.52
1.701,1.677
1.701,1.741
1.701,1.843
1.701,1.695
1.701,1.428
1.701,1.428
1.701,1.741
1.701,1.806
1.701,1.944
1.701,1.88
1.701,1.843
1.701,1.999
1.701,1.898
1.701,1.907
1.701,1.76
1.701,1.548
1.701,1.539
1.701,1.594
1.701,1.52
1.701,1.345
1.701,1.327
1.701,1.548
1.701,1.907
1.701,2.091
1.701,2.027
1.701,2.055
1.701,1.622
1.701,1.686
1.701,1.575
1.701,1.585
1.701,1.649
1.701,1.474
1.701,1.152
1.701,1.207
1.701,1.529
1.701,1.612
1.701,1.843
1.701,1.953
1.701,2.147
1.701,2.055
1.701,2.008
1.701,1.889
1.701,1.622
1.701,1.52
1.701,1.575
1.701,1.465
1.701,1.677
1.701,1.677
1.701,1.824
1.701,1.797
1.701,1.695
1.701,1.76
1.701,1.852
1.701,2.018
1.701,1.833
1.701,1.824
1.701,1.714
-2.074,1.732
-2.074,1.198
-2.074,0.866
-2.074,0.746
-2.074,0.746
-2.074,0.645
-2.074,0.507
-2.074,0.387
-2.074,0.267
-2.074,0.064
-2.074,0.037
-2.074,-0.055
-2.074,-0.12
-2.074,-0.488
-2.074,-0.608
-2.074,-0.663
-2.074,-0.59
-2.074,-0.857
-2.074,-1.013
-2.074,-1.078
-2.074,-1.189
-2.074,-1.373
-2.074,-1.585
-2.074,-1.907
-2.074,-2.008
-2.074,-2.331
-2.074,-2.331
-2.074,-2.34
-2.074,-2.303
-2.074,-1.769
-2.074,-1.364
-2.074,-0.995
-2.074,-1.06
-2.074,-1.483
-2.074,-1.769
-2.074,-1.999
-2.074,-2.101
-2.074,-2.285
-2.074,-2.405
-2.074,-2.34
-2.074,-2.497
-2.074,-2.69
-2.074,-2.534
-2.074,-1.852
-2.074,-1.354
-2.074,-0.866
-2.074,-0.783
-2.074,-0.719
-2.074,-0.967
-2.074,-1.622
-2.074,-1.953
-2.074,-2.303
-2.074,-2.46
-2.074,-2.985
-2.074,-3.059
-2.074,-2.994
-2.074,-2.764
-2.074,-2.211
-2.074,-1.87
-2.074,-1.566
-2.074,-1.529
-2.074,-1.603
-2.074,-1.824
-2.074,-1.99
-2.074,-2.008
-2.074,-1.935
-2.074,-1.741
-2.074,-1.898
-2.074,-2.045
-2.074,-2.008
-2.074,-1.999
-2.074,-2.202
-2.074,-2.257
-2.074,-2.423
-2.074,-2.561
-2.074,-2.58
-2.074,-2.22
-2.074,-1.907
-2.074,-1.815
-2.074,-1.815
-2.074,-2.027
-2.074,-1.926
-2.074,-1.778
-2.074,-1.649
-2.074,-1.695
-2.074,-1.852
-2.074,-1.99
-2.074,-2.46
-2.074,-2.607
-2.074,-2.543
-2.074,-2.442
-2.074,-2.561
-2.074,-2.69
-2.074,-2.561
-2.074,-2.285
-2.074,-1.732
-2.074,-1.723
-2.074,-1.539
-2.074,-1.585
-2.074,-1.612
-2.074,-1.704
-2.074,-1.843
-2.074,-2.091
-2.074,-2.276
-2.074,-2.432
-2.074,-2.727
-2.074,-2.847
-2.074,-2.828
-2.074,-2.699
-2.074,-1.87
-2.074,-1.575
-2.074,-1.557
-2.074,-1.594
-2.074,-1.704
-2.074,-1.953
-2.074,-2.442
-2.074,-2.506
-2.074,-2.626
-2.074,-2.607
-2.074,-2.469
-2.074,-2.442
-2.074,-1.668
-2.074,-1.41
-2.074,-1.465
-2.074,-1.732
-2.074,-2.064
-2.074,-2.147
-2.074,-2.414
-2.074,-2.414
-2.074,-2.598
-2.074,-2.617
-2.074,-2.58
-2.074,-2.58
-2.074,-2.257
-2.074,-2.018
-2.074,-2.008
-2.074,-2.128
-2.074,-2.303
-2.074,-2.377
-2.074,-2.395
-2.074,-2.257
-2.074,-2.239
-2.074,-2.349
-2.074,-2.257
-2.074,-2.322
-2.074,-2.073
-2.074,-2.018
-2.074,-1.843
-2.074,-1.935
-2.074,-2.055
-2.074,-2.082
-2.074,-2.266
-2.074,-2.165
-2.074,-1.889
-2.074,-1.76
-2.074,-1.806
-2.074,-1.916
-2.074,-2.018
-2.074,-2.137
-2.074,-2.073
-2.074,-2.073
-2.074,-2.377
-2.074,-2.58
-2.074,-2.709
-2.074,-2.736
-2.074,-2.331
-2.074,-2.202
-0.044,-1.428
-0.044,-1.308
-0.044,-1.327
-0.044,-1.41
-0.044,-1.41
-0.044,-1.382
-0.044,-1.419
-0.044,-1.511
-0.044,-1.493
-0.044,-1.465
-0.044,-1.364
-0.044,-1.299
-0.044,-0.921
-0.044,-0.617
-0.044,-0.166
-0.044,-0.193
-0.044,-0.276
-0.044,-0.212
-0.044,-0.396
-0.044,-0.442
-0.044,-0.387
-0.044,-0.322
-0.044,-0.369
-0.044,-0.341
-0.044,-0.295
-0.044,-0.249
-0.044,-0.322
-0.044,-0.359
-0.044,-0.359
-0.044,-0.23
-0.044,-0.23
-0.044,-0.249
-0.044,-0.166
-0.044,-0.12
-0.044,-0.138
-0.044,-0.111
-0.044,-0.193
-0.044,-0.221
-0.044,-0.175
-0.044,-0.23
-0.044,-0.203
-0.044,-0.212
-0.044,-0.212
-0.044,-0.23
-0.044,-0.212
-0.044,-0.212
-0.044,-0.129
-0.044,-0.138
-0.044,-0.083
-0.044,-0.12
-0.044,-0.092
-0.044,-0.083
-0.044,-0.037
-0.044,-0.055
-0.044,-0.009
-0.044,-0.009
-0.044,-0.018
-0.044,-0.037
-0.044,-0.028
-0.044,0.037
-0.044,0
-0.044,0.046
-0.044,0
-0.044,0.018
-0.044,0.028
-0.044,0.009
-0.044,0.083
-0.044,0.046
-0.044,0.055
-0.044,0.037
-0.044,0.037
-0.044,0.055
-0.044,0.064
-0.044,0.101
-0.044,0.037
-0.044,0.064
-0.044,0.064
-0.044,0.074
-0.044,0.028
-0.044,0.028
-0.044,0.074
-0.044,-0.009
-0.044,0.092
-0.044,0.028
-0.044,0.064
-0.044,0.055
-0.044,0.037
-0.044,0.055
-0.044,0.055
-0.044,0.055
-0.044,0.018
-0.044,0.046
-0.044,0.018
-0.044,0.028
-0.044,0.009
-0.044,0.046
-0.044,0.028
-0.044,0.018
-0.044,0.009
-0.044,-0.009
-0.044,0
-0.044,0.028
-0.044,0.009
-0.044,0.028
-0.044,0.018
-0.044,0.018
-0.044,-0.028
-0.044,0.028
-0.044,0.009
-0.044,-0.009
-0.044,0.037
-0.044,-0.009
-0.044,0
-0.044,-0.028
-0.044,0
-0.044,-0.009
-0.044,-0.009
-0.044,-0.028
-0.044,-0.028
-0.044,-0.009
-0.044,-0.009
-0.044,-0.018
-0.044,-0.018
-0.044,-0.018
-0.044,-0.009
-0.044,-0.009
-0.044,-0.018
-0.044,-0.009
-0.044,-0.018
-0.044,-0.018
-0.044,-0.009
-0.044,-0.018
-0.044,-0.018
-0.044,-0.009
-0.044,-0.028
-0.044,-0.028
-0.044,-0.018
-0.044,-0.009
-0.044,-0.018
-0.044,-0.018
-0.044,-0.018
-0.044,-0.018
-0.044,-0.009
-0.044,-0.018
-0.044,-0.009
-0.044,-0.018
-0.044,-0.018
-0.044,-0.009
-0.044,-0.018
-0.044,0.009
-0.044,0.009
-0.044,-0.009
-0.044,0
-0.044,0
-0.044,0
-0.044,0
-0.044,0
-0.044,0
-0.044,0.009
-0.044,0
-0.044,0
-0.044,0
-0.044,0
-0.044,-0.009
-0.044,0
-0.044,0
-0.044,0
-1.461,0
-1.461,-0.166
-1.461,-0.166
-1.461,-0.184
-1.461,-0.166
-1.461,-0.286
-1.461,-0.304
-1.461,-0.286
-1.461,-0.332
-1.461,-0.304
-1.461,-0.276
-1.461,-0.193
-1.461,-0.203
-1.461,-0.359
-1.461,-0.396
-1.461,-0.479
-1.461,-0.571
-1.461,-0.59
-1.461,-0.645
-1.461,-0.746
-1.461,-0.848
-1.461,-0.912
-1.461,-1.013
-1.461,-1.17
-1.461,-1.262
-1.461,-1.437
-1.461,-1.502
-1.461,-1.52
-1.461,-1.299
-1.461,-0.746
-1.461,-0.663
-1.461,-0.912
-1.461,-1.106
-1.461,-1.493
-1.461,-1.714
-1.461,-1.907
-1.461,-1.815
-1.461,-1.686
-1.461,-1.732
-1.461,-1.327
-1.461,-1.327
-1.461,-1.52
-1.461,-1.4
-1.461,-1.189
-1.461,-1.124
-1.461,-1.336
-1.461,-1.419
-1.461,-1.806
-1.461,-1.898
-1.461,-1.585
-1.461,-1.557
-1.461,-1.354
-1.461,-1.317
-1.461,-1.225
-1.461,-1.373
-1.461,-1.732
-1.461,-1.944
-1.461,-2.349
-1.461,-2.414
-1.461,-2.248
-1.461,-2.101
-1.461,-1.225
-1.461,-0.921
-1.461,-0.884
-1.461,-0.931
-1.461,-1.317
-1.461,-1.382
-1.461,-1.649
-1.461,-1.695
-1.461,-1.751
-1.461,-1.686
-1.461,-1.391
-1.461,-1.244
-1.461,-1.087
-1.461,-1.262
-1.461,-1.714
-1.461,-1.907
-1.461,-2.101
-1.461,-2.027
-1.461,-1.778
-1.461,-1.686
-1.461,-1.631
-1.461,-1.511
-1.461,-1.262
-1.461,-1.142
-1.461,-0.967
-1.461,-0.995
-1.461,-1.244
-1.461,-1.336
-1.461,-1.52
-1.461,-1.612
-1.461,-1.714
-1.461,-1.741
-1.461,-1.907
-1.461,-1.723
-1.461,-1.142
-1.461,-1.124
-1.461,-1.354
-1.461,-1.511
-1.461,-1.456
-1.461,-1.557
-1.461,-1.751
-1.461,-1.861
-1.461,-1.88
-1.461,-1.741
-1.461,-1.631
-1.461,-1.631
-1.461,-1.4
-1.461,-1.52
-1.461,-1.456
-1.461,-1.594
-1.461,-1.714
-1.461,-1.603
-1.461,-1.575
-1.461,-1.64
-1.461,-1.668
-1.461,-1.695
-1.461,-1.797
-1.461,-1.88
-1.461,-1.852
-1.461,-1.585
-1.461,-1.373
-1.461,-1.345
-1.461,-1.161
-1.461,-1.106
-1.461,-1.29
-1.461,-1.364
-1.461,-1.465
-1.461,-1.539
-1.461,-1.668
-1.461,-1.658
-1.461,-1.76
-1.461,-1.833
-1.461,-1.686
-1.461,-1.539
-1.461,-1.281
-1.461,-1.244
-1.461,-1.299
-1.461,-1.29
-1.461,-1.437
-1.461,-1.511
-1.461,-1.714
-1.461,-1.714
-1.461,-1.622
-1.461,-1.419
-1.461,-1.216
-1.461,-1.29
-1.461,-1.391
-1.461,-1.391
-1.461,-1.548
-1.461,-1.603
-1.461,-1.704
-1.461,-1.732
-1.461,-1.732
-1.461,-1.751
-1.461,-1.677
-1.461,-1.723
-1.461,-1.76
-1.461,-1.723
-1.461,-1.778
-1.461,-1.714
-1.461,-1.4
-1.461,-1.373
-1.461,-1.493
-1.461,-1.539
-1.461,-1.391
-1.461,-1.317
2.106,-1.354
2.106,-1.216
2.106,-0.811
2.106,-0.709
2.106,-0.488
2.106,-0.424
2.106,-0.341
2.106,-0.313
2.106,-0.101
2.106,0.009
2.106,0.267
2.106,0.341
2.106,0.525
2.106,0.7
2.106,1.013
2.106,1.216
2.106,1.4
2.106,1.511
2.106,1.677
2.106,1.843
2.106,1.474
2.106,1.253
2.106,0.995
2.106,0.792
2.106,0.507
2.106,0.682
2.106,1.152
2.106,1.354
2.106,1.815
2.106,2.091
2.106,2.524
2.106,2.626
2.106,2.884
2.106,3.031
2.106,3.013
2.106,3.188
2.106,2.727
2.106,1.99
2.106,0.848
2.106,0.461
2.106,0.544
2.106,0.709
2.106,1.023
2.106,0.083
2.106,1.953
2.106,0.562
2.106,3.068
2.106,3.086
2.106,4.026
2.106,3.243
2.106,3.658
2.106,3.612
2.106,2.957
2.106,2.395
2.106,1.953
2.106,1.695
2.106,1.419
2.106,1.225
2.106,1.17
2.106,1.465
2.106,2.064
2.106,2.395
2.106,2.644
2.106,2.69
2.106,2.184
2.106,1.926
2.106,1.723
2.106,1.797
2.106,2.266
2.106,2.386
2.106,2.045
2.106,2.156
2.106,2.395
2.106,2.414
2.106,1.787
2.106,1.622
2.106,1.29
2.106,1.382
2.106,1.907
2.106,2.22
2.106,2.727
2.106,2.847
2.106,2.552
2.106,2.303
2.106,1.916
2.106,1.76
2.106,1.364
2.106,1.456
2.106,1.686
2.106,1.88
2.106,2.349
2.106,2.534
2.106,2.838
2.106,2.792
2.106,3.004
2.106,3.004
2.106,2.902
2.106,2.423
2.106,1.437
2.106,1.152
2.106,1.317
2.106,1.225
2.106,1.437
2.106,1.751
2.106,2.34
2.106,2.699
2.106,2.994
2.106,2.902
2.106,2.865
2.106,2.819
2.106,2.469
2.106,2.137
2.106,1.354
2.106,1.493
2.106,1.76
2.106,1.833
2.106,2.423
2.106,2.626
2.106,3.031
2.106,3.114
2.106,3.243
2.106,3.077
2.106,2.193
2.106,2.036
2.106,1.787
2.106,1.668
2.106,1.815
2.106,2.055
2.106,2.34
2.106,2.414
2.106,2.488
2.106,2.257
2.106,1.87
2.106,1.612
2.106,1.446
2.106,1.327
2.106,1.483
2.106,1.677
2.106,2.165
2.106,2.432
2.106,2.598
2.106,2.644
2.106,2.617
2.106,2.663
2.106,2.322
2.106,1.898
2.106,1.52
2.106,1.511
2.106,1.612
2.106,1.833
2.106,2.202
2.106,2.313
2.106,2.561
2.106,2.69
2.106,2.856
2.106,2.948
2.106,2.939
2.106,2.819
2.106,2.478
2.106,2.027
2.106,0.875
2.106,0.884
2.106,1.133
2.106,1.364
2.106,1.787
2.106,2.008
2.106,2.285
0.936,2.46
0.936,2.58
0.936,2.589
0.936,2.607
0.936,2.359
0.936,1.87
0.936,1.658
0.936,1.225
0.936,1.069
0.936,0.802
0.936,0.691
0.936,0.645
0.936,0.636
0.936,0.977
0.936,1.17
0.936,1.382
0.936,1.4
0.936,1.364
0.936,1.29
0.936,0.829
0.936,0.673
0.936,0.82
0.936,0.949
0.936,1.179
0.936,1.281
0.936,1.299
0.936,1.271
0.936,1.096
0.936,0.903
0.936,0.719
0.936,0.765
0.936,0.811
0.936,0.875
0.936,0.949
0.936,1.05
0.936,1.198
0.936,1.253
0.936,1.428
0.936,1.446
0.936,1.419
0.936,1.391
0.936,1.271
0.936,1.106
0.936,0.802
0.936,0.562
0.936,0.516
0.936,0.562
0.936,0.507
0.936,0.498
0.936,0.525
0.936,0.488
0.936,0.627
0.936,0.663
0.936,0.783
0.936,0.792
0.936,0.857
0.936,0.967
0.936,1.05
0.936,1.17
0.936,1.354
0.936,1.373
0.936,1.4
0.936,1.308
0.936,1.142
0.936,0.848
0.936,0.451
0.936,0.359
0.936,0.442
0.936,0.415
0.936,0.507
0.936,0.498
0.936,0.663
0.936,0.663
0.936,0.866
0.936,0.921
0.936,1.133
0.936,1.253
0.936,1.299
0.936,1.299
0.936,0.811
0.936,0.654
0.936,0.709
0.936,0.746
0.936,0.783
0.936,0.848
0.936,0.728
0.936,0.682
0.936,0.562
0.936,0.627
0.936,0.728
0.936,0.7
0.936,0.866
0.936,0.958
0.936,1.207
0.936,1.29
0.936,1.299
0.936,1.308
0.936,0.894
0.936,0.682
0.936,0.47
0.936,0.498
0.936,0.663
0.936,0.774
0.936,0.765
0.936,0.848
0.936,0.811
0.936,0.894
0.936,0.857
0.936,0.875
0.936,1.004
0.936,1.023
0.936,1.05
0.936,1.06
0.936,0.977
0.936,0.894
0.936,0.691
0.936,0.59
0.936,0.663
0.936,0.599
0.936,0.7
0.936,0.866
0.936,0.848
0.936,0.875
0.936,0.903
0.936,0.986
0.936,1.023
0.936,1.124
0.936,1.004
0.936,0.967
0.936,0.829
0.936,0.783
0.936,0.783
0.936,0.802
0.936,0.866
0.936,0.866
0.936,0.875
0.936,0.958
0.936,0.967
0.936,0.967
0.936,0.949
0.936,0.967
0.936,0.977
0.936,0.931
0.936,0.866
0.936,0.967
0.936,1.06
0.936,1.06
0.936,1.096
0.936,1.124
0.936,1.087
0.936,1.004
0.936,0.958
0.936,0.884
0.936,0.792
0.936,0.829
0.936,0.958
0.936,1.06
0.936,1.152
0.936,1.225
0.936,1.179
0.936,1.115
0.936,1.013
0.936,1.004
0.936,0.986
0.936,0.958
0.936,0.921
0.936,0.811
0.002,0.719
0.002,0.691
0.002,0.755
0.002,0.765
0.002,0.737
0.002,0.774
0.002,0.663
0.002,0.654
0.002,0.673
0.002,0.627
0.002,0.645
0.002,0.617
0.002,0.544
0.002,0.58
0.002,0.59
0.002,0.59
0.002,0.562
0.002,0.562
0.002,0.47
0.002,0.498
0.002,0.479
0.002,0.442
0.002,0.479
0.002,0.507
0.002,0.479
0.002,0.451
0.002,0.424
0.002,0.451
0.002,0.424
0.002,0.387
0.002,0.35
0.002,0.359
0.002,0.322
0.002,0.359
0.002,0.359
0.002,0.332
0.002,0.387
0.002,0.369
0.002,0.359
0.002,0.286
0.002,0.267
0.002,0.23
0.002,0.276
0.002,0.267
0.002,0.203
0.002,0.258
0.002,0.23
0.002,0.203
0.002,0.221
0.002,0.212
0.002,0.175
0.002,0.193
0.002,0.166
0.002,0.193
0.002,0.101
0.002,0.175
0.002,0.129
0.002,0.147
0.002,0.157
0.002,0.111
0.002,0.101
0.002,0.083
0.002,0.055
0.002,0.074
0.002,0.046
0.002,0.046
0.002,0.037
0.002,0.055
0.002,0.046
0.002,0.037
0.002,0.018
0.002,0.018
0.002,0.009
0.002,-0.009
0.002,-0.009
0.002,-0.028
0.002,-0.009
0.002,-0.028
0.002,-0.009
0.002,-0.037
0.002,-0.028
0.002,-0.064
0.002,-0.046
0.002,-0.037
0.002,-0.046
0.002,-0.037
0.002,-0.037
0.002,-0.018
0.002,-0.028
0.002,-0.037
0.002,-0.046
0.002,-0.028
0.002,-0.018
0.002,-0.037
0.002,-0.018
0.002,-0.028
0.002,-0.028
0.002,-0.018
0.002,-0.028
0.002,-0.028
0.002,-0.028
0.002,-0.018
0.002,-0.009
0.002,-0.018
0.002,-0.028
0.002,-0.018
0.002,-0.018
0.002,-0.009
0.002,-0.018
0.002,-0.018
0.002,-0.018
0.002,-0.018
0.002,-0.028
0.002,-0.009
0.002,0
0.002,-0.009
0.002,0.018
0.002,-0.028
0.002,0
0.002,0
0.002,-0.018
0.002,0.018
0.002,0
0.002,0
0.002,0.009
0.002,0
0.002,0
0.002,0
0.002,0.009
0.002,-0.009
0.002,0
0.002,0
0.002,-0.009
0.002,0
0.002,0
0.002,0
0.002,0
0.002,0
0.002,0
0.002,0
0.002,0
0.002,0
0.002,0
0.002,0
0.002,0
0.002,0
0.002,0
0.002,0
0.002,0
0.002,0
0.002,0
0.002,0
0.002,0
0.002,0
0.002,0
0.002,0
0.002,0
0.002,0
0.002,0
0.002,-0.009
0.002,0
0.002,0
0.002,0
0.002,0
0.002,0
0.002,0
0.002,0
-0.127,0
-0.127,0
-0.127,0
-0.127,0
-0.127,-0.009
-0.127,-0.009
-0.127,-0.018
-0.127,-0.009
-0.127,-0.018
-0.127,-0.009
-0.127,-0.018
-0.127,-0.009
-0.127,0
-0.127,-0.018
-0.127,-0.018
-0.127,-0.018
-0.127,-0.018
-0.127,-0.018
-0.127,-0.009
-0.127,-0.018
-0.127,-0.018
-0.127,-0.018
-0.127,0
-0.127,-0.009
-0.127,-0.018
-0.127,-0.018
-0.127,-0.009
-0.127,-0.018
-0.127,-0.028
-0.127,-0.037
-0.127,-0.028
-0.127,-0.037
-0.127,-0.028
-0.127,-0.037
-0.127,-0.037
-0.127,-0.074
-0.127,-0.074
-0.127,-0.046
-0.127,-0.046
-0.127,-0.037
-0.127,-0.074
-0.127,-0.055
-0.127,-0.055
-0.127,-0.055
-0.127,-0.037
-0.127,-0.083
-0.127,-0.101
-0.127,-0.083
-0.127,-0.064
-0.127,-0.064
-0.127,-0.074
-0.127,-0.083
-0.127,-0.064
-0.127,-0.101
-0.127,-0.083
-0.127,-0.074
-0.127,-0.083
-0.127,-0.101
-0.127,-0.092
-0.127,-0.083
-0.127,-0.064
-0.127,-0.12
-0.127,-0.138
-0.127,-0.101
-0.127,-0.138
-0.127,-0.074
-0.127,-0.101
-0.127,-0.101
-0.127,-0.074
-0.127,-0.12
-0.127,-0.111
-0.127,-0.101
-0.127,-0.12
-0.127,-0.138
-0.127,-0.12
-0.127,-0.138
-0.127,-0.111
-0.127,-0.101
-0.127,-0.138
-0.127,-0.147
-0.127,-0.129
-0.127,-0.12
-0.127,-0.147
-0.127,-0.138
-0.127,-0.166
-0.127,-0.129
-0.127,-0.212
-0.127,-0.111
-0.127,-0.101
-0.127,-0.157
-0.127,-0.111
-0.127,-0.111
-0.127,-0.147
-0.127,-0.12
-0.127,-0.129
-0.127,-0.157
-0.127,-0.138
-0.127,-0.138
-0.127,-0.101
-0.127,-0.166
-0.127,-0.147
-0.127,-0.147
-0.127,-0.147
-0.127,-0.147
-0.127,-0.147
-0.127,-0.147
-0.127,-0.175
-0.127,-0.129
-0.127,-0.138
-0.127,-0.111
-0.127,-0.12
-0.127,-0.129
-0.127,-0.147
-0.127,-0.138
-0.127,-0.175
-0.127,-0.101
-0.127,-0.101
-0.127,-0.138
-0.127,-0.12
-0.127,-0.129
-0.127,-0.12
-0.127,-0.12
-0.127,-0.12
-0.127,-0.147
-0.127,-0.193
-0.127,-0.111
-0.127,-0.157
-0.127,-0.138
-0.127,-0.12
-0.127,-0.12
-0.127,-0.12
-0.127,-0.138
-0.127,-0.157
-0.127,-0.129
-0.127,-0.129
-0.127,-0.101
-0.127,-0.12
-0.127,-0.166
-0.127,-0.129
-0.127,-0.12
-0.127,-0.129
-0.127,-0.129
-0.127,-0.166
-0.127,-0.101
-0.127,-0.147
-0.127,-0.111
-0.127,-0.157
-0.127,-0.101
-0.127,-0.12
-0.127,-0.129
-0.127,-0.111
-0.127,-0.12
-0.127,-0.111
-0.127,-0.138
-0.127,-0.129
-0.127,-0.083
-0.127,-0.147
