-1.824,-0.076
-1.824,-0.192
-1.824,-0.141
-1.824,-0.133
-1.824,-0.199
-1.824,-0.197
-1.824,-0.34
-1.824,-0.406
-1.824,-0.473
-1.824,-0.513
-1.824,-0.562
-1.824,-0.589
-1.824,-0.67
-1.824,-0.733
-1.824,-0.79
-1.824,-0.797
-1.824,-0.814
-1.824,-0.803
-1.824,-1.419
-1.824,-1.022
-1.824,-1.284
-1.824,-1.313
-1.824,-1.43
-1.824,-1.409
-1.824,-4.457
-1.824,-1.484
-1.824,-1.011
-1.824,-1.061
-1.824,-1.168
-1.824,-1.169
-1.824,-1.092
-1.824,-1.158
-1.824,-1.338
-1.824,-1.488
-1.824,-1.884
-1.824,-2.131
-1.824,-2.704
-1.824,-2.725
-1.824,-2.656
-1.824,-2.43
-1.824,-2.402
-1.824,-2.131
-1.824,-2.161
-1.824,-2.378
-1.824,-2.566
-1.824,-2.201
-1.824,-2.127
-1.824,-2.799
-1.824,-2.296
-1.824,-2.356
-1.824,-2.499
-1.824,-2.435
-1.824,-2.54
-1.824,-2.564
-1.824,-2.572
-1.824,-2.352
-1.824,-2.086
-1.824,-1.862
-1.824,-1.609
-1.824,-1.48
-1.824,-2.005
-1.824,-1.546
-1.824,-1.675
-1.824,-1.717
-1.824,-1.789
-1.824,-1.823
-1.824,-1.701
-1.824,-1.642
-1.824,-1.779
-1.824,-1.845
-1.824,-1.687
-1.824,-1.779
-1.824,-1.862
-1.824,-1.859
-1.824,-1.576
-1.824,-1.553
-1.824,-1.799
-1.824,-1.872
-1.824,-1.978
-1.824,-1.949
-1.824,-1.968
-1.824,-1.988
-1.824,-2.009
-1.824,-1.939
-1.824,-1.915
-1.824,0.015
-1.824,1.092
-1.824,-0.996
-1.824,-2.221
-1.824,-2.209
-1.824,-2.169
-1.824,-1.997
-1.824,-1.939
-1.824,-1.877
-1.824,-1.637
-1.824,-1.739
-1.824,-1.783
-1.824,-1.808
-1.824,-1.824
-1.824,-1.867
-1.824,-1.984
-1.824,-2.055
-1.824,-2.18
-1.824,-2.226
-1.824,-2.165
-1.824,-2.131
-1.824,-1.979
-1.824,-1.74
-1.824,-1.662
-1.824,-1.76
-1.824,-1.877
-1.824,-2.001
-1.824,-2.006
-1.824,-1.997
-1.824,-1.939
-1.824,-1.951
-1.824,-2.084
-1.824,-2.068
-1.824,-1.947
-1.824,-1.965
-1.824,-1.911
-1.824,-1.91
-1.824,-1.844
-1.824,-1.774
-1.824,-1.769
-1.824,-1.844
-1.824,-1.904
-1.824,-1.912
-1.824,-1.876
-1.824,-1.863
-1.824,-1.959
-1.824,-1.991
-1.824,-1.958
-1.824,-1.979
-1.824,-1.932
-1.824,-1.946
-1.824,-1.864
-1.824,-1.854
-1.824,-1.878
-1.824,-1.801
-1.824,-1.915
-1.824,-1.877
-1.824,-1.942
-1.824,-1.932
-1.824,-1.96
-1.824,-1.923
-1.824,-1.942
-1.824,-1.949
-1.824,-2.051
-1.824,-2.048
-1.824,-2.031
-1.824,-2.016
-1.824,-1.839
-1.824,-1.837
-1.824,-1.811
-1.824,-1.759
-1.824,-1.869
-1.824,-1.869
-1.824,-1.953
-1.824,-2.098
-1.824,-2.087
-1.824,-2.103
-1.824,-1.995
-1.824,-1.935
-1.824,-1.832
-1.824,-1.783
-1.045,-1.769
-1.045,-1.82
-1.045,-1.689
-1.045,-1.661
-1.045,-1.679
-1.045,-1.68
-1.045,-1.605
-1.045,-1.613
-1.045,-1.601
-1.045,-1.594
-1.045,-1.545
-1.045,-1.528
-1.045,-1.516
-1.045,-1.482
-1.045,-1.419
-1.045,-1.438
-1.045,-1.438
-1.045,-1.502
-1.045,-1.438
-1.045,-1.433
-1.045,-1.395
-1.045,-1.356
-1.045,-1.311
-1.045,-1.279
-1.045,-1.219
-1.045,-1.215
-1.045,-1.216
-1.045,-1.21
-1.045,-1.255
-1.045,-1.173
-1.045,-1.198
-1.045,-1.197
-1.045,-1.198
-1.045,-1.151
-1.045,-1.108
-1.045,-1.17
-1.045,-1.076
-1.045,-1.097
-1.045,-1.078
-1.045,-1.018
-1.045,-1.05
-1.045,-1.021
-1.045,-1.023
-1.045,-1.118
-1.045,-1.111
-1.045,-1.102
-1.045,-1.108
-1.045,-1.114
-1.045,-1.023
-1.045,-1.021
-1.045,-0.993
-1.045,-0.925
-1.045,-0.913
-1.045,-0.866
-1.045,-0.845
-1.045,-0.859
-1.045,-0.922
-1.045,-0.949
-1.045,-1.032
-1.045,-1.01
-1.045,-0.99
-1.045,-1.027
-1.045,-0.995
-1.045,-1.005
-1.045,-0.96
-1.045,-0.974
-1.045,-0.988
-1.045,-0.918
-1.045,-0.963
-1.045,-0.907
-1.045,-0.957
-1.045,-0.971
-1.045,-0.939
-1.045,-0.991
-1.045,-0.945
-1.045,-0.98
-1.045,-0.949
-1.045,-0.977
-1.045,-0.969
-1.045,-0.971
-1.045,-0.94
-1.045,-0.969
-1.045,-0.932
-1.045,-0.943
-1.045,-0.89
-1.045,-0.899
-1.045,-0.92
-1.045,-0.922
-1.045,-0.894
-1.045,-0.884
-1.045,-0.876
-1.045,-0.856
-1.045,-0.881
-1.045,-0.897
-1.045,-0.909
-1.045,-0.909
-1.045,-0.912
-1.045,-0.897
-1.045,-0.936
-1.045,-0.871
-1.045,-0.881
-1.045,-0.906
-1.045,-0.906
-1.045,-0.903
-1.045,-0.876
-1.045,-0.861
-1.045,-0.856
-1.045,-0.876
-1.045,-0.903
-1.045,-0.887
-1.045,-0.892
-1.045,-0.898
-1.045,-0.969
-1.045,-0.945
-1.045,-0.927
-1.045,-0.909
-1.045,-0.894
-1.045,-0.858
-1.045,-0.881
-1.045,-0.872
-1.045,-0.861
-1.045,-0.907
-1.045,-0.916
-1.045,-0.916
-1.045,-0.966
-1.045,-0.981
-1.045,-1
-1.045,-0.959
-1.045,-0.951
-1.045,-0.92
-1.045,-0.918
-1.045,-0.967
-1.045,-0.994
-1.045,-0.984
-1.045,-0.964
-1.045,-0.968
-1.045,-0.984
-1.045,-0.973
-1.045,-1.009
-1.045,-1.033
-1.045,-1.057
-1.045,-1.024
-1.045,-1.067
-1.045,-1.073
-1.045,-0.965
-1.045,-0.929
-1.045,-1.033
-1.045,-1.002
-1.045,-1.037
-1.045,-1.013
-1.045,-1.002
-1.045,-1.022
-1.045,-1.05
-1.045,-1.099
-1.045,-1.083
-1.045,-1.134
-1.045,-1.028
-1.045,-1.038
-1.045,-0.957
-1.045,-1
-1.045,-0.969
-1.045,-0.978
-1.045,-0.962
-1.045,-0.974
-1.045,-0.996
-1.045,-0.965
-1.045,-0.99
1.325,-1.048
1.325,-0.934
1.325,-0.769
1.325,-0.57
1.325,-0.526
1.325,-0.448
1.325,-0.479
1.325,-0.351
1.325,-0.285
1.325,-0.116
1.325,0.066
1.325,0.324
1.325,0.36
1.325,0.532
1.325,0.637
1.325,0.913
1.325,1.017
1.325,1.208
1.325,1.196
1.325,1.161
1.325,0.912
1.325,0.591
1.325,0.43
1.325,0.412
1.325,0.425
1.325,0.511
1.325,0.55
1.325,0.831
1.325,0.925
1.325,0.999
1.325,1.067
1.325,1.318
1.325,1.291
1.325,1.546
1.325,0.522
1.325,1.905
1.325,1.921
1.325,2.275
1.325,1.797
1.325,1.608
1.325,1.629
1.325,1.513
1.325,1.438
1.325,0.751
1.325,0.44
1.325,0.528
1.325,0.448
1.325,0.489
1.325,0.633
1.325,0.977
1.325,1.175
1.325,1.514
1.325,1.608
1.325,1.012
1.325,3.319
1.325,1.507
1.325,1.505
1.325,1.639
1.325,1.572
1.325,1.303
1.325,1.086
1.325,0.791
1.325,0.832
1.325,0.8
1.325,0.738
1.325,1.038
1.325,1.193
1.325,1.526
1.325,1.517
1.325,1.698
1.325,1.828
1.325,2.134
1.325,2.127
1.325,1.796
1.325,1.818
1.325,1.67
1.325,1.503
1.325,1.051
1.325,0.972
1.325,1.043
1.325,1.115
1.325,1.12
1.325,1.182
1.325,1.247
1.325,1.314
1.325,1.325
1.325,1.369
1.325,1.306
1.325,1.409
1.325,1.447
1.325,1.525
1.325,1.467
1.325,1.333
1.325,1.347
1.325,1.453
1.325,1.492
1.325,1.423
1.325,1.252
1.325,1.227
1.325,1.32
1.325,1.393
1.325,1.233
1.325,1.194
1.325,1.226
1.325,1.148
1.325,1.316
1.325,1.332
1.325,1.46
1.325,1.547
1.325,1.603
1.325,1.586
1.325,1.515
1.325,1.43
1.325,1.321
1.325,1.345
1.325,1.405
1.325,1.388
1.325,1.286
1.325,1.241
1.325,1.246
1.325,1.255
1.325,1.387
1.325,1.435
1.325,1.504
1.325,1.551
1.325,1.654
1.325,1.593
1.325,1.536
1.325,1.508
1.325,1.363
1.325,1.382
1.325,1.519
1.325,1.545
1.325,1.501
1.325,1.402
1.325,1.369
1.325,1.393
1.325,1.41
1.325,1.438
1.325,1.362
1.325,1.36
1.325,1.389
1.325,1.447
1.325,1.467
1.325,1.498
1.325,1.542
1.325,1.522
1.325,1.563
1.325,1.598
1.325,1.637
1.325,1.629
1.325,1.643
1.325,1.576
1.325,1.471
1.325,1.396
1.325,1.314
1.325,1.305
1.325,1.361
1.325,1.371
1.325,1.328
1.325,1.341
1.325,1.337
1.325,1.361
1.325,1.408
1.325,1.446
1.325,1.523
1.325,1.5
-2.071,1.533
-2.071,1.3
-2.071,0.682
-2.071,0.544
-2.071,0.45
-2.071,0.661
-2.071,0.537
-2.071,0.276
-2.071,-0.024
-2.071,-0.201
-2.071,-1.163
-2.071,-0.449
-2.071,-5.841
-2.071,-1.957
-2.071,-0.888
-2.071,-1.041
-2.071,-2.735
-2.071,-1.785
-2.071,-1.816
-2.071,-1.644
-2.071,-2.199
-2.071,-1.806
-2.071,-0.848
-2.071,-0.889
-2.071,-1.593
-2.071,-1.064
-2.071,-0.879
-2.071,-1.195
-2.071,-1.851
-2.071,-1.622
-2.071,-2.848
-2.071,-2.983
-2.071,-3.337
-2.071,-3.435
-2.071,-3.595
-2.071,-3.626
-2.071,-3.615
-2.071,-3.615
-2.071,-3.522
-2.071,-3.486
-2.071,-3.437
-2.071,-3.304
-2.071,-3.117
-2.071,-3.051
-2.071,-2.813
-2.071,-2.727
-2.071,-2.496
-2.071,-2.499
-2.071,-2.353
-2.071,-2.286
-2.071,-2.226
-2.071,-2.212
-2.071,-2.131
-2.071,-2.147
-2.071,-2.15
-2.071,-2.054
-2.071,-2.005
-2.071,-1.994
-2.071,-1.894
-2.071,-1.715
-2.071,-1.109
-2.071,-0.801
-2.071,-0.604
-2.071,-0.678
-2.071,-0.692
-2.071,-0.682
-2.071,-0.723
-2.071,-0.775
-2.071,-0.773
-2.071,-0.791
-2.071,-0.852
-2.071,-0.944
-2.071,-0.33
-2.071,-0.389
-2.071,0.744
-2.071,-3.807
-2.071,-0.833
-2.071,-0.938
-2.071,-1.316
-2.071,-1.564
-2.071,-2.148
-2.071,-2.369
-2.071,-2.703
-2.071,-2.776
-2.071,-2.588
-2.071,-1.95
-2.071,-3.081
-2.071,-1.731
-2.071,-1.902
-2.071,-2.088
-2.071,-2.615
-2.071,-2.704
-2.071,-1.56
-2.071,-1.705
-2.071,-2.588
-2.071,-2.538
-2.071,-2.099
-2.071,-2.288
-2.071,-2.544
-2.071,-2.455
-2.071,-2.275
-2.071,-1.831
-2.071,-2.587
-2.071,-2.283
-2.071,-2.245
-2.071,-2.381
-2.071,-2.61
-2.071,-2.587
-2.071,-2.217
-2.071,-2.115
-2.071,-1.788
-2.071,-1.629
-2.071,-2.182
-2.071,-2.436
-2.071,-2.098
-2.071,-1.19
-2.071,-3.043
-2.071,-2.014
-2.071,-2.524
-2.071,-2.209
-2.071,-1.829
-2.071,-1.688
-2.071,-1.6
-2.071,-1.56
-2.071,-1.661
-2.071,-2.25
-2.071,-1.679
-2.071,-1.616
-2.071,-1.733
-2.071,-1.927
-2.071,-2.083
-2.071,-2.256
-2.071,-2.578
-2.071,-2.571
-2.071,-2.424
-2.071,-2.258
-2.071,-2.245
-2.071,-2.17
-2.071,-1.856
-2.071,-1.77
-2.071,-1.941
-2.071,-1.99
-2.071,-2.067
-2.071,-1.944
-2.071,-1.989
-2.071,-2.06
-2.071,-2.179
-2.071,-2.212
-2.071,-2.188
-2.071,-2.073
-2.071,-1.827
-2.071,-1.869
-2.071,-1.58
-2.071,-1.654
-2.071,-1.818
-2.071,-1.947
-2.071,-2.006
-2.071,-2.119
-2.071,-2.373
-2.071,-2.376
-2.071,-2.467
-2.071,-2.413
-2.071,-2.364
-2.071,-2.277
-2.071,-2.228
-2.071,-2.33
-2.071,-2.361
1.887,-2.366
1.887,-1.86
1.887,-1.452
1.887,-0.864
1.887,-0.721
1.887,-0.59
1.887,-0.483
1.887,-0.219
1.887,-0.266
1.887,-0.227
1.887,0.041
1.887,0.454
1.887,0.68
1.887,1.249
1.887,1.447
1.887,1.992
1.887,2.169
1.887,2.455
1.887,2.545
1.887,2.62
1.887,2.69
1.887,2.446
1.887,2.036
1.887,1.481
1.887,1.245
1.887,-0.112
1.887,-0.288
1.887,-0.196
1.887,0.029
1.887,0.644
1.887,0.985
1.887,1.539
1.887,1.597
1.887,1.673
1.887,1.676
1.887,1.814
1.887,1.94
1.887,3.374
1.887,2.18
1.887,2.442
1.887,2.471
1.887,2.404
1.887,2.355
1.887,2.06
1.887,2.086
1.887,1.991
1.887,2.034
1.887,2.155
1.887,2.286
1.887,2.46
1.887,2.937
1.887,2.361
1.887,2.319
1.887,2.296
1.887,2.279
1.887,2.258
1.887,2.263
1.887,2.063
1.887,1.98
1.887,0.23
1.887,2.193
1.887,1.991
1.887,2.526
1.887,1.84
1.887,1.918
1.887,1.848
1.887,1.881
1.887,1.922
1.887,1.896
1.887,1.729
1.887,1.804
1.887,1.879
1.887,1.903
1.887,1.798
1.887,1.776
1.887,1.098
1.887,0.976
1.887,1.086
1.887,0.974
1.887,1.186
1.887,1.235
1.887,1.134
1.887,1.183
1.887,1.709
1.887,1.927
1.887,2.357
1.887,2.504
1.887,2.611
1.887,2.642
1.887,2.592
1.887,2.532
1.887,2.498
1.887,2.374
1.887,2.337
1.887,2.351
1.887,2.296
1.887,2.536
1.887,1.06
1.887,2.375
1.887,2.36
1.887,1.854
1.887,1.612
1.887,1.325
1.887,1.11
1.887,1.203
1.887,1.337
1.887,1.371
1.887,1.64
1.887,1.673
1.887,2.006
1.887,2.169
1.887,2.258
1.887,2.331
1.887,2.33
1.887,2.123
1.887,1.541
1.887,1.434
1.887,1.051
1.887,0.908
1.887,1.055
1.887,1.214
1.887,1.469
1.887,1.549
1.887,1.675
1.887,1.704
1.887,1.816
1.887,1.941
1.887,2.019
1.887,2.047
1.887,2.271
1.887,2.303
1.887,2.253
1.887,2.134
1.887,1.987
1.887,1.756
1.887,1.813
1.887,1.932
1.887,1.766
1.887,1.616
1.887,1.574
1.887,1.657
1.887,1.822
1.887,1.925
1.887,2.034
1.887,1.92
1.887,1.904
1.887,1.877
1.887,1.862
1.887,1.867
1.887,1.913
1.887,1.866
1.887,2.082
1.887,2.114
1.887,2.117
1.887,2.051
1.887,1.991
1.887,1.971
1.887,2.021
1.887,1.974
1.887,1.943
1.887,1.975
1.887,2.09
1.887,1.94
1.887,1.799
1.887,1.776
1.887,1.962
1.887,2.048
1.014,1.906
1.014,1.746
1.014,1.507
1.014,1.502
1.014,1.486
1.014,1.536
1.014,1.577
1.014,1.572
1.014,1.637
1.014,1.587
1.014,1.579
1.014,1.653
1.014,1.642
1.014,1.674
1.014,1.634
1.014,1.637
1.014,1.551
1.014,1.486
1.014,1.393
1.014,1.35
1.014,1.325
1.014,1.299
1.014,1.272
1.014,1.202
1.014,1.202
1.014,1.183
1.014,1.17
1.014,1.172
1.014,1.188
1.014,1.165
1.014,1.123
1.014,1.144
1.014,1.067
1.014,1.088
1.014,1.064
1.014,1.111
1.014,1.076
1.014,1.082
1.014,1.069
1.014,1.099
1.014,1.095
1.014,1.046
1.014,1.09
1.014,1.095
1.014,1.064
1.014,1.067
1.014,1.049
1.014,1.095
1.014,1.024
1.014,1.032
1.014,1.009
1.014,1.029
1.014,0.959
1.014,0.973
1.014,1.023
1.014,0.988
1.014,1.03
1.014,1.004
1.014,1.097
1.014,1.026
1.014,1.038
1.014,0.974
1.014,0.971
1.014,0.929
1.014,0.968
1.014,0.945
1.014,0.957
1.014,0.953
1.014,0.959
1.014,0.956
1.014,1.011
1.014,1.04
1.014,1.03
1.014,1.002
1.014,0.991
1.014,0.969
1.014,0.964
1.014,0.955
1.014,0.964
1.014,0.932
1.014,0.946
1.014,0.922
1.014,0.878
1.014,0.88
1.014,0.907
1.014,0.957
1.014,0.941
1.014,0.975
1.014,0.963
1.014,0.96
1.014,0.924
1.014,0.931
1.014,0.941
1.014,0.931
1.014,0.941
1.014,0.94
1.014,0.971
1.014,0.928
1.014,0.959
1.014,0.951
1.014,0.974
1.014,0.995
1.014,1.024
1.014,0.979
1.014,0.951
1.014,0.943
1.014,0.898
1.014,0.948
1.014,0.895
1.014,0.866
1.014,0.894
1.014,0.915
1.014,0.925
1.014,0.931
1.014,0.988
1.014,1.013
1.014,1.025
1.014,1.046
1.014,0.948
1.014,0.98
1.014,0.943
1.014,0.926
1.014,0.977
1.014,0.941
1.014,0.957
1.014,0.983
1.014,1.051
1.014,1.013
1.014,1.048
1.014,1.074
1.014,1.071
1.014,1.079
1.014,1.023
1.014,1.014
1.014,0.995
1.014,0.94
1.014,0.904
1.014,0.903
1.014,0.962
1.014,0.991
1.014,1.011
1.014,1.078
1.014,1.086
1.014,1.149
1.014,1.095
1.014,1.013
1.014,0.939
1.014,0.974
1.014,0.991
1.014,0.986
1.014,1.031
1.014,1.009
1.014,0.995
1.014,0.994
1.014,0.985
1.014,0.993
1.014,1.067
1.014,1.038
1.014,1.005
1.014,0.988
1.014,1.017
1.014,1.046
1.014,0.996
1.014,0.997
1.014,0.925
1.014,0.943
1.014,1.03
-0.05,0.968
-0.05,0.881
-0.05,0.858
-0.05,0.904
-0.05,0.873
-0.05,0.778
-0.05,0.815
-0.05,0.766
-0.05,0.78
-0.05,0.722
-0.05,0.629
-0.05,0.575
-0.05,0.586
-0.05,0.497
-0.05,0.547
-0.05,0.534
-0.05,0.483
-0.05,0.461
-0.05,0.429
-0.05,0.405
-0.05,0.363
-0.05,0.233
-0.05,0.233
-0.05,0.193
-0.05,0.168
-0.05,0.228
-0.05,0.27
-0.05,0.263
-0.05,0.212
-0.05,0.167
-0.05,0.185
-0.05,0.099
-0.05,0.13
-0.05,0.253
-0.05,0.217
-0.05,0.146
-0.05,0.109
-0.05,0.088
-0.05,0.062
-0.05,-0.033
-0.05,-0.108
-0.05,-0.125
-0.05,-0.117
-0.05,-0.011
-0.05,0.046
-0.05,0.086
-0.05,0.118
-0.05,0.168
-0.05,0.118
-0.05,0.108
-0.05,0.057
-0.05,0.062
-0.05,0.034
-0.05,-0.005
-0.05,-0.011
-0.05,-0.024
-0.05,-0.039
-0.05,-0.034
-0.05,-0.041
-0.05,-0.048
-0.05,-0.042
-0.05,-0.073
-0.05,-0.081
-0.05,-0.087
-0.05,-0.107
-0.05,-0.115
-0.05,-0.127
-0.05,-0.144
-0.05,-0.144
-0.05,-0.185
-0.05,-0.144
-0.05,-0.199
-0.05,-0.216
-0.05,-0.234
-0.05,-0.202
-0.05,-0.248
-0.05,-0.199
-0.05,-0.239
-0.05,-0.216
-0.05,-0.25
-0.05,-0.2
-0.05,-0.278
-0.05,-0.231
-0.05,-0.267
-0.05,-0.247
-0.05,-0.278
-0.05,-0.227
-0.05,-0.264
-0.05,-0.259
-0.05,-0.309
-0.05,-0.265
-0.05,-0.231
-0.05,-0.288
-0.05,-0.25
-0.05,-0.287
-0.05,-0.26
-0.05,-0.265
-0.05,-0.26
-0.05,-0.292
-0.05,-0.258
-0.05,-0.273
-0.05,-0.23
-0.05,-0.248
-0.05,-0.262
-0.05,-0.206
-0.05,-0.25
-0.05,-0.214
-0.05,-0.234
-0.05,-0.23
-0.05,-0.206
-0.05,-0.192
-0.05,-0.222
-0.05,-0.197
-0.05,-0.223
-0.05,-0.171
-0.05,-0.185
-0.05,-0.192
-0.05,-0.172
-0.05,-0.164
-0.05,-0.157
-0.05,-0.166
-0.05,-0.134
-0.05,-0.129
-0.05,-0.169
-0.05,-0.123
-0.05,-0.174
-0.05,-0.132
-0.05,-0.102
-0.05,-0.136
-0.05,-0.121
-0.05,-0.13
-0.05,-0.076
-0.05,-0.121
-0.05,-0.095
-0.05,-0.079
-0.05,-0.073
-0.05,-0.085
-0.05,-0.071
-0.05,-0.064
-0.05,-0.043
-0.05,-0.078
-0.05,-0.05
-0.05,-0.05
-0.05,-0.036
-0.05,-0.022
-0.05,-0.036
-0.05,-0.028
-0.05,-0.02
-0.05,-0.008
-0.05,0
-0.05,-0.008
-0.05,0
-0.05,-0.008
-0.05,0
-0.05,0.014
-0.05,0
-0.05,0.008
-0.05,0.014
-0.05,0.006
-0.05,0.008
-0.05,0.014
-0.05,0.008
-0.05,0.014
-0.05,0.008
-0.05,0
-0.05,0.008
-0.05,0
0.345,0
0.345,0.006
0.345,0.013
0.345,0.006
0.345,0.008
0.345,0.006
0.345,0.008
0.345,0.006
0.345,0.008
0.345,0.006
0.345,0.014
0.345,0.014
0.345,0.028
0.345,0.014
0.345,0.02
0.345,0.039
0.345,0.02
0.345,0.027
0.345,0.02
0.345,0.048
0.345,0.041
0.345,0.055
0.345,0.053
0.345,0.069
0.345,0.078
0.345,0.067
0.345,0.069
0.345,0.062
0.345,0.097
0.345,0.104
0.345,0.093
0.345,0.098
0.345,0.07
0.345,0.107
0.345,0.112
0.345,0.113
0.345,0.109
0.345,0.131
0.345,0.118
0.345,0.14
0.345,0.131
0.345,0.181
0.345,0.191
0.345,0.165
0.345,0.187
0.345,0.227
0.345,0.271
0.345,0.234
0.345,0.269
0.345,0.294
0.345,0.276
0.345,0.231
0.345,0.251
0.345,0.303
0.345,0.293
0.345,0.291
0.345,0.345
0.345,0.339
0.345,0.408
0.345,0.387
0.345,0.36
0.345,0.346
0.345,0.34
0.345,0.344
0.345,0.367
0.345,0.39
0.345,0.422
0.345,0.398
0.345,0.481
0.345,0.495
0.345,0.474
0.345,0.462
0.345,0.415
0.345,0.384
0.345,0.417
0.345,0.437
0.345,0.489
0.345,0.499
0.345,0.532
0.345,0.514
0.345,0.504
0.345,0.493
0.345,0.47
0.345,0.547
0.345,0.46
0.345,0.417
0.345,0.404
0.345,0.432
0.345,0.486
0.345,0.409
0.345,0.47
0.345,0.49
0.345,0.454
0.345,0.435
0.345,0.468
0.345,0.396
0.345,0.404
0.345,0.421
0.345,0.439
0.345,0.416
0.345,0.465
0.345,0.423
0.345,0.444
0.345,0.415
0.345,0.438
0.345,0.409
0.345,0.428
0.345,0.416
0.345,0.426
0.345,0.377
0.345,0.443
0.345,0.39
0.345,0.42
0.345,0.37
0.345,0.387
0.345,0.431
0.345,0.478
0.345,0.442
0.345,0.405
0.345,0.414
0.345,0.379
0.345,0.423
0.345,0.414
0.345,0.367
0.345,0.4
0.345,0.397
0.345,0.388
0.345,0.381
0.345,0.383
0.345,0.454
0.345,0.474
0.345,0.393
0.345,0.379
0.345,0.398
0.345,0.381
0.345,0.388
0.345,0.365
0.345,0.365
0.345,0.345
0.345,0.319
0.345,0.384
0.345,0.374
0.345,0.387
0.345,0.381
0.345,0.374
0.345,0.36
0.345,0.378
0.345,0.36
0.345,0.365
0.345,0.328
0.345,0.345
0.345,0.334
0.345,0.349
0.345,0.345
0.345,0.353
0.345,0.336
0.345,0.348
0.345,0.359
0.345,0.356
0.345,0.36
0.345,0.34
0.345,0.367
0.345,0.354
0.345,0.314
0.345,0.337
0.345,0.309
0.345,0.309
-1.156,0.331
-1.156,0.206
-1.156,0.205
-1.156,0.195
-1.156,0.165
-1.156,0.148
-1.156,0.12
-1.156,0.127
-1.156,0.053
-1.156,-0.056
-1.156,-0.134
-1.156,-0.265
-1.156,-0.368
-1.156,-0.484
-1.156,-0.5
-1.156,-0.51
-1.156,-0.53
-1.156,-0.591
-1.156,-0.578
-1.156,-0.634
-1.156,-0.6
-1.156,-0.634
-1.156,-0.633
-1.156,-0.683
-1.156,-0.65
-1.156,-0.688
-1.156,-0.714
-1.156,-0.754
-1.156,-1.458
-1.156,-0.743
-1.156,-0.775
-1.156,-0.953
-1.156,-0.824
-1.156,-0.772
-1.156,-2.54
-1.156,-0.739
-1.156,-0.991
-1.156,-2.32
-1.156,-1.271
-1.156,-1.088
-1.156,-1.151
-1.156,-1.087
-1.156,-0.992
-1.156,-0.978
-1.156,-1.043
-1.156,-1.248
-1.156,-1.238
-1.156,-1.198
-1.156,-1.349
-1.156,-1.354
-1.156,-1.312
-1.156,-1.292
-1.156,-1.167
-1.156,-1.192
-1.156,-1.189
-1.156,-1.146
-1.156,-1.218
-1.156,-1.391
-1.156,-1.382
-1.156,-1.497
-1.156,-1.537
-1.156,-1.306
-1.156,-1.061
-1.156,-1.021
-1.156,-0.993
-1.156,-1.093
-1.156,-1.16
-1.156,-1.165
-1.156,-1.068
-1.156,-1.158
-1.156,-1.241
-1.156,-1.184
-1.156,-1.113
-1.156,-1.024
-1.156,-1.079
-1.156,-1.251
-1.156,-1.279
-1.156,-1.531
-1.156,-1.614
-1.156,-1.522
-1.156,-1.566
-1.156,-1.443
-1.156,-1.252
-1.156,-1.021
-1.156,-1.083
-1.156,-1.185
-1.156,-1.251
-1.156,-1.253
-1.156,-1.205
-1.156,-1.293
-1.156,-1.216
-1.156,-1.242
-1.156,-1.258
-1.156,-1.415
-1.156,-1.42
-1.156,-1.396
-1.156,-1.392
-1.156,-1.482
-1.156,-1.371
-1.156,-1.314
-1.156,-1.24
-1.156,-1.237
-1.156,-1.214
-1.156,-1.228
-1.156,-1.258
-1.156,-1.287
-1.156,-1.375
-1.156,-1.459
-1.156,-1.483
-1.156,-1.531
-1.156,-1.498
-1.156,-1.585
-1.156,-1.501
-1.156,-1.158
-1.156,-1.118
-1.156,-1.193
-1.156,-1.193
-1.156,-1.2
-1.156,-1.199
-1.156,-1.248
-1.156,-1.248
-1.156,-1.359
-1.156,-1.331
-1.156,-1.269
-1.156,-1.253
-1.156,-1.224
-1.156,-1.243
-1.156,-1.201
-1.156,-1.252
-1.156,-1.233
-1.156,-1.241
-1.156,-1.171
-1.156,-1.187
-1.156,-1.171
-1.156,-1.212
-1.156,-1.242
-1.156,-1.265
-1.156,-1.258
-1.156,-1.295
-1.156,-1.257
-1.156,-1.224
-1.156,-1.161
-1.156,-1.137
-1.156,-1.165
-1.156,-1.177
-1.156,-1.227
-1.156,-1.24
-1.156,-1.223
-1.156,-1.268
-1.156,-1.268
-1.156,-1.261
-1.156,-1.207
-1.156,-1.246
-1.156,-1.238
-1.156,-1.2
-1.156,-1.178
-1.156,-1.164
-1.156,-1.162
-1.156,-1.142
-1.156,-1.131
-1.156,-1.174
-1.156,-1.193
-1.156,-1.191
-1.156,-1.174
-1.156,-1.213
-1.156,-1.185
-1.156,-1.178
-0.181,-1.169
-0.181,-1.108
-0.181,-1.069
-0.181,-1.046
-0.181,-0.948
-0.181,-0.925
-0.181,-0.871
-0.181,-0.859
-0.181,-0.803
-0.181,-0.767
-0.181,-0.672
-0.181,-0.625
-0.181,-0.585
-0.181,-0.504
-0.181,-0.457
-0.181,-0.46
-0.181,-0.554
-0.181,-0.63
-0.181,-0.839
-0.181,-0.785
-0.181,-0.761
-0.181,-0.719
-0.181,-0.658
-0.181,-0.645
-0.181,-0.583
-0.181,-0.498
-0.181,-0.379
-0.181,-0.287
-0.181,-0.231
-0.181,-0.252
-0.181,-0.194
-0.181,-0.177
-0.181,-0.211
-0.181,-0.259
-0.181,-0.29
-0.181,-0.348
-0.181,-0.439
-0.181,-0.479
-0.181,-0.47
-0.181,-0.38
-0.181,-0.373
-0.181,-0.295
-0.181,-0.277
-0.181,-0.259
-0.181,-0.254
-0.181,-0.258
-0.181,-0.269
-0.181,-0.252
-0.181,-0.169
-0.181,-0.164
-0.181,-0.139
-0.181,-0.067
-0.181,-0.077
-0.181,-0.061
-0.181,-0.108
-0.181,-0.064
-0.181,-0.063
-0.181,-0.072
-0.181,-0.047
-0.181,-0.083
-0.181,-0.115
-0.181,-0.143
-0.181,-0.096
-0.181,-0.124
-0.181,-0.045
-0.181,-0.059
-0.181,-0.05
-0.181,-0.022
-0.181,-0.028
-0.181,-0.014
-0.181,0.006
-0.181,-0.001
-0.181,-0.008
-0.181,0.006
-0.181,0.006
-0.181,0.02
-0.181,0.027
-0.181,0.028
-0.181,0.036
-0.181,0.034
-0.181,0.036
-0.181,0.055
-0.181,0.043
-0.181,0.042
-0.181,0.055
-0.181,0.027
-0.181,0.028
-0.181,0.034
-0.181,0.028
-0.181,0.036
-0.181,0.042
-0.181,0.027
-0.181,0.028
-0.181,0.006
-0.181,0.027
-0.181,0.013
-0.181,0.028
-0.181,0.014
-0.181,0.02
-0.181,0.02
-0.181,0.014
-0.181,-0.006
-0.181,0
-0.181,0.008
-0.181,0
-0.181,0.001
-0.181,0
-0.181,0
-0.181,0
-0.181,-0.014
-0.181,-0.015
-0.181,-0.014
-0.181,-0.022
-0.181,-0.023
-0.181,-0.037
-0.181,-0.022
-0.181,-0.028
-0.181,-0.034
-0.181,-0.028
-0.181,-0.036
-0.181,-0.048
-0.181,-0.029
-0.181,-0.057
-0.181,-0.043
-0.181,-0.048
-0.181,-0.065
-0.181,-0.036
-0.181,-0.062
-0.181,-0.036
-0.181,-0.042
-0.181,-0.073
-0.181,-0.056
-0.181,-0.078
-0.181,-0.036
-0.181,-0.059
-0.181,-0.073
-0.181,-0.073
-0.181,-0.05
-0.181,-0.081
-0.181,-0.074
-0.181,-0.078
-0.181,-0.079
-0.181,-0.064
-0.181,-0.085
-0.181,-0.057
-0.181,-0.085
-0.181,-0.095
-0.181,-0.115
-0.181,-0.116
-0.181,-0.107
-0.181,-0.104
-0.181,-0.099
-0.181,-0.107
-0.181,-0.127
-0.181,-0.116
-0.181,-0.13
-0.181,-0.157
-0.181,-0.136
-0.181,-0.166
-0.181,-0.143
-0.181,-0.141
-0.181,-0.149
-0.181,-0.152
-0.181,-0.157
-0.181,-0.157
-0.181,-0.186
-0.181,-0.157
2.038,-0.171
2.038,0.067
2.038,0.1
2.038,0.022
2.038,-0.013
2.038,0.066
2.038,0.123
2.038,0.313
2.038,0.359
2.038,0.591
2.038,0.665
2.038,0.845
2.038,0.943
2.038,1.161
2.038,1.218
2.038,1.44
2.038,1.51
2.038,1.59
2.038,1.606
2.038,1.664
2.038,1.776
2.038,1.85
2.038,1.678
2.038,1.523
2.038,1.266
2.038,0.961
2.038,0.848
2.038,1.252
2.038,1.527
2.038,2.156
2.038,2.424
2.038,2.85
2.038,2.916
2.038,2.85
2.038,2.679
2.038,2.348
2.038,2.18
2.038,1.822
2.038,1.645
2.038,1.637
2.038,1.611
2.038,1.913
2.038,2.07
2.038,2.016
2.038,2.058
2.038,2.485
2.038,2.587
2.038,2.416
2.038,2.156
2.038,2.047
2.038,2.13
2.038,2.343
2.038,2.358
2.038,2.313
2.038,2.358
2.038,2.264
2.038,1.87
2.038,1.497
2.038,1.419
2.038,1.431
2.038,1.516
2.038,1.794
2.038,2.053
2.038,2.321
2.038,2.314
2.038,2.228
2.038,2.089
2.038,1.935
2.038,1.842
2.038,1.783
2.038,1.982
2.038,2.21
2.038,2.328
2.038,2.374
2.038,2.375
2.038,2.051
2.038,2.116
2.038,2.109
2.038,1.899
2.038,1.743
2.038,1.882
2.038,1.969
2.038,2.089
2.038,2.344
2.038,2.481
2.038,2.647
2.038,2.63
2.038,2.121
2.038,1.907
2.038,1.472
2.038,1.569
2.038,1.723
2.038,1.707
2.038,2.028
2.038,2.109
2.038,2.326
2.038,2.418
2.038,2.433
2.038,2.438
2.038,2.334
2.038,2.222
2.038,1.893
2.038,1.753
2.038,1.8
2.038,1.909
2.038,1.984
2.038,2.152
2.038,2.388
2.038,2.411
2.038,2.305
2.038,2.277
2.038,2.26
2.038,2.243
2.038,2.218
2.038,2.208
2.038,2.174
2.038,2.125
2.038,2.211
2.038,2.158
2.038,1.936
2.038,1.833
2.038,2.082
2.038,2.174
2.038,2.223
2.038,2.258
2.038,2.353
2.038,2.287
2.038,2.203
2.038,2.067
2.038,1.929
2.038,1.837
2.038,1.901
2.038,1.898
2.038,2.033
2.038,2.124
2.038,2.116
2.038,2.12
2.038,2.111
2.038,2.208
2.038,2.376
2.038,2.376
2.038,2.259
2.038,2.109
2.038,1.848
2.038,1.834
2.038,2.079
2.038,2.195
2.038,2.207
2.038,2.196
2.038,2.194
2.038,2.271
2.038,2.212
2.038,2.162
2.038,2.048
2.038,2.033
2.038,1.965
2.038,1.964
2.038,2.004
2.038,1.978
2.038,2.027
2.038,2.114
2.038,2.016
2.038,1.96
2.038,2.052
2.038,2.139
2.038,2.173
2.038,2.191
0.206,2.27
0.206,2.23
0.206,1.945
0.206,1.826
0.206,1.654
0.206,1.619
0.206,1.517
0.206,1.469
0.206,1.451
0.206,1.389
0.206,1.286
0.206,1.264
0.206,1.121
0.206,1.007
0.206,0.844
0.206,0.856
0.206,0.725
0.206,0.701
0.206,0.663
0.206,0.671
0.206,0.604
0.206,0.619
0.206,0.571
0.206,0.56
0.206,0.542
0.206,0.449
0.206,0.432
0.206,0.451
0.206,0.451
0.206,0.482
0.206,0.463
0.206,0.452
0.206,0.319
0.206,0.382
0.206,0.605
0.206,0.711
0.206,0.589
0.206,0.583
0.206,0.59
0.206,0.671
0.206,0.592
0.206,0.454
0.206,0.323
0.206,0.248
0.206,0.229
0.206,0.227
0.206,0.009
0.206,-0.051
0.206,0.015
0.206,0.143
0.206,0.31
0.206,0.163
0.206,0.14
0.206,0.223
0.206,0.308
0.206,0.244
0.206,0.224
0.206,0.261
0.206,0.307
0.206,0.247
0.206,0.188
0.206,0.175
0.206,0.087
0.206,0.104
0.206,0.218
0.206,0.169
0.206,0.153
0.206,0.112
0.206,0.248
0.206,0.211
0.206,0.192
0.206,0.126
0.206,0.12
0.206,0.142
0.206,0.15
0.206,0.12
0.206,0.129
0.206,0.127
0.206,0.099
0.206,0.124
0.206,0.115
0.206,0.097
0.206,0.096
0.206,0.103
0.206,0.082
0.206,0.061
0.206,0.01
0.206,-0.036
0.206,-0.042
0.206,-0.048
0.206,-0.107
0.206,-0.116
0.206,-0.109
0.206,-0.115
0.206,-0.096
0.206,-0.134
0.206,-0.092
0.206,-0.111
0.206,-0.098
0.206,-0.019
0.206,-0.048
0.206,-0.053
0.206,-0.096
0.206,-0.116
0.206,-0.169
0.206,-0.197
0.206,-0.171
0.206,-0.146
0.206,-0.181
0.206,-0.166
0.206,-0.12
0.206,-0.09
0.206,-0.089
0.206,-0.035
0.206,-0.066
0.206,-0.063
0.206,-0.135
0.206,-0.135
0.206,-0.102
0.206,-0.095
0.206,-0.084
0.206,-0.11
0.206,-0.062
0.206,-0.041
0.206,-0.032
0.206,-0.031
0.206,0.002
0.206,-0.035
0.206,-0.004
0.206,-0.02
0.206,-0.008
0.206,-0.001
0.206,-0.015
0.206,0.011
0.206,0.014
0.206,0.02
0.206,0.027
0.206,0.047
0.206,0.061
0.206,0.061
0.206,0.095
0.206,0.086
0.206,0.076
0.206,0.076
0.206,0.061
0.206,0.075
0.206,0.075
0.206,0.101
0.206,0.075
0.206,0.103
0.206,0.08
0.206,0.108
0.206,0.103
0.206,0.084
0.206,0.109
0.206,0.106
0.206,0.083
0.206,0.089
0.206,0.104
0.206,0.098
0.206,0.131
0.206,0.114
0.206,0.09
0.206,0.131
0.206,0.098
0.206,0.12
0.206,0.095
0.093,0.132
0.093,0.118
0.093,0.151
0.093,0.129
0.093,0.143
0.093,0.141
0.093,0.17
0.093,0.136
0.093,0.151
0.093,0.171
0.093,0.118
0.093,0.17
0.093,0.132
0.093,0.118
0.093,0.118
0.093,0.143
0.093,0.171
0.093,0.161
0.093,0.178
0.093,0.204
0.093,0.175
0.093,0.134
0.093,0.151
0.093,0.117
0.093,0.122
0.093,0.137
0.093,0.145
0.093,0.137
0.093,0.132
0.093,0.126
0.093,0.126
0.093,0.109
0.093,0.131
0.093,0.131
0.093,0.157
0.093,0.142
0.093,0.153
0.093,0.136
0.093,0.159
0.093,0.099
0.093,0.117
0.093,0.111
0.093,0.122
0.093,0.131
0.093,0.115
0.093,0.131
0.093,0.106
0.093,0.114
0.093,0.112
0.093,0.098
0.093,0.097
0.093,0.097
0.093,0.093
0.093,0.076
0.093,0.084
0.093,0.125
0.093,0.097
0.093,0.101
0.093,0.084
0.093,0.103
0.093,0.087
0.093,0.069
0.093,0.103
0.093,0.069
0.093,0.076
0.093,0.081
0.093,0.061
0.093,0.075
0.093,0.056
0.093,0.069
0.093,0.061
0.093,0.041
0.093,0.047
0.093,0.061
0.093,0.055
0.093,0.027
0.093,0.034
0.093,0.036
0.093,0.034
0.093,0.036
0.093,0.02
0.093,0.041
0.093,0.022
0.093,0.02
0.093,0.028
0.093,0.034
0.093,0.022
0.093,0.02
0.093,0.028
0.093,0.028
0.093,0.02
0.093,0.006
0.093,0.022
0.093,0.014
0.093,0.014
0.093,0.014
0.093,0.02
0.093,0.022
0.093,0.02
0.093,0.013
0.093,0.014
0.093,0.02
0.093,0.008
0.093,0.028
0.093,0.015
0.093,0.02
0.093,0.022
0.093,0.008
0.093,0.02
0.093,0.02
0.093,0.034
0.093,0.034
0.093,0.02
0.093,0.02
0.093,0.027
0.093,0.033
0.093,0.028
0.093,0.043
0.093,0.034
0.093,0.048
0.093,0.034
0.093,0.048
0.093,0.05
0.093,0.061
0.093,0.055
0.093,0.055
0.093,0.069
0.093,0.062
0.093,0.062
0.093,0.07
0.093,0.056
0.093,0.055
0.093,0.067
0.093,0.09
0.093,0.098
0.093,0.07
0.093,0.084
0.093,0.095
0.093,0.103
0.093,0.098
0.093,0.092
0.093,0.109
0.093,0.098
0.093,0.115
0.093,0.128
0.093,0.178
0.093,0.189
0.093,0.112
0.093,0.111
0.093,0.106
0.093,0.132
0.093,0.126
0.093,0.118
0.093,0.098
0.093,0.145
0.093,0.167
0.093,0.162
0.093,0.125
0.093,0.125
0.093,0.131
0.093,0.163
0.093,0.139
0.093,0.16
0.093,0.151
0.093,0.16
0.093,0.185
0.093,0.192
-1.181,0.19
-1.181,0.071
-1.181,0.017
-1.181,0.059
-1.181,0.056
-1.181,0.064
-1.181,0.027
-1.181,0.027
-1.181,0.015
-1.181,-0.017
-1.181,-0.031
-1.181,-0.052
-1.181,-0.096
-1.181,-0.164
-1.181,-0.176
-1.181,-0.185
-1.181,-0.234
-1.181,-0.263
-1.181,-0.341
-1.181,-0.374
-1.181,-0.501
-1.181,-0.582
-1.181,-0.701
-1.181,-0.696
-1.181,-0.711
-1.181,-0.749
-1.181,-0.788
-1.181,-0.736
-1.181,-0.705
-1.181,-0.636
-1.181,-1.135
-1.181,-0.838
-1.181,-1.019
-1.181,-1
-1.181,-0.96
-1.181,-0.981
-1.181,-1.166
-1.181,-1.575
-1.181,-0.845
-1.181,-0.92
-1.181,-0.956
-1.181,-0.935
-1.181,-1.584
-1.181,-1.102
-1.181,-1.92
-1.181,-1.513
-1.181,-1.443
-1.181,-1.392
-1.181,-1.16
-1.181,-1.121
-1.181,-1.26
-1.181,-1.107
-1.181,-1.127
-1.181,-1.156
-1.181,-1.155
-1.181,-1.166
-1.181,-1.198
-1.181,-1.073
-1.181,-1.051
-1.181,-1.167
-1.181,-1.135
-1.181,-1.196
-1.181,-1.211
-1.181,-1.266
-1.181,-1.358
-1.181,-1.447
-1.181,-1.525
-1.181,-1.547
-1.181,-1.438
-1.181,-1.447
-1.181,-1.143
-1.181,-1.054
-1.181,-1.131
-1.181,-1.249
-1.181,-1.266
-1.181,-1.284
-1.181,-1.114
-1.181,-1.198
-1.181,-1.387
-1.181,-1.46
-1.181,-1.499
-1.181,-1.571
-1.181,-1.654
-1.181,-1.539
-1.181,-1.284
-1.181,-1.241
-1.181,-1.298
-1.181,-1.27
-1.181,-1.255
-1.181,-1.253
-1.181,-1.239
-1.181,-1.196
-1.181,-1.286
-1.181,-1.306
-1.181,-1.396
-1.181,-1.447
-1.181,-1.564
-1.181,-1.51
-1.181,-1.56
-1.181,-1.622
-1.181,-1.482
-1.181,-1.404
-1.181,-1.219
-1.181,-1.254
-1.181,-1.253
-1.181,-1.245
-1.181,-1.277
-1.181,-1.323
-1.181,-1.372
-1.181,-1.355
-1.181,-1.323
-1.181,-1.397
-1.181,-1.447
-1.181,-1.473
-1.181,-1.377
-1.181,-1.39
-1.181,-1.377
-1.181,-1.244
-1.181,-1.315
-1.181,-1.296
-1.181,-1.261
-1.181,-1.291
-1.181,-1.231
-1.181,-1.257
-1.181,-1.301
-1.181,-1.347
-1.181,-1.332
-1.181,-1.275
-1.181,-1.309
-1.181,-1.338
-1.181,-1.32
-1.181,-1.373
-1.181,-1.273
-1.181,-1.332
-1.181,-1.261
-1.181,-1.295
-1.181,-1.291
-1.181,-1.226
-1.181,-1.228
-1.181,-1.305
-1.181,-1.256
-1.181,-1.258
-1.181,-1.263
-1.181,-1.252
-1.181,-1.256
-1.181,-1.268
-1.181,-1.275
-1.181,-1.317
-1.181,-1.237
-1.181,-1.268
-1.181,-1.286
-1.181,-1.2
-1.181,-1.226
-1.181,-1.23
-1.181,-1.167
-1.181,-1.198
-1.181,-1.154
-1.181,-1.16
-1.181,-1.185
-1.181,-1.203
-1.181,-1.23
-1.181,-1.244
-1.181,-1.307
-1.181,-1.25
-1.181,-1.263
-1.181,-1.261
-1.181,-1.209
-0.049,-1.229
-0.049,-1.069
-0.049,-1.045
-0.049,-1
-0.049,-0.976
-0.049,-0.941
-0.049,-0.915
-0.049,-0.78
-0.049,-0.726
-0.049,-0.556
-0.049,-0.446
-0.049,-0.303
-0.049,-0.263
-0.049,-0.284
-0.049,-0.366
-0.049,-0.547
-0.049,-0.641
-0.049,-0.692
-0.049,-0.737
-0.049,-0.781
-0.049,-0.671
-0.049,-0.564
-0.049,-0.459
-0.049,-0.247
-0.049,-0.202
-0.049,-0.102
-0.049,-0.019
-0.049,0.067
-0.049,0.093
-0.049,0.037
-0.049,0.021
-0.049,-0.094
-0.049,-0.159
-0.049,-0.25
-0.049,-0.323
-0.049,-0.486
-0.049,-0.545
-0.049,-0.421
-0.049,-0.304
-0.049,-0.284
-0.049,-0.265
-0.049,-0.269
-0.049,-0.237
-0.049,-0.124
-0.049,-0.09
-0.049,0.004
-0.049,0.083
-0.049,0.121
-0.049,0.143
-0.049,0.163
-0.049,0.109
-0.049,0.153
-0.049,0.146
-0.049,0.153
-0.049,0.103
-0.049,-0.023
-0.049,-0.135
-0.049,-0.193
-0.049,-0.159
-0.049,-0.088
-0.049,-0.09
-0.049,-0.048
-0.049,-0.055
-0.049,-0.014
-0.049,-0.006
-0.049,0.011
-0.049,0.017
-0.049,0.008
-0.049,0.014
-0.049,0
-0.049,0.013
-0.049,0.02
-0.049,0.028
-0.049,0.048
-0.049,0.047
-0.049,0.078
-0.049,0.097
-0.049,0.075
-0.049,0.103
-0.049,0.103
-0.049,0.095
-0.049,0.115
-0.049,0.095
-0.049,0.112
-0.049,0.09
-0.049,0.123
-0.049,0.123
-0.049,0.136
-0.049,0.126
-0.049,0.134
-0.049,0.15
-0.049,0.142
-0.049,0.143
-0.049,0.136
-0.049,0.132
-0.049,0.111
-0.049,0.122
-0.049,0.127
-0.049,0.137
-0.049,0.136
-0.049,0.126
-0.049,0.097
-0.049,0.083
-0.049,0.127
-0.049,0.104
-0.049,0.104
-0.049,0.101
-0.049,0.083
-0.049,0.076
-0.049,0.098
-0.049,0.057
-0.049,0.112
-0.049,0.084
-0.049,0.07
-0.049,0.09
-0.049,0.078
-0.049,0.09
-0.049,0.071
-0.049,0.075
-0.049,0.062
-0.049,0.064
-0.049,0.076
-0.049,0.048
-0.049,0.05
-0.049,0.057
-0.049,0.055
-0.049,0.048
-0.049,0.042
-0.049,0.048
-0.049,0.042
-0.049,0.022
-0.049,0.028
-0.049,0.041
-0.049,0.014
-0.049,0.028
-0.049,0.034
-0.049,0.027
-0.049,0.006
-0.049,0.006
-0.049,0.006
-0.049,-0.008
-0.049,0.001
-0.049,-0.008
-0.049,-0.006
-0.049,0
-0.049,-0.014
-0.049,0.006
-0.049,-0.008
-0.049,-0.006
-0.049,-0.014
-0.049,0
-0.049,-0.02
-0.049,-0.008
-0.049,-0.022
-0.049,-0.014
-0.049,-0.014
-0.049,-0.015
-0.049,0
-0.049,-0.015
-0.049,0
-0.049,-0.008
-0.049,0
-0.049,-0.008
-0.049,-0.014
-0.049,0
-0.049,-0.006
-0.049,0
0.546,0.008
0.546,0.008
0.546,0.022
0.546,0.014
0.546,0.02
0.546,0.029
0.546,0.033
0.546,0.027
0.546,0.047
0.546,0.061
0.546,0.078
0.546,0.066
0.546,0.081
0.546,0.095
0.546,0.076
0.546,0.07
0.546,0.097
0.546,0.106
0.546,0.083
0.546,0.103
0.546,0.126
0.546,0.145
0.546,0.125
0.546,0.14
0.546,0.201
0.546,0.208
0.546,0.252
0.546,0.252
0.546,0.325
0.546,0.327
0.546,0.321
0.546,0.255
0.546,0.253
0.546,0.253
0.546,0.293
0.546,0.388
0.546,0.393
0.546,0.409
0.546,0.468
0.546,0.507
0.546,0.534
0.546,0.572
0.546,0.525
0.546,0.484
0.546,0.501
0.546,0.488
0.546,0.501
0.546,0.554
0.546,0.611
0.546,0.646
0.546,0.633
0.546,0.558
0.546,0.537
0.546,0.575
0.546,0.647
0.546,0.64
0.546,0.689
0.546,0.684
0.546,0.631
0.546,0.658
0.546,0.663
0.546,0.6
0.546,0.615
0.546,0.739
0.546,0.719
0.546,0.666
0.546,0.646
0.546,0.644
0.546,0.737
0.546,0.718
0.546,0.749
0.546,0.73
0.546,0.719
0.546,0.733
0.546,0.728
0.546,0.68
0.546,0.664
0.546,0.688
0.546,0.635
0.546,0.602
0.546,0.585
0.546,0.67
0.546,0.694
0.546,0.689
0.546,0.696
0.546,0.692
0.546,0.656
0.546,0.68
0.546,0.619
0.546,0.641
0.546,0.675
0.546,0.635
0.546,0.638
0.546,0.648
0.546,0.648
0.546,0.626
0.546,0.614
0.546,0.605
0.546,0.622
0.546,0.63
0.546,0.64
0.546,0.67
0.546,0.624
0.546,0.663
0.546,0.633
0.546,0.635
0.546,0.642
0.546,0.591
0.546,0.607
0.546,0.57
0.546,0.569
0.546,0.573
0.546,0.619
0.546,0.633
0.546,0.652
0.546,0.65
0.546,0.63
0.546,0.647
0.546,0.589
0.546,0.589
0.546,0.566
0.546,0.6
0.546,0.566
0.546,0.559
0.546,0.522
0.546,0.584
0.546,0.549
0.546,0.563
0.546,0.636
0.546,0.582
0.546,0.654
0.546,0.608
0.546,0.658
0.546,0.612
0.546,0.581
0.546,0.563
0.546,0.581
0.546,0.536
0.546,0.527
0.546,0.528
0.546,0.556
0.546,0.575
0.546,0.638
0.546,0.598
0.546,0.617
0.546,0.62
0.546,0.597
0.546,0.623
0.546,0.568
0.546,0.55
0.546,0.55
0.546,0.545
0.546,0.582
0.546,0.566
0.546,0.568
0.546,0.516
0.546,0.552
0.546,0.536
0.546,0.552
0.546,0.549
0.546,0.526
0.546,0.51
0.546,0.508
0.546,0.511
0.546,0.53
0.546,0.541
0.546,0.552
0.788,0.58
0.788,0.618
0.788,0.603
0.788,0.589
0.788,0.588
0.788,0.533
0.788,0.507
0.788,0.513
0.788,0.516
0.788,0.564
0.788,0.575
0.788,0.622
0.788,0.66
0.788,0.708
0.788,0.766
0.788,0.797
0.788,0.814
0.788,0.749
0.788,0.71
0.788,0.619
0.788,0.512
0.788,0.533
0.788,0.568
0.788,0.597
0.788,0.653
0.788,0.745
0.788,0.779
0.788,0.75
0.788,0.778
0.788,0.762
0.788,0.789
0.788,0.704
0.788,0.709
0.788,0.679
0.788,0.721
0.788,0.699
0.788,0.709
0.788,0.669
0.788,0.778
0.788,0.772
0.788,0.803
0.788,0.778
0.788,0.769
0.788,0.739
0.788,0.734
0.788,0.755
0.788,0.754
0.788,0.83
0.788,0.801
0.788,0.899
0.788,0.965
0.788,0.951
0.788,0.829
0.788,0.794
0.788,0.849
0.788,0.769
0.788,0.693
0.788,0.786
0.788,0.838
0.788,0.789
0.788,0.791
0.788,0.823
0.788,0.85
0.788,0.897
0.788,0.943
0.788,0.843
0.788,0.808
0.788,0.763
0.788,0.769
0.788,0.855
0.788,0.835
0.788,0.841
0.788,0.866
0.788,0.855
0.788,0.864
0.788,0.887
0.788,0.997
0.788,0.95
0.788,0.876
0.788,0.755
0.788,0.781
0.788,0.839
0.788,0.811
0.788,0.799
0.788,0.813
0.788,0.783
0.788,0.778
0.788,0.841
0.788,0.805
0.788,0.817
0.788,0.892
0.788,0.841
0.788,0.8
0.788,0.789
0.788,0.834
0.788,0.772
0.788,0.825
0.788,0.78
0.788,0.803
0.788,0.811
0.788,0.755
0.788,0.848
0.788,0.844
0.788,0.791
0.788,0.833
0.788,0.829
0.788,0.831
0.788,0.809
0.788,0.806
0.788,0.768
0.788,0.769
0.788,0.754
0.788,0.803
0.788,0.815
0.788,0.843
0.788,0.855
0.788,0.862
0.788,0.814
0.788,0.786
0.788,0.785
0.788,0.783
0.788,0.783
0.788,0.773
0.788,0.78
0.788,0.791
0.788,0.775
0.788,0.833
0.788,0.833
0.788,0.802
0.788,0.778
0.788,0.778
0.788,0.775
0.788,0.749
0.788,0.763
0.788,0.788
0.788,0.786
0.788,0.814
0.788,0.792
0.788,0.766
0.788,0.82
0.788,0.847
0.788,0.817
0.788,0.782
0.788,0.808
0.788,0.772
0.788,0.789
0.788,0.773
0.788,0.791
0.788,0.796
0.788,0.766
0.788,0.786
0.788,0.827
0.788,0.76
0.788,0.834
0.788,0.833
0.788,0.785
0.788,0.775
0.788,0.802
0.788,0.8
0.788,0.805
0.788,0.8
0.788,0.775
0.788,0.757
0.788,0.783
0.788,0.809
0.788,0.792
0.788,0.778
-0.46,0.778
-0.46,0.741
-0.46,0.624
-0.46,0.652
-0.46,0.636
-0.46,0.603
-0.46,0.609
-0.46,0.553
-0.46,0.518
-0.46,0.486
-0.46,0.428
-0.46,0.387
-0.46,0.263
-0.46,0.223
-0.46,0.172
-0.46,0.231
-0.46,0.156
-0.46,0.18
-0.46,0.154
-0.46,0.091
-0.46,0.03
-0.46,0.074
-0.46,0.012
-0.46,-0.056
-0.46,-0.164
-0.46,-0.177
-0.46,-0.161
-0.46,-0.109
-0.46,-0.118
-0.46,-0.127
-0.46,-0.192
-0.46,-0.209
-0.46,-0.238
-0.46,-0.184
-0.46,-0.229
-0.46,-0.252
-0.46,-0.232
-0.46,-0.254
-0.46,-0.277
-0.46,-0.234
-0.46,-0.234
-0.46,-0.242
-0.46,-0.246
-0.46,-0.234
-0.46,-0.244
-0.46,-0.172
-0.46,-0.218
-0.46,-0.232
-0.46,-0.237
-0.46,-0.254
-0.46,-0.257
-0.46,-0.229
-0.46,-0.315
-0.46,-0.331
-0.46,-0.475
-0.46,-0.561
-0.46,-0.682
-0.46,-0.739
-0.46,-0.66
-0.46,-0.515
-0.46,-0.402
-0.46,-0.421
-0.46,-0.477
-0.46,-0.568
-0.46,-0.606
-0.46,-0.562
-0.46,-0.653
-0.46,-0.678
-0.46,-0.682
-0.46,-0.665
-0.46,-0.71
-0.46,-0.727
-0.46,-0.73
-0.46,-0.684
-0.46,-0.604
-0.46,-0.622
-0.46,-0.607
-0.46,-0.602
-0.46,-0.72
-0.46,-0.736
-0.46,-0.761
-0.46,-0.713
-0.46,-0.701
-0.46,-0.741
-0.46,-0.875
-0.46,-0.866
-0.46,-0.829
-0.46,-0.761
-0.46,-0.638
-0.46,-0.659
-0.46,-0.649
-0.46,-0.699
-0.46,-0.687
-0.46,-0.745
-0.46,-0.727
-0.46,-0.743
-0.46,-0.731
-0.46,-0.74
-0.46,-0.747
-0.46,-0.659
-0.46,-0.671
-0.46,-0.633
-0.46,-0.632
-0.46,-0.678
-0.46,-0.694
-0.46,-0.696
-0.46,-0.69
-0.46,-0.703
-0.46,-0.754
-0.46,-0.772
-0.46,-0.728
-0.46,-0.664
-0.46,-0.63
-0.46,-0.612
-0.46,-0.644
-0.46,-0.612
-0.46,-0.582
-0.46,-0.602
-0.46,-0.588
-0.46,-0.614
-0.46,-0.632
-0.46,-0.57
-0.46,-0.59
-0.46,-0.625
-0.46,-0.587
-0.46,-0.591
-0.46,-0.585
-0.46,-0.565
-0.46,-0.576
-0.46,-0.58
-0.46,-0.618
-0.46,-0.562
-0.46,-0.582
-0.46,-0.576
-0.46,-0.531
-0.46,-0.576
-0.46,-0.498
-0.46,-0.554
-0.46,-0.495
-0.46,-0.537
-0.46,-0.498
-0.46,-0.521
-0.46,-0.506
-0.46,-0.533
-0.46,-0.482
-0.46,-0.529
-0.46,-0.488
-0.46,-0.514
-0.46,-0.469
-0.46,-0.484
-0.46,-0.478
-0.46,-0.469
-0.46,-0.486
-0.46,-0.426
-0.46,-0.469
-0.46,-0.477
-0.46,-0.469
-0.46,-0.408
-0.46,-0.449
-0.46,-0.483
-0.46,-0.433
-0.46,-0.507
-0.46,-0.455
-0.46,-0.433
-0.46,-0.44
-0.46,-0.424
-0.46,-0.386
-0.583,-0.407
-0.583,-0.426
-0.583,-0.399
-0.583,-0.427
-0.583,-0.435
-0.583,-0.432
-0.583,-0.41
-0.583,-0.405
-0.583,-0.433
-0.583,-0.419
-0.583,-0.376
-0.583,-0.374
-0.583,-0.382
-0.583,-0.39
-0.583,-0.398
-0.583,-0.419
-0.583,-0.407
-0.583,-0.426
-0.583,-0.456
-0.583,-0.47
-0.583,-0.447
-0.583,-0.435
-0.583,-0.399
-0.583,-0.423
-0.583,-0.414
-0.583,-0.416
-0.583,-0.46
-0.583,-0.46
-0.583,-0.44
-0.583,-0.465
-0.583,-0.457
-0.583,-0.489
-0.583,-0.496
-0.583,-0.451
-0.583,-0.468
-0.583,-0.477
-0.583,-0.503
-0.583,-0.533
-0.583,-0.523
-0.583,-0.496
-0.583,-0.528
-0.583,-0.513
-0.583,-0.485
-0.583,-0.524
-0.583,-0.553
-0.583,-0.519
-0.583,-0.559
-0.583,-0.613
-0.583,-0.57
-0.583,-0.525
-0.583,-0.505
-0.583,-0.556
-0.583,-0.538
-0.583,-0.572
-0.583,-0.524
-0.583,-0.524
-0.583,-0.554
-0.583,-0.55
-0.583,-0.582
-0.583,-0.638
-0.583,-0.593
-0.583,-0.611
-0.583,-0.605
-0.583,-0.58
-0.583,-0.62
-0.583,-0.62
-0.583,-0.555
-0.583,-0.6
-0.583,-0.591
-0.583,-0.626
-0.583,-0.609
-0.583,-0.572
-0.583,-0.652
-0.583,-0.609
-0.583,-0.597
-0.583,-0.598
-0.583,-0.584
-0.583,-0.647
-0.583,-0.592
-0.583,-0.649
-0.583,-0.627
-0.583,-0.64
-0.583,-0.65
-0.583,-0.61
-0.583,-0.594
-0.583,-0.638
-0.583,-0.575
-0.583,-0.631
-0.583,-0.618
-0.583,-0.566
-0.583,-0.637
-0.583,-0.603
-0.583,-0.621
-0.583,-0.631
-0.583,-0.589
-0.583,-0.598
-0.583,-0.631
-0.583,-0.601
-0.583,-0.687
-0.583,-0.687
-0.583,-0.719
-0.583,-0.602
-0.583,-0.653
-0.583,-0.653
-0.583,-0.626
-0.583,-0.639
-0.583,-0.633
-0.583,-0.628
-0.583,-0.649
-0.583,-0.619
-0.583,-0.646
-0.583,-0.637
-0.583,-0.7
-0.583,-0.706
-0.583,-0.699
-0.583,-0.66
-0.583,-0.647
-0.583,-0.617
-0.583,-0.643
-0.583,-0.611
-0.583,-0.58
-0.583,-0.596
-0.583,-0.575
-0.583,-0.552
-0.583,-0.582
-0.583,-0.57
-0.583,-0.604
-0.583,-0.629
-0.583,-0.661
-0.583,-0.637
-0.583,-0.607
-0.583,-0.564
-0.583,-0.58
-0.583,-0.595
-0.583,-0.552
-0.583,-0.552
-0.583,-0.58
-0.583,-0.598
-0.583,-0.586
-0.583,-0.607
-0.583,-0.561
-0.583,-0.613
-0.583,-0.55
-0.583,-0.596
-0.583,-0.58
-0.583,-0.57
-0.583,-0.618
-0.583,-0.558
-0.583,-0.604
-0.583,-0.542
-0.583,-0.575
-0.583,-0.568
-0.583,-0.545
-0.583,-0.561
-0.583,-0.61
-0.583,-0.615
-0.583,-0.584
-0.583,-0.553
-0.583,-0.558
-0.583,-0.587
-0.583,-0.597
-0.583,-0.587
-0.583,-0.569
-0.583,-0.578
-0.583,-0.558
-0.583,-0.526
-0.583,-0.529
2.147,-0.577
2.147,-0.451
2.147,-0.089
2.147,-0.041
2.147,-0.153
2.147,-0.084
2.147,0.1
2.147,0.283
2.147,0.604
2.147,0.737
2.147,1.13
2.147,1.323
2.147,1.587
2.147,1.692
2.147,1.588
2.147,1.444
2.147,1.567
2.147,1.703
2.147,1.898
2.147,2.053
2.147,2.169
2.147,2.267
2.147,2.364
2.147,2.242
2.147,1.804
2.147,1.527
2.147,1.05
2.147,0.851
2.147,1.19
2.147,1.377
2.147,1.822
2.147,1.963
2.147,2.278
2.147,1.992
2.147,2.189
2.147,2.593
2.147,2.665
2.147,2.832
2.147,3.062
2.147,3.061
2.147,2.807
2.147,2.323
2.147,1.311
2.147,1.006
2.147,0.942
2.147,1.14
2.147,1.605
2.147,1.888
2.147,2.171
2.147,2.304
2.147,2.69
2.147,2.782
2.147,2.824
2.147,2.703
2.147,2.852
2.147,2.88
2.147,2.915
2.147,2.791
2.147,1.978
2.147,1.92
2.147,1.647
2.147,1.475
2.147,1.607
2.147,1.727
2.147,1.776
2.147,1.801
2.147,2.248
2.147,2.426
2.147,2.8
2.147,2.864
2.147,2.851
2.147,2.717
2.147,1.901
2.147,1.584
2.147,1.307
2.147,1.229
2.147,1.68
2.147,1.926
2.147,2.085
2.147,2.18
2.147,1.956
2.147,1.775
2.147,1.985
2.147,2.217
2.147,2.539
2.147,2.578
2.147,2.519
2.147,2.372
2.147,2.192
2.147,2.059
2.147,1.898
2.147,1.971
2.147,2.077
2.147,2.138
2.147,2.063
2.147,1.984
2.147,2.216
2.147,2.244
2.147,2.293
2.147,2.276
2.147,2.217
2.147,2.232
2.147,2.232
2.147,2.21
2.147,2.136
2.147,2.128
2.147,2.025
2.147,1.962
2.147,1.827
2.147,1.892
2.147,2.097
2.147,2.203
2.147,2.26
2.147,2.382
2.147,2.213
2.147,2.297
2.147,2.094
2.147,2.047
2.147,2.236
2.147,2.341
2.147,2.456
2.147,2.386
2.147,2.164
2.147,2.234
2.147,2.473
2.147,2.442
2.147,2.41
2.147,2.398
2.147,2.274
2.147,2.267
2.147,2.121
2.147,2.148
2.147,2.065
2.147,1.99
2.147,1.923
2.147,1.952
2.147,2.116
2.147,2.205
2.147,2.274
2.147,2.3
2.147,2.299
2.147,2.244
2.147,2.192
2.147,2.276
2.147,2.195
2.147,2.15
2.147,2.236
2.147,2.197
2.147,2.031
2.147,2.088
2.147,1.995
2.147,2.117
2.147,2.263
2.147,2.306
2.147,2.163
2.147,2.199
2.147,2.108
2.147,2.084
2.147,2.017
2.147,2.134
2.147,2.251
2.147,2.287
2.147,2.375
2.147,2.474
2.147,2.635
2.147,2.656
2.147,2.529
-2.034,2.243
-2.034,1.506
-2.034,1.262
-2.034,1.116
-2.034,1.113
-2.034,0.93
-2.034,0.714
-2.034,0.42
-2.034,0.255
-2.034,-0.021
-2.034,-0.156
-2.034,-0.147
-2.034,-0.68
-2.034,-0.308
-2.034,-2.866
-2.034,-0.921
-2.034,-1.294
-2.034,-0.908
-2.034,-0.288
-2.034,-1.2
-2.034,-0.837
-2.034,-1.053
-2.034,-4.128
-2.034,-0.975
-2.034,-0.58
-2.034,-0.006
-2.034,-7.654
-2.034,-0.477
-2.034,-2.028
-2.034,-2.171
-2.034,-2.28
-2.034,-2.432
-2.034,-2.701
-2.034,-2.998
-2.034,-3.145
-2.034,-3.313
-2.034,-3.365
-2.034,-3.452
-2.034,-3.476
-2.034,-3.476
-2.034,-3.448
-2.034,-3.461
-2.034,-3.433
-2.034,-3.402
-2.034,-3.41
-2.034,-3.141
-2.034,-3.033
-2.034,-2.724
-2.034,-2.664
-2.034,-2.449
-2.034,-2.431
-2.034,-2.286
-2.034,-2.215
-2.034,-2.123
-2.034,-2.092
-2.034,-1.892
-2.034,-1.607
-2.034,-1.02
-2.034,-0.833
-2.034,-0.588
-2.034,-0.627
-2.034,-0.488
-2.034,-1.081
-2.034,-0.71
-2.034,-0.725
-2.034,-0.778
-2.034,-0.841
-2.034,-0.797
-2.034,-0.752
-2.034,-0.918
-2.034,-0.707
-2.034,-0.593
-2.034,-0.608
-2.034,-0.591
-2.034,-1.799
-2.034,-0.892
-2.034,-1.315
-2.034,-1.091
-2.034,-1.351
-2.034,-0.314
-2.034,-1.85
-2.034,-1.521
-2.034,-2.1
-2.034,-2.925
-2.034,-3.014
-2.034,-3.108
-2.034,-2.986
-2.034,-2.844
-2.034,-2.383
-2.034,-2.827
-2.034,-4.651
-2.034,-2.647
-2.034,-2.597
-2.034,-2.428
-2.034,-2.505
-2.034,-2.75
-2.034,-2.614
-2.034,-1.388
-2.034,-0.421
-2.034,-5.835
-2.034,-2.508
-2.034,-2.296
-2.034,-2.093
-2.034,-2.378
-2.034,-2.528
-2.034,-2.555
-2.034,-2.284
-2.034,-2.636
-2.034,-2.035
-2.034,-1.83
-2.034,0.312
-2.034,-2.195
-2.034,-2.679
-2.034,-2.235
-2.034,-2.224
-2.034,-2.099
-2.034,-2.139
-2.034,-2.281
-2.034,-1.149
-2.034,-2.758
-2.034,-2.29
-2.034,-2.101
-2.034,-2.143
-2.034,-2.003
-2.034,-1.708
-2.034,-1.243
-2.034,-1.297
-2.034,-1.714
-2.034,-1.861
-2.034,-1.724
-2.034,-1.729
-2.034,-1.886
-2.034,-1.867
-2.034,-1.789
-2.034,-1.997
-2.034,-2.041
-2.034,-1.924
-2.034,-1.923
-2.034,-1.894
-2.034,-2.091
-2.034,-2.14
-2.034,-2.2
-2.034,-2.214
-2.034,-2.166
-2.034,-2.149
-2.034,-2.004
-2.034,-1.978
-2.034,-2.03
-2.034,-1.998
-2.034,-2.2
-2.034,-2.246
-2.034,-2.391
-2.034,-2.44
-2.034,-2.17
-2.034,-2.172
-2.034,-2.32
-2.034,-2.341
-2.034,-1.988
-2.034,-1.822
-2.034,-1.883
-2.034,-1.949
-2.034,-2.111
-2.034,-2.154
-2.034,-1.99
-2.034,-1.971
-2.034,-2.219
-2.034,-2.451
1.695,-2.099
1.695,-1.733
1.695,-1.099
1.695,-0.998
1.695,-0.804
1.695,-0.654
1.695,-0.367
1.695,-0.288
1.695,-0.286
1.695,-0.384
1.695,-0.498
1.695,-0.403
1.695,-0.102
1.695,0.029
1.695,0.281
1.695,0.41
1.695,0.688
1.695,0.891
1.695,1.309
1.695,1.557
1.695,1.911
1.695,1.924
1.695,1.86
1.695,1.644
1.695,1.215
1.695,1.05
1.695,1.053
1.695,1.194
1.695,1.249
1.695,1.197
1.695,1.042
1.695,1.01
1.695,0.683
1.695,0.736
1.695,1.205
1.695,2.084
1.695,1.916
1.695,2.535
1.695,2.353
1.695,2.377
1.695,1.887
1.695,1.733
1.695,1.837
1.695,1.924
1.695,2.284
1.695,2.307
1.695,2.294
1.695,2.137
1.695,2.019
1.695,1.967
1.695,1.992
1.695,1.91
1.695,0.81
1.695,0.705
1.695,0.731
1.695,0.704
1.695,0.803
1.695,0.892
1.695,1.273
1.695,1.32
1.695,1.429
1.695,1.49
1.695,1.861
1.695,1.981
1.695,1.984
1.695,1.889
1.695,1.788
1.695,1.699
1.695,2.24
1.695,2.786
1.695,1.952
1.695,1.572
1.695,1.156
1.695,1.139
1.695,1.41
1.695,1.589
1.695,1.71
1.695,1.741
1.695,-1.065
1.695,1.26
1.695,0.6
1.695,-0.476
1.695,1.874
1.695,1.791
1.695,2.28
1.695,2.427
1.695,2.651
1.695,2.795
1.695,2.511
1.695,2.215
1.695,2.043
1.695,1.926
1.695,1.136
1.695,0.926
1.695,1.146
1.695,1.377
1.695,1.593
1.695,1.787
1.695,1.9
1.695,2.025
1.695,2.244
1.695,2.296
1.695,2.372
1.695,2.235
1.695,1.868
1.695,1.83
1.695,1.596
1.695,1.233
1.695,1.094
1.695,1.185
1.695,1.352
1.695,1.419
1.695,1.459
1.695,1.548
1.695,1.727
1.695,1.882
1.695,2.076
1.695,2.118
1.695,1.861
1.695,1.833
1.695,1.955
1.695,1.899
1.695,1.813
1.695,1.843
1.695,2.06
1.695,1.871
1.695,1.602
1.695,1.583
1.695,1.651
1.695,1.716
1.695,1.55
1.695,1.676
1.695,1.788
1.695,1.808
1.695,1.784
1.695,1.831
1.695,1.853
1.695,1.809
1.695,1.641
1.695,1.708
1.695,1.848
1.695,1.745
1.695,1.511
1.695,1.367
1.695,1.474
1.695,1.593
1.695,1.745
1.695,1.675
1.695,1.83
1.695,1.98
1.695,2.133
1.695,2.128
1.695,2.028
1.695,1.809
1.695,1.666
1.695,1.647
1.695,1.612
1.695,1.551
1.695,1.491
1.695,1.54
1.695,1.676
1.695,1.671
1.695,1.729
1.695,1.682
1.695,1.931
1.695,1.949
1.695,2.074
1.819,2.121
1.819,2.15
1.819,2.083
1.819,2.01
1.819,1.85
1.819,1.566
1.819,1.583
1.819,1.652
1.819,1.71
1.819,1.723
1.819,1.785
1.819,1.864
1.819,1.937
1.819,2.034
1.819,2.024
1.819,2.022
1.819,2.036
1.819,2.047
1.819,2.009
1.819,1.964
1.819,2.036
1.819,1.999
1.819,1.993
1.819,1.999
1.819,1.933
1.819,1.965
1.819,1.922
1.819,1.905
1.819,1.897
1.819,1.873
1.819,2.009
1.819,1.917
1.819,1.818
1.819,1.784
1.819,1.843
1.819,1.889
1.819,1.873
1.819,1.751
1.819,1.663
1.819,1.643
1.819,1.707
1.819,1.747
1.819,1.736
1.819,1.804
1.819,1.897
1.819,2.026
1.819,2.06
1.819,2.155
1.819,2.112
1.819,2.124
1.819,2.026
1.819,1.842
1.819,1.758
1.819,1.715
1.819,1.708
1.819,1.743
1.819,1.703
1.819,1.726
1.819,1.731
1.819,1.836
1.819,1.888
1.819,2.037
1.819,2.025
1.819,2.081
1.819,2.067
1.819,2.043
1.819,2.024
1.819,1.734
1.819,1.693
1.819,1.764
1.819,1.805
1.819,1.769
1.819,1.753
1.819,1.862
1.819,1.898
1.819,2.017
1.819,2.037
1.819,2.021
1.819,1.98
1.819,1.89
1.819,1.925
1.819,1.853
1.819,1.836
1.819,1.724
1.819,1.783
1.819,1.844
1.819,1.871
1.819,1.873
1.819,1.864
1.819,1.811
1.819,1.907
1.819,1.919
1.819,1.933
1.819,1.886
1.819,1.835
1.819,1.777
1.819,1.746
1.819,1.858
1.819,1.875
1.819,1.957
1.819,1.868
1.819,1.804
1.819,1.886
1.819,1.853
1.819,1.861
1.819,1.794
1.819,1.857
1.819,1.885
1.819,1.89
1.819,1.97
1.819,1.998
1.819,1.968
1.819,1.867
1.819,1.79
1.819,1.791
1.819,1.729
1.819,1.745
1.819,1.848
1.819,1.824
1.819,1.85
1.819,1.949
1.819,1.907
1.819,1.921
1.819,1.842
1.819,1.806
1.819,1.884
1.819,1.917
1.819,1.86
1.819,1.83
1.819,1.689
1.819,1.649
1.819,1.744
1.819,1.77
1.819,1.687
1.819,1.663
1.819,1.78
1.819,1.817
1.819,1.829
1.819,1.853
1.819,1.897
1.819,1.928
1.819,1.852
1.819,1.938
1.819,1.827
1.819,1.746
1.819,1.736
1.819,1.729
1.819,1.792
1.819,1.778
1.819,1.817
1.819,1.803
1.819,1.908
1.819,1.895
1.819,1.93
1.819,1.959
1.819,1.933
1.819,1.86
1.819,1.784
1.819,1.75
1.819,1.751
1.819,1.743
1.819,1.766
1.819,1.78
1.819,1.715
1.819,1.783
1.819,1.795
1.819,1.848
1.303,1.785
1.303,1.709
1.303,1.604
1.303,1.565
1.303,1.624
1.303,1.551
1.303,1.598
1.303,1.613
1.303,1.591
1.303,1.563
1.303,1.58
1.303,1.552
1.303,1.479
1.303,1.46
1.303,1.456
1.303,1.477
1.303,1.447
1.303,1.47
1.303,1.471
1.303,1.459
1.303,1.477
1.303,1.486
1.303,1.47
1.303,1.477
1.303,1.458
1.303,1.452
1.303,1.449
1.303,1.398
1.303,1.428
1.303,1.359
1.303,1.437
1.303,1.386
1.303,1.41
1.303,1.339
1.303,1.312
1.303,1.335
1.303,1.345
1.303,1.289
1.303,1.326
1.303,1.331
1.303,1.358
1.303,1.355
1.303,1.336
1.303,1.333
1.303,1.319
1.303,1.254
1.303,1.272
1.303,1.243
1.303,1.271
1.303,1.24
1.303,1.232
1.303,1.285
1.303,1.328
1.303,1.305
1.303,1.302
1.303,1.256
1.303,1.22
1.303,1.244
1.303,1.272
1.303,1.22
1.303,1.243
1.303,1.272
1.303,1.249
1.303,1.242
1.303,1.188
1.303,1.229
1.303,1.226
1.303,1.202
1.303,1.235
1.303,1.256
1.303,1.277
1.303,1.254
1.303,1.246
1.303,1.238
1.303,1.202
1.303,1.165
1.303,1.205
1.303,1.178
1.303,1.125
1.303,1.179
1.303,1.19
1.303,1.218
1.303,1.257
1.303,1.22
1.303,1.214
1.303,1.218
1.303,1.247
1.303,1.249
1.303,1.244
1.303,1.198
1.303,1.242
1.303,1.186
1.303,1.178
1.303,1.193
1.303,1.147
1.303,1.168
1.303,1.178
1.303,1.209
1.303,1.243
1.303,1.215
1.303,1.232
1.303,1.282
1.303,1.218
1.303,1.305
1.303,1.298
1.303,1.279
1.303,1.291
1.303,1.267
1.303,1.202
1.303,1.198
1.303,1.178
1.303,1.179
1.303,1.167
1.303,1.257
1.303,1.266
1.303,1.251
1.303,1.311
1.303,1.286
1.303,1.282
1.303,1.301
1.303,1.306
1.303,1.335
1.303,1.325
1.303,1.337
1.303,1.321
1.303,1.224
1.303,1.293
1.303,1.233
1.303,1.164
1.303,1.17
1.303,1.165
1.303,1.177
1.303,1.224
1.303,1.204
1.303,1.234
1.303,1.265
1.303,1.326
1.303,1.317
1.303,1.271
1.303,1.28
1.303,1.261
1.303,1.301
1.303,1.321
1.303,1.35
1.303,1.411
1.303,1.323
1.303,1.202
1.303,1.202
1.303,1.215
1.303,1.22
1.303,1.282
1.303,1.249
1.303,1.257
1.303,1.33
1.303,1.387
1.303,1.305
1.303,1.31
1.303,1.368
1.303,1.382
1.303,1.326
1.303,1.331
1.303,1.242
1.303,1.245
1.303,1.232
1.303,1.313
1.303,1.294
1.303,1.36
-1.766,1.32
-1.766,0.942
-1.766,0.693
-1.766,0.491
-1.766,0.412
-1.766,0.417
-1.766,0.583
-1.766,0.296
-1.766,0.172
-1.766,-0.223
-1.766,-0.268
-1.766,-0.408
-1.766,-0.37
-1.766,-0.733
-1.766,-0.559
-1.766,-0.678
-1.766,-0.744
-1.766,-0.835
-1.766,-0.86
-1.766,-0.913
-1.766,-0.995
-1.766,-0.989
-1.766,-1.153
-1.766,-1.22
-1.766,-4.834
-1.766,-1.244
-1.766,-1.425
-1.766,-1.554
-1.766,-0.884
-1.766,-1.15
-1.766,-1.498
-1.766,-1.988
-1.766,-2.245
-1.766,-2.862
-1.766,-3.057
-1.766,-3.375
-1.766,-3.503
-1.766,-3.597
-1.766,-3.595
-1.766,-3.59
-1.766,-3.573
-1.766,-3.519
-1.766,-3.492
-1.766,-3.317
-1.766,-3.155
-1.766,-2.849
-1.766,-2.702
-1.766,-2.492
-1.766,-2.291
-1.766,-2.101
-1.766,-1.946
-1.766,-1.83
-1.766,-1.866
-1.766,-1.742
-1.766,-1.755
-1.766,-1.697
-1.766,-1.724
-1.766,-1.674
-1.766,-1.634
-1.766,-1.524
-1.766,-1.252
-1.766,-0.853
-1.766,-0.667
-1.766,-0.557
-1.766,-0.644
-1.766,-0.649
-1.766,-0.681
-1.766,-0.696
-1.766,-0.719
-1.766,-0.738
-1.766,-0.784
-1.766,-0.84
-1.766,-0.909
-1.766,-0.896
-1.766,-0.577
-1.766,-0.62
-1.766,-0.944
-1.766,-1.096
-1.766,-1.064
-1.766,-0.784
-1.766,-0.859
-1.766,-1.362
-1.766,-2.661
-1.766,-1.483
-1.766,-1.667
-1.766,-1.927
-1.766,-2.104
-1.766,-2.062
-1.766,-2.138
-1.766,-2.263
-1.766,-2.27
-1.766,-2.213
-1.766,-2.177
-1.766,-2.681
-1.766,-2.203
-1.766,-1.867
-1.766,-1.975
-1.766,-1.796
-1.766,-1.869
-1.766,-1.823
-1.766,-1.84
-1.766,-2.113
-1.766,-1.927
-1.766,-1.929
-1.766,-2.055
-1.766,-0.093
-1.766,1.726
-1.766,-0.16
-1.766,-4.749
-1.766,-1.517
-1.766,-0.854
-1.766,-1.526
-1.766,-2.343
-1.766,-2.007
-1.766,-1.633
-1.766,1.727
-1.766,-1.773
-1.766,-2.34
-1.766,-2.088
-1.766,-2.217
-1.766,-2.325
-1.766,-2.313
-1.766,-2.143
-1.766,-2.199
-1.766,-2.081
-1.766,-1.876
-1.766,-1.794
-1.766,-1.833
-1.766,-1.912
-1.766,-1.994
-1.766,-1.952
-1.766,-1.836
-1.766,-1.98
-1.766,-2.089
-1.766,-2.131
-1.766,-1.921
-1.766,-1.78
-1.766,-1.897
-1.766,-1.845
-1.766,-1.748
-1.766,-1.663
-1.766,-1.763
-1.766,-1.852
-1.766,-1.723
-1.766,-1.74
-1.766,-1.748
-1.766,-1.791
-1.766,-1.844
-1.766,-1.991
-1.766,-2.136
-1.766,-2.138
-1.766,-2.054
-1.766,-2.042
-1.766,-2.133
-1.766,-2.119
-1.766,-2.128
-1.766,-2.073
-1.766,-1.702
-1.766,-1.654
-1.766,-1.734
-1.766,-1.779
-1.766,-1.867
-1.766,-1.891
-1.766,-1.956
-1.766,-1.952
-1.766,-2.046
-1.766,-2.032
-1.048,-2.122
-1.048,-2.101
-1.048,-1.851
-1.048,-1.773
-1.048,-1.672
-1.048,-1.63
-1.048,-1.561
-1.048,-1.58
-1.048,-1.574
-1.048,-1.644
-1.048,-1.711
-1.048,-1.684
-1.048,-1.695
-1.048,-1.686
-1.048,-1.589
-1.048,-1.522
-1.048,-1.457
-1.048,-1.498
-1.048,-1.468
-1.048,-1.432
-1.048,-1.401
-1.048,-1.399
-1.048,-1.308
-1.048,-1.329
-1.048,-1.303
-1.048,-1.325
-1.048,-1.308
-1.048,-1.302
-1.048,-1.319
-1.048,-1.28
-1.048,-1.307
-1.048,-1.351
-1.048,-1.312
-1.048,-1.325
-1.048,-1.289
-1.048,-1.212
-1.048,-1.207
-1.048,-1.227
-1.048,-1.228
-1.048,-1.26
-1.048,-1.19
-1.048,-1.159
-1.048,-1.152
-1.048,-1.216
-1.048,-1.123
-1.048,-1.075
-1.048,-1.086
-1.048,-1.013
-1.048,-0.987
-1.048,-1.069
-1.048,-1.09
-1.048,-1.089
-1.048,-0.953
-1.048,-1.002
-1.048,-1.006
-1.048,-0.978
-1.048,-1.042
-1.048,-1.009
-1.048,-0.987
-1.048,-0.921
-1.048,-0.853
-1.048,-0.895
-1.048,-0.916
-1.048,-0.955
-1.048,-0.946
-1.048,-0.847
-1.048,-0.878
-1.048,-0.918
-1.048,-0.976
-1.048,-1.024
-1.048,-0.991
-1.048,-0.997
-1.048,-0.89
-1.048,-0.922
-1.048,-0.955
-1.048,-0.967
-1.048,-0.918
-1.048,-0.853
-1.048,-0.901
-1.048,-0.862
-1.048,-0.941
-1.048,-0.932
-1.048,-0.98
-1.048,-0.971
-1.048,-0.913
-1.048,-0.909
-1.048,-0.976
-1.048,-1.006
-1.048,-0.925
-1.048,-0.913
-1.048,-0.906
-1.048,-0.887
-1.048,-0.839
-1.048,-0.874
-1.048,-0.876
-1.048,-0.87
-1.048,-0.948
-1.048,-0.936
-1.048,-0.913
-1.048,-0.985
-1.048,-0.906
-1.048,-0.943
-1.048,-0.951
-1.048,-0.996
-1.048,-0.978
-1.048,-0.942
-1.048,-0.988
-1.048,-1.014
-1.048,-1.084
-1.048,-1.086
-1.048,-1.086
-1.048,-0.976
-1.048,-0.882
-1.048,-0.92
-1.048,-0.953
-1.048,-0.915
-1.048,-0.85
-1.048,-0.871
-1.048,-0.939
-1.048,-0.945
-1.048,-0.892
-1.048,-0.898
-1.048,-0.931
-1.048,-0.928
-1.048,-0.96
-1.048,-0.923
-1.048,-0.918
-1.048,-0.899
-1.048,-0.946
-1.048,-0.911
-1.048,-0.934
-1.048,-0.859
-1.048,-0.915
-1.048,-0.892
-1.048,-0.887
-1.048,-0.962
-1.048,-0.977
-1.048,-0.967
-1.048,-1.041
-1.048,-0.982
-1.048,-1.032
-1.048,-1.08
-1.048,-1.081
-1.048,-1.016
-1.048,-1.03
-1.048,-0.952
-1.048,-0.974
-1.048,-1.01
-1.048,-0.99
-1.048,-0.973
-1.048,-1.045
-1.048,-0.967
-1.048,-0.965
-1.048,-1.004
-1.048,-1.004
-1.048,-1.044
-1.048,-1.022
-1.048,-1.014
-1.048,-1.051
-1.048,-1.006
-1.048,-1.102
-1.048,-1.092
-1.048,-1.171
-1.048,-1.139
-1.048,-1.095
-1.048,-1.048
-1.048,-0.953
-0.724,-1.001
-0.724,-0.887
-0.724,-0.898
-0.724,-0.882
-0.724,-0.939
-0.724,-0.936
-0.724,-0.939
-0.724,-0.972
-0.724,-1.008
-0.724,-0.99
-0.724,-1.037
-0.724,-0.985
-0.724,-0.943
-0.724,-0.909
-0.724,-0.912
-0.724,-0.869
-0.724,-0.848
-0.724,-0.842
-0.724,-0.869
-0.724,-0.834
-0.724,-0.876
-0.724,-0.883
-0.724,-0.894
-0.724,-0.866
-0.724,-0.876
-0.724,-0.859
-0.724,-0.841
-0.724,-0.831
-0.724,-0.822
-0.724,-0.775
-0.724,-0.817
-0.724,-0.791
-0.724,-0.792
-0.724,-0.789
-0.724,-0.794
-0.724,-0.805
-0.724,-0.746
-0.724,-0.757
-0.724,-0.766
-0.724,-0.769
-0.724,-0.768
-0.724,-0.755
-0.724,-0.799
-0.724,-0.775
-0.724,-0.729
-0.724,-0.693
-0.724,-0.743
-0.724,-0.745
-0.724,-0.735
-0.724,-0.743
-0.724,-0.759
-0.724,-0.766
-0.724,-0.735
-0.724,-0.741
-0.724,-0.713
-0.724,-0.701
-0.724,-0.704
-0.724,-0.637
-0.724,-0.69
-0.724,-0.666
-0.724,-0.633
-0.724,-0.649
-0.724,-0.665
-0.724,-0.701
-0.724,-0.68
-0.724,-0.712
-0.724,-0.694
-0.724,-0.677
-0.724,-0.735
-0.724,-0.677
-0.724,-0.67
-0.724,-0.66
-0.724,-0.621
-0.724,-0.604
-0.724,-0.635
-0.724,-0.609
-0.724,-0.634
-0.724,-0.638
-0.724,-0.644
-0.724,-0.631
-0.724,-0.654
-0.724,-0.638
-0.724,-0.631
-0.724,-0.679
-0.724,-0.624
-0.724,-0.633
-0.724,-0.595
-0.724,-0.656
-0.724,-0.645
-0.724,-0.642
-0.724,-0.659
-0.724,-0.647
-0.724,-0.688
-0.724,-0.659
-0.724,-0.68
-0.724,-0.621
-0.724,-0.628
-0.724,-0.589
-0.724,-0.612
-0.724,-0.573
-0.724,-0.589
-0.724,-0.592
-0.724,-0.603
-0.724,-0.637
-0.724,-0.694
-0.724,-0.698
-0.724,-0.71
-0.724,-0.684
-0.724,-0.653
-0.724,-0.552
-0.724,-0.559
-0.724,-0.632
-0.724,-0.61
-0.724,-0.634
-0.724,-0.594
-0.724,-0.693
-0.724,-0.635
-0.724,-0.744
-0.724,-0.739
-0.724,-0.674
-0.724,-0.625
-0.724,-0.661
-0.724,-0.587
-0.724,-0.635
-0.724,-0.66
-0.724,-0.661
-0.724,-0.671
-0.724,-0.68
-0.724,-0.651
-0.724,-0.631
-0.724,-0.666
-0.724,-0.691
-0.724,-0.719
-0.724,-0.772
-0.724,-0.741
-0.724,-0.707
-0.724,-0.619
-0.724,-0.677
-0.724,-0.675
-0.724,-0.654
-0.724,-0.689
-0.724,-0.642
-0.724,-0.732
-0.724,-0.747
-0.724,-0.783
-0.724,-0.724
-0.724,-0.752
-0.724,-0.769
-0.724,-0.771
-0.724,-0.757
-0.724,-0.726
-0.724,-0.691
-0.724,-0.691
-0.724,-0.717
-0.724,-0.703
-0.724,-0.698
-0.724,-0.743
-0.724,-0.771
-0.724,-0.718
-0.724,-0.824
-0.724,-0.8
-0.724,-0.81
-0.724,-0.787
-0.724,-0.769
-0.724,-0.754
-0.724,-0.738
-0.724,-0.704
0.791,-0.73
0.791,-0.684
0.791,-0.549
0.791,-0.561
0.791,-0.528
0.791,-0.5
0.791,-0.443
0.791,-0.462
0.791,-0.38
0.791,-0.312
0.791,-0.21
0.791,-0.212
0.791,-0.08
0.791,-0.037
0.791,0.101
0.791,0.144
0.791,0.216
0.791,0.24
0.791,0.214
0.791,0.246
0.791,0.188
0.791,0.191
0.791,0.279
0.791,0.338
0.791,0.385
0.791,0.487
0.791,0.621
0.791,0.655
0.791,0.698
0.791,0.661
0.791,0.674
0.791,0.726
0.791,0.648
0.791,0.606
0.791,0.507
0.791,0.485
0.791,0.375
0.791,0.278
0.791,0.237
0.791,0.213
0.791,0.375
0.791,0.509
0.791,0.703
0.791,0.72
0.791,0.816
0.791,0.922
0.791,1.066
0.791,1.06
0.791,0.851
0.791,0.681
0.791,0.587
0.791,0.629
0.791,0.836
0.791,0.932
0.791,1.137
0.791,1.057
0.791,0.977
0.791,0.946
0.791,0.848
0.791,0.8
0.791,0.699
0.791,0.723
0.791,0.868
0.791,0.958
0.791,1.06
0.791,1.015
0.791,0.894
0.791,0.815
0.791,0.802
0.791,0.765
0.791,0.852
0.791,0.895
0.791,0.887
0.791,0.837
0.791,0.764
0.791,0.705
0.791,0.754
0.791,0.801
0.791,0.913
0.791,0.946
0.791,0.95
0.791,0.972
0.791,1.063
0.791,1.092
0.791,0.885
0.791,0.898
0.791,0.988
0.791,0.962
0.791,0.882
0.791,0.829
0.791,0.845
0.791,0.91
0.791,1.023
0.791,1.027
0.791,1.045
0.791,1.038
0.791,0.881
0.791,0.861
0.791,0.888
0.791,0.933
0.791,0.882
0.791,0.893
0.791,0.922
0.791,0.9
0.791,1.045
0.791,1.127
0.791,1.075
0.791,1.043
0.791,0.976
0.791,0.966
0.791,0.878
0.791,0.854
0.791,0.877
0.791,0.875
0.791,0.93
0.791,0.952
0.791,0.955
0.791,0.936
0.791,0.915
0.791,0.921
0.791,0.927
0.791,0.906
0.791,0.852
0.791,0.883
0.791,0.863
0.791,0.9
0.791,0.897
0.791,0.908
0.791,0.887
0.791,0.896
0.791,0.856
0.791,0.858
0.791,0.887
0.791,0.862
0.791,0.904
0.791,0.859
0.791,0.884
0.791,0.869
0.791,0.836
0.791,0.852
0.791,0.852
0.791,0.806
0.791,0.845
0.791,0.848
0.791,0.857
0.791,0.853
0.791,0.895
0.791,0.864
0.791,0.843
0.791,0.859
0.791,0.841
0.791,0.844
0.791,0.825
0.791,0.845
0.791,0.883
0.791,0.866
0.791,0.858
0.791,0.842
0.791,0.842
0.791,0.825
0.791,0.819
0.791,0.806
0.791,0.789
0.791,0.752
0.791,0.768
0.791,0.783
0.791,0.813
-1.599,0.797
-1.599,0.539
-1.599,0.412
-1.599,0.356
-1.599,0.337
-1.599,0.182
-1.599,0.156
-1.599,-0.031
-1.599,-0.057
-1.599,-0.137
-1.599,-0.299
-1.599,-0.407
-1.599,-0.525
-1.599,-0.732
-1.599,-0.834
-1.599,-0.81
-1.599,-0.696
-1.599,-0.486
-1.599,-0.504
-1.599,-0.666
-1.599,-0.675
-1.599,-0.677
-1.599,-0.691
-1.599,-0.752
-1.599,-1.304
-1.599,-0.886
-1.599,-2.562
-1.599,1.375
-1.599,-1.357
-1.599,-0.532
-1.599,-0.865
-1.599,1.054
-1.599,-3.54
-1.599,-2.043
-1.599,-2.127
-1.599,-2.207
-1.599,-2.246
-1.599,-2.258
-1.599,-2.237
-1.599,-2.593
-1.599,-2.65
-1.599,-2.662
-1.599,-2.727
-1.599,-2.84
-1.599,-2.887
-1.599,-2.514
-1.599,-2.368
-1.599,-1.975
-1.599,-1.765
-1.599,-1.569
-1.599,-1.648
-1.599,-1.627
-1.599,-1.541
-1.599,-1.154
-1.599,-1.012
-1.599,-0.806
-1.599,-0.823
-1.599,-0.976
-1.599,-0.867
-1.599,-0.612
-1.599,-2.178
-1.599,-1.056
-1.599,-1.208
-1.599,-1.364
-1.599,-1.419
-1.599,-1.414
-1.599,-2.78
-1.599,0.078
-1.599,-0.817
-1.599,-0.7
-1.599,-1.034
-1.599,-1.47
-1.599,-1.513
-1.599,-1.892
-1.599,-2.083
-1.599,-1.984
-1.599,-1.95
-1.599,-1.969
-1.599,-1.9
-1.599,-1.623
-1.599,-5.05
-1.599,-1.285
-1.599,-1.478
-1.599,-1.913
-1.599,-1.943
-1.599,-1.81
-1.599,-1.798
-1.599,-1.677
-1.599,-1.698
-1.599,-1.531
-1.599,-1.477
-1.599,-1.651
-1.599,-1.666
-1.599,-1.558
-1.599,-1.357
-1.599,-1.282
-1.599,-1.293
-1.599,-1.117
-1.599,-1.153
-1.599,-1.514
-1.599,-1.645
-1.599,-1.574
-1.599,-1.684
-1.599,-1.628
-1.599,-1.589
-1.599,-1.825
-1.599,-1.946
-1.599,-1.775
-1.599,-1.641
-1.599,-1.635
-1.599,-1.618
-1.599,-1.555
-1.599,-1.594
-1.599,-1.584
-1.599,-1.525
-1.599,-1.433
-1.599,-1.417
-1.599,-1.299
-1.599,-1.332
-1.599,-1.49
-1.599,-1.542
-1.599,-1.527
-1.599,-1.59
-1.599,-1.814
-1.599,-1.851
-1.599,-1.806
-1.599,-1.677
-1.599,-1.678
-1.599,-1.632
-1.599,-1.729
-1.599,-1.683
-1.599,-1.715
-1.599,-1.761
-1.599,-1.83
-1.599,-1.836
-1.599,-1.724
-1.599,-1.726
-1.599,-1.755
-1.599,-1.695
-1.599,-1.621
-1.599,-1.493
-1.599,-1.527
-1.599,-1.538
-1.599,-1.509
-1.599,-1.599
-1.599,-1.684
-1.599,-1.765
-1.599,-1.874
-1.599,-1.865
-1.599,-1.743
-1.599,-1.757
-1.599,-1.674
-1.599,-1.628
-1.599,-1.68
-1.599,-1.731
-1.599,-1.667
-1.599,-1.707
-1.599,-1.534
-1.599,-1.61
-1.599,-1.76
-1.599,-1.802
-1.599,-1.735
-1.599,-1.772
-1.599,-1.865
-1.599,-1.944
-1.599,-1.828
-1.599,-1.731
0.973,-1.68
0.973,-1.61
0.973,-1.207
0.973,-1.119
0.973,-1.035
0.973,-0.997
0.973,-0.899
0.973,-0.845
0.973,-0.662
0.973,-0.63
0.973,-0.364
0.973,-0.203
0.973,0.167
0.973,0.314
0.973,0.605
0.973,0.684
0.973,0.581
0.973,0.454
0.973,0.216
0.973,0.23
0.973,0.11
0.973,0.186
0.973,0.233
0.973,0.306
0.973,0.414
0.973,0.587
0.973,0.741
0.973,0.679
0.973,0.773
0.973,0.697
0.973,0.506
0.973,0.673
0.973,0.73
0.973,0.686
0.973,0.778
0.973,0.8
0.973,0.88
0.973,1.008
0.973,1.355
0.973,1.444
0.973,1.624
0.973,1.51
0.973,1.391
0.973,1.239
0.973,0.706
0.973,0.473
0.973,0.451
0.973,0.454
0.973,0.548
0.973,0.642
0.973,0.841
0.973,0.824
0.973,0.904
0.973,1.026
0.973,1.056
0.973,0.944
0.973,1.051
0.973,1.109
0.973,1.128
0.973,1.058
0.973,0.97
0.973,0.919
0.973,1.07
0.973,1.05
0.973,1.129
0.973,1.149
0.973,0.851
0.973,0.617
0.973,0.414
0.973,0.484
0.973,0.347
0.973,0.396
0.973,0.626
0.973,0.87
0.973,1.208
0.973,1.301
0.973,1.238
0.973,1.23
0.973,1.283
0.973,1.173
0.973,1.151
0.973,1.274
0.973,1.179
0.973,1.217
0.973,1.104
0.973,0.953
0.973,0.739
0.973,0.657
0.973,0.624
0.973,0.735
0.973,1.031
0.973,1.14
0.973,1.19
0.973,1.246
0.973,1.167
0.973,1.102
0.973,1.157
0.973,1.278
0.973,1.241
0.973,1.223
0.973,1.126
0.973,0.982
0.973,0.928
0.973,0.853
0.973,0.865
0.973,0.946
0.973,1.087
0.973,1.109
0.973,1.062
0.973,1.115
0.973,1.149
0.973,1.085
0.973,1.072
0.973,1.162
0.973,1.374
0.973,1.418
0.973,1.284
0.973,1.29
0.973,1.211
0.973,1.105
0.973,1.037
0.973,1.014
0.973,0.956
0.973,1
0.973,0.989
0.973,0.98
0.973,1.014
0.973,1.027
0.973,1.039
0.973,1.044
0.973,1.089
0.973,1.066
0.973,1.163
0.973,1.148
0.973,1.091
0.973,1.061
0.973,1.044
0.973,1.095
0.973,1.128
0.973,1.123
0.973,1.123
0.973,1.061
0.973,1.035
0.973,1.104
0.973,1.131
0.973,1.069
0.973,1.086
0.973,1.16
0.973,1.33
0.973,1.415
0.973,1.366
0.973,1.185
0.973,1.09
0.973,1.052
0.973,0.957
0.973,0.996
0.973,1.032
0.973,1.045
