-8.808,0
-8.808,-0.462
-8.808,-0.35
-8.808,-0.486
-8.808,-0.43
-8.808,-0.79
-8.808,-1.331
-8.808,-1.467
-8.808,-1.728
-8.808,-2.065
-8.808,-2.438
-8.808,-2.756
-8.808,-3.443
-8.808,-3.601
-8.808,-4.041
-8.808,-4.526
-8.808,-4.652
-8.808,-5.666
-8.808,-5.507
-8.808,-5.825
-8.808,-6.796
-8.808,-6.988
-8.808,-7.712
-8.808,-7.632
-8.808,-7.381
-8.808,-8.441
-8.808,-8.623
-8.808,-9.155
-8.808,-9.113
-8.808,-9.687
-8.808,-9.631
-8.808,-9.968
-8.808,-11.042
-8.808,-10.738
-8.808,-11.42
-8.808,-12.321
-8.808,-12.377
-8.808,-12.209
-8.808,-12.252
-8.808,-11.303
-8.808,-11.309
-8.808,-11.272
-8.808,-11.388
-8.808,-11.669
-8.808,-11.048
-8.808,-11.108
-8.808,-10.725
-8.808,-10.79
-8.808,-10.543
-8.808,-11.435
-8.808,-10.622
-8.808,-11.005
-8.808,-11.131
-8.808,-10.87
-8.808,-11.468
-8.808,-10.781
-8.808,-11.706
-8.808,-10.655
-8.808,-10.949
-8.808,-11.098
-8.808,-10.51
-8.808,-10.758
-8.808,-10.523
-8.808,-11.141
-8.808,-10.552
-8.808,-10.374
-8.808,-11.085
-8.808,-10.781
-8.808,-10.678
-8.808,-10.893
-8.808,-10.398
-8.808,-10.533
-8.808,-10.972
-8.808,-10.057
-8.808,-10.398
-8.808,-10.295
-8.808,-10.659
-8.808,-10.206
-8.808,-10.136
-8.808,-10.094
-8.808,-9.73
-8.808,-9.945
-8.808,-9.945
-8.808,-9.842
-8.808,-9.515
-8.808,-9.833
-8.808,-9.809
-8.808,-9.846
-8.808,-9.178
-8.808,-9.291
-8.808,-9.347
-8.808,-9.109
-8.808,-9.202
-8.808,-8.973
-8.808,-8.973
-8.808,-8.828
-8.808,-8.749
-8.808,-8.567
-8.808,-8.59
-8.808,-8.524
-8.808,-8.422
-8.808,-8.511
-8.808,-8.455
-8.808,-8.422
-8.808,-8.389
-8.808,-8.478
-8.808,-8.342
-8.808,-8.613
-8.808,-8.161
-8.808,-7.946
-8.808,-7.834
-8.808,-8.104
-8.808,-8.048
-8.808,-8.366
-8.808,-8.095
-8.808,-7.628
-8.808,-7.81
-8.808,-7.834
-8.808,-7.834
-8.808,-7.936
-8.808,-8.048
-8.808,-7.325
-8.808,-7.721
-8.808,-7.721
-8.808,-7.688
-8.808,-7.857
-8.808,-7.777
-8.808,-7.371
-8.808,-7.427
-8.808,-7.506
-8.808,-7.619
-8.808,-7.586
-8.808,-7.427
-8.808,-7.325
-8.808,-7.609
-8.808,-7.483
-8.808,-7.834
-8.808,-7.708
-8.808,-7.721
-8.808,-7.619
-8.808,-7.53
-8.808,-7.539
-8.808,-7.824
-8.808,-7.665
-8.808,-7.642
-8.808,-7.787
-8.808,-7.834
-8.808,-8.104
-8.808,-8.128
-8.808,-8.184
-8.808,-8.128
-8.808,-8.207
-8.808,-8.161
-8.808,-8.217
-8.808,-8.534
-8.808,-8.375
-8.808,-8.273
-8.808,-8.399
-8.808,-8.399
-8.808,-8.352
-8.808,-8.488
-8.808,-8.67
-8.808,-8.646
-8.808,-8.567
-8.808,-8.702
-8.808,-9.02
3.639,-8.94
3.639,-8.861
3.639,-8.151
3.639,-7.745
3.639,-8.319
3.639,-8.025
3.639,-7.506
3.639,-6.932
3.639,-6.311
3.639,-5.974
3.639,-5.647
3.639,-5.488
3.639,-5.167
3.639,-4.331
3.639,-3.326
3.639,-3.466
3.639,-3.307
3.639,-2.825
3.639,-1.653
3.639,-1.653
3.639,-0.532
3.639,-0.523
3.639,0.099
3.639,0.584
3.639,1.024
3.639,0.958
3.639,1.434
3.639,1.715
3.639,2.663
3.639,2.821
3.639,3.737
3.639,3.714
3.639,4.414
3.639,5.124
3.639,5.867
3.639,6.769
3.639,6.909
3.639,6.707
3.639,6.909
3.639,6.945
3.639,7.193
3.639,7.123
3.639,7.53
3.639,7.754
3.639,7.414
3.639,7.619
3.639,7.721
3.639,7.652
3.639,7.768
3.639,7.959
3.639,7.731
3.639,7.969
3.639,7.913
3.639,7.53
3.639,7.675
3.639,7.801
3.639,7.857
3.639,7.754
3.639,7.619
3.639,7.245
3.639,7.203
3.639,7.768
3.639,7.576
3.639,7.216
3.639,7.034
3.639,6.241
3.639,6.67
3.639,6.628
3.639,6.413
3.639,5.984
3.639,5.633
3.639,6.063
3.639,5.974
3.639,5.61
3.639,5.124
3.639,5.554
3.639,5.022
3.639,5.834
3.639,5.035
3.639,4.774
3.639,4.685
3.639,4.302
3.639,4.166
3.639,4.391
3.639,3.952
3.639,3.928
3.639,3.714
3.639,3.625
3.639,3.172
3.639,3.172
3.639,3.499
3.639,3.228
3.639,3.139
3.639,2.831
3.639,2.756
3.639,2.639
3.639,2.28
3.639,2.709
3.639,2.289
3.639,2.349
3.639,1.976
3.639,2.303
3.639,2.303
3.639,1.705
3.639,2.135
3.639,2.144
3.639,1.658
3.639,2.111
3.639,1.784
3.639,1.649
3.639,1.943
3.639,1.682
3.639,1.434
3.639,1.658
3.639,1.546
3.639,1.896
3.639,1.5
3.639,1.807
3.639,1.569
3.639,1.649
3.639,1.953
3.639,1.513
3.639,1.784
3.639,1.411
3.639,1.864
3.639,1.602
3.639,1.523
3.639,2.088
3.639,2.032
3.639,1.896
3.639,2.135
3.639,2.167
3.639,1.985
3.639,2.326
3.639,2.462
3.639,2.312
3.639,2.789
3.639,2.167
3.639,2.663
3.639,2.653
3.639,2.957
3.639,2.756
3.639,3.092
3.639,2.789
3.639,3.499
3.639,3.013
3.639,3.41
3.639,3.307
3.639,3.195
3.639,3.625
3.639,3.793
3.639,4.008
3.639,3.849
3.639,3.611
3.639,3.657
3.639,4.223
3.639,4.087
3.639,4.312
3.639,4.199
3.639,4.143
3.639,4.302
3.639,4.391
3.639,4.55
3.639,4.302
3.639,4.517
3.639,4.526
3.639,4.255
-9.151,4.629
-9.151,4.143
-9.151,3.793
-9.151,3.77
-9.151,3.601
-9.151,3.274
-9.151,2.901
-9.151,2.227
-9.151,1.289
-9.151,0.658
-9.151,0.153
-9.151,-0.693
-9.151,-0.996
-9.151,-1.066
-9.151,-1.472
-9.151,-1.991
-9.151,-2.547
-9.151,-3.112
-9.151,-2.663
-9.151,-3.568
-9.151,-3.872
-9.151,-4.82
-9.151,-5.237
-9.151,-7.143
-9.151,-7.572
-9.151,-8.338
-9.151,-8.124
-9.151,-9.409
-9.151,-10.03
-9.151,-9.941
-9.151,-10.156
-9.151,-10.543
-9.151,-10.738
-9.151,-10.342
-9.151,-10.837
-9.151,-11.365
-9.151,-11.785
-9.151,-12.36
-9.151,-12.466
-9.151,-13.289
-9.151,-13.266
-9.151,-13.215
-9.151,-13.691
-9.151,-13.233
-9.151,-13.186
-9.151,-12.7
-9.151,-13.06
-9.151,-13.051
-9.151,-13.14
-9.151,-13.116
-9.151,-13.06
-9.151,-12.836
-9.151,-13.242
-9.151,-13.401
-9.151,-12.691
-9.151,-12.813
-9.151,-12.925
-9.151,-12.78
-9.151,-12.588
-9.151,-12.509
-9.151,-12.733
-9.151,-12.78
-9.151,-12.495
-9.151,-12.462
-9.151,-12.397
-9.151,-12.453
-9.151,-12.037
-9.151,-12.103
-9.151,-11.957
-9.151,-11.944
-9.151,-12.023
-9.151,-11.64
-9.151,-11.472
-9.151,-11.925
-9.151,-11.313
-9.151,-11.234
-9.151,-10.51
-9.151,-10.678
-9.151,-10.173
-9.151,-10.094
-9.151,-10.253
-9.151,-9.916
-9.151,-9.631
-9.151,-9.883
-9.151,-9.08
-9.151,-9.622
-9.151,-9.426
-9.151,-9.347
-9.151,-9.538
-9.151,-9.337
-9.151,-9.122
-9.151,-9.053
-9.151,-9.076
-9.151,-8.67
-9.151,-8.917
-9.151,-8.875
-9.151,-8.342
-9.151,-8.66
-9.151,-8.693
-9.151,-8.319
-9.151,-8.263
-9.151,-8.319
-9.151,-8.478
-9.151,-8.319
-9.151,-8.161
-9.151,-8.375
-9.151,-8.431
-9.151,-7.922
-9.151,-8.072
-9.151,-8.128
-9.151,-7.698
-9.151,-7.969
-9.151,-8.039
-9.151,-7.642
-9.151,-7.46
-9.151,-7.665
-9.151,-7.586
-9.151,-7.754
-9.151,-7.754
-9.151,-7.553
-9.151,-7.506
-9.151,-7.203
-9.151,-7.586
-9.151,-7.268
-9.151,-7.417
-9.151,-7.348
-9.151,-7.474
-9.151,-7.586
-9.151,-7.563
-9.151,-7.315
-9.151,-7.857
-9.151,-7.801
-9.151,-7.427
-9.151,-7.777
-9.151,-7.483
-9.151,-7.688
-9.151,-7.88
-9.151,-7.834
-9.151,-7.857
-9.151,-8.207
-9.151,-8.048
-9.151,-8.286
-9.151,-8.342
-9.151,-8.24
-9.151,-8.25
-9.151,-8.217
-9.151,-8.184
-9.151,-8.263
-9.151,-8.375
-9.151,-8.366
-9.151,-8.399
-9.151,-8.613
-9.151,-8.838
-9.151,-8.735
-9.151,-9.053
-9.151,-8.851
-9.151,-8.613
-9.151,-8.805
-9.151,-8.964
-9.151,-9.02
-9.151,-9.02
-9.151,-8.917
-9.151,-9.076
-9.151,-9.099
-9.151,-9.132
-9.151,-9.235
-9.151,-9.244
-8.571,-9.235
-8.571,-9.211
-8.571,-9.02
-8.571,-9.244
-8.571,-9.347
-8.571,-9.426
-8.571,-9.449
-8.571,-9.291
-8.571,-9.403
-8.571,-9.641
-8.571,-9.37
-8.571,-9.426
-8.571,-9.413
-8.571,-9.492
-8.571,-9.978
-8.571,-9.436
-8.571,-9.66
-8.571,-9.66
-8.571,-9.674
-8.571,-10.15
-8.571,-9.099
-8.571,-9.155
-8.571,-9.506
-8.571,-9.314
-8.571,-9.188
-8.571,-9.267
-8.571,-9.132
-8.571,-9.155
-8.571,-9.314
-8.571,-9.449
-8.571,-9.211
-8.571,-8.94
-8.571,-8.726
-8.571,-8.997
-8.571,-9.109
-8.571,-8.973
-8.571,-8.973
-8.571,-8.805
-8.571,-8.557
-8.571,-8.67
-8.571,-8.702
-8.571,-8.726
-8.571,-8.693
-8.571,-8.861
-8.571,-8.828
-8.571,-8.59
-8.571,-8.511
-8.571,-8.749
-8.571,-8.59
-8.571,-8.263
-8.571,-8.445
-8.571,-8.772
-8.571,-8.534
-8.571,-8.319
-8.571,-8.399
-8.571,-8.534
-8.571,-8.375
-8.571,-8.319
-8.571,-8.286
-8.571,-8.478
-8.571,-8.422
-8.571,-8.174
-8.571,-8.207
-8.571,-8.478
-8.571,-8.501
-8.571,-8.263
-8.571,-8.319
-8.571,-8.375
-8.571,-8.296
-8.571,-8.24
-8.571,-8.286
-8.571,-8.23
-8.571,-8.342
-8.571,-8.399
-8.571,-8.399
-8.571,-8.151
-8.571,-7.969
-8.571,-8.399
-8.571,-8.342
-8.571,-8.104
-8.571,-8.511
-8.571,-8.534
-8.571,-8.296
-8.571,-7.843
-8.571,-8.342
-8.571,-8.286
-8.571,-8.072
-8.571,-8.207
-8.571,-8.342
-8.571,-8.072
-8.571,-8.217
-8.571,-8.375
-8.571,-8.534
-8.571,-8.081
-8.571,-8.375
-8.571,-8.613
-8.571,-8.296
-8.571,-8.511
-8.571,-8.59
-8.571,-8.478
-8.571,-8.455
-8.571,-8.511
-8.571,-8.557
-8.571,-8.399
-8.571,-8.567
-8.571,-8.534
-8.571,-8.567
-8.571,-8.455
-8.571,-8.511
-8.571,-8.534
-8.571,-8.296
-8.571,-8.24
-8.571,-8.67
-8.571,-8.399
-8.571,-8.431
-8.571,-8.567
-8.571,-8.646
-8.571,-8.478
-8.571,-8.524
-8.571,-8.581
-8.571,-8.342
-8.571,-8.478
-8.571,-8.557
-8.571,-8.478
-8.571,-8.59
-8.571,-8.488
-8.571,-8.408
-8.571,-8.488
-8.571,-8.567
-8.571,-8.623
-8.571,-8.511
-8.571,-8.637
-8.571,-8.581
-8.571,-8.613
-8.571,-8.805
-8.571,-8.67
-8.571,-8.726
-8.571,-8.679
-8.571,-8.623
-8.571,-8.67
-8.571,-8.749
-8.571,-8.623
-8.571,-8.534
-8.571,-8.366
-8.571,-8.557
-8.571,-8.772
-8.571,-8.749
-8.571,-8.67
-8.571,-8.31
-8.571,-8.693
-8.571,-8.838
-8.571,-8.59
-8.571,-8.66
-8.571,-8.782
-8.571,-8.782
-8.571,-8.693
-8.571,-8.478
-8.571,-8.838
-8.571,-8.716
-8.571,-8.524
-8.571,-8.567
-8.571,-8.782
-8.571,-8.749
-8.571,-8.613
-8.571,-8.637
-8.571,-8.693
-8.571,-8.646
0.433,-8.613
0.433,-7.735
0.433,-7.721
0.433,-7.642
0.433,-7.983
0.433,-7.474
0.433,-6.614
0.433,-6.796
0.433,-6.456
0.433,-6.245
0.433,-6.222
0.433,-5.666
0.433,-6.208
0.433,-5.488
0.433,-5.353
0.433,-4.391
0.433,-4.064
0.433,-3.872
0.433,-3.34
0.433,-2.177
0.433,-2.597
0.433,-1.695
0.433,-1.569
0.433,-1.537
0.433,-1.411
0.433,-1.028
0.433,-0.892
0.433,-0.486
0.433,-0.056
0.433,0.135
0.433,0.654
0.433,0.869
0.433,1.252
0.433,1.378
0.433,1.682
0.433,1.985
0.433,2.055
0.433,2.845
0.433,2.415
0.433,2.607
0.433,2.98
0.433,3.013
0.433,3.036
0.433,3.443
0.433,3.466
0.433,3.714
0.433,3.354
0.433,3.793
0.433,3.092
0.433,3.545
0.433,3.429
0.433,3.396
0.433,3.657
0.433,3.578
0.433,3.737
0.433,3.578
0.433,3.218
0.433,3.568
0.433,3.443
0.433,3.241
0.433,3.125
0.433,3.083
0.433,3.274
0.433,2.742
0.433,3.241
0.433,2.663
0.433,3.139
0.433,2.63
0.433,2.868
0.433,2.676
0.433,2.574
0.433,2.359
0.433,2.438
0.433,2.247
0.433,2.214
0.433,2.359
0.433,1.953
0.433,1.896
0.433,2.326
0.433,1.953
0.433,1.682
0.433,1.953
0.433,1.299
0.433,1.635
0.433,1.322
0.433,1.467
0.433,1.084
0.433,1.219
0.433,1.004
0.433,1.107
0.433,1.028
0.433,0.677
0.433,0.542
0.433,0.462
0.433,0.462
0.433,0.383
0.433,0.248
0.433,0.056
0.433,0.135
0.433,0
0.433,0
0.433,0
0.433,-0.192
0.433,-0.192
0.433,-0.271
0.433,-0.215
0.433,-0.248
0.433,-0.192
0.433,-0.271
0.433,-0.35
0.433,-0.271
0.433,-0.35
0.433,-0.327
0.433,-0.406
0.433,-0.406
0.433,-0.486
0.433,-0.271
0.433,-0.35
0.433,-0.35
0.433,-0.271
0.433,-0.159
0.433,-0.271
0.433,-0.192
0.433,-0.135
0.433,-0.271
0.433,-0.135
0.433,-0.192
0.433,-0.215
0.433,0
0.433,-0.056
0.433,0
0.433,0
0.433,0
0.433,0
0.433,0
0.433,0.056
0.433,0.135
0.433,0.056
0.433,0.215
0.433,0.056
0.433,0.135
0.433,0.079
0.433,0.192
0.433,0.271
0.433,0.079
0.433,0.135
0.433,0.135
0.433,0.056
0.433,0.135
0.433,0.112
0.433,0.079
0.433,0.056
0.433,0.135
0.433,0
0.433,0.135
0.433,0
0.433,0.135
0.433,0.135
0.433,0
0.433,0.079
0.433,0.135
0.433,0.159
0.433,0
0.433,0.079
0.433,0.056
0.433,0.056
0.433,0.159
-8.065,0.079
-8.065,0.056
-8.065,-0.271
-8.065,-0.056
-8.065,-0.43
-8.065,-0.486
-8.065,-1.028
-8.065,-1.173
-8.065,-1.887
-8.065,-1.771
-8.065,-2.121
-8.065,-1.906
-8.065,-2.845
-8.065,-2.845
-8.065,-3.634
-8.065,-3.644
-8.065,-4.784
-8.065,-5.213
-8.065,-5.666
-8.065,-5.732
-8.065,-6.254
-8.065,-6.549
-8.065,-6.773
-8.065,-7.305
-8.065,-7.609
-8.065,-7.665
-8.065,-8.451
-8.065,-8.758
-8.065,-10.15
-8.065,-10.434
-8.065,-9.403
-8.065,-9.73
-8.065,-10.179
-8.065,-10.053
-8.065,-10.645
-8.065,-10.585
-8.065,-10.113
-8.065,-10.342
-8.065,-10.08
-8.065,-10.725
-8.065,-10.51
-8.065,-10.519
-8.065,-11.028
-8.065,-10.351
-8.065,-10.295
-8.065,-10.814
-8.065,-10.543
-8.065,-10.351
-8.065,-10.748
-8.065,-10.384
-8.065,-10.127
-8.065,-10.781
-8.065,-10.295
-8.065,-10.645
-8.065,-10.342
-8.065,-10.328
-8.065,-10.87
-8.065,-9.833
-8.065,-10.057
-8.065,-10.08
-8.065,-9.879
-8.065,-10.183
-8.065,-9.856
-8.065,-9.641
-8.065,-9.945
-8.065,-9.604
-8.065,-9.674
-8.065,-10.183
-8.065,-9.595
-8.065,-9.865
-8.065,-9.641
-8.065,-9.641
-8.065,-9.506
-8.065,-9.267
-8.065,-9.403
-8.065,-9.786
-8.065,-9.258
-8.065,-9.066
-8.065,-9.188
-8.065,-9.393
-8.065,-9.033
-8.065,-9.122
-8.065,-8.94
-8.065,-8.908
-8.065,-8.726
-8.065,-8.646
-8.065,-8.861
-8.065,-8.501
-8.065,-8.581
-8.065,-8.501
-8.065,-8.141
-8.065,-8.23
-8.065,-8.445
-8.065,-8.207
-8.065,-7.834
-8.065,-8.184
-8.065,-7.768
-8.065,-7.721
-8.065,-7.675
-8.065,-7.506
-8.065,-7.926
-8.065,-7.712
-8.065,-7.506
-8.065,-7.539
-8.065,-7.609
-8.065,-7.292
-8.065,-7.474
-8.065,-7.768
-8.065,-7.236
-8.065,-7.203
-8.065,-7.348
-8.065,-7.021
-8.065,-7.417
-8.065,-7.179
-8.065,-6.965
-8.065,-7.044
-8.065,-7.179
-8.065,-7.586
-8.065,-6.941
-8.065,-7.133
-8.065,-7.123
-8.065,-6.816
-8.065,-6.829
-8.065,-7.011
-8.065,-6.241
-8.065,-6.525
-8.065,-6.852
-8.065,-6.736
-8.065,-6.469
-8.065,-6.955
-8.065,-6.67
-8.065,-6.558
-8.065,-6.581
-8.065,-6.4
-8.065,-6.796
-8.065,-6.647
-8.065,-6.727
-8.065,-6.694
-8.065,-6.479
-8.065,-6.74
-8.065,-6.525
-8.065,-7.011
-8.065,-6.862
-8.065,-6.75
-8.065,-7.054
-8.065,-6.591
-8.065,-6.759
-8.065,-6.932
-8.065,-7.011
-8.065,-7.011
-8.065,-7.156
-8.065,-7.315
-8.065,-6.965
-8.065,-7.044
-8.065,-7.483
-8.065,-7.09
-8.065,-7.325
-8.065,-7.53
-8.065,-7.539
-8.065,-7.834
-8.065,-7.609
-8.065,-7.46
-8.065,-7.619
-8.065,-7.936
-8.065,-8.015
-8.065,-7.969
-8.065,-8.025
6.363,-8.048
6.363,-7.034
6.363,-6.796
6.363,-6.932
6.363,-6.549
6.363,-6.222
6.363,-6.198
6.363,-6.016
6.363,-5.18
6.363,-4.312
6.363,-4.358
6.363,-3.512
6.363,-2.756
6.363,-2.204
6.363,-1.438
6.363,-0.616
6.363,0.24
6.363,1.571
6.363,1.987
6.363,2.701
6.363,3.373
6.363,3.644
6.363,4.008
6.363,4.246
6.363,3.905
6.363,4.205
6.363,4.77
6.363,5.26
6.363,5.002
6.363,6.254
6.363,6.796
6.363,7.768
6.363,8.468
6.363,7.437
6.363,7.586
6.363,8.613
6.363,9.413
6.363,9.221
6.363,8.884
6.363,9.674
6.363,9.585
6.363,10.136
6.363,10.547
6.363,10.92
6.363,10.762
6.363,9.865
6.363,10.655
6.363,10.725
6.363,10.566
6.363,10.421
6.363,10.295
6.363,10.44
6.363,10.781
6.363,10.903
6.363,10.669
6.363,10.309
6.363,10.543
6.363,10.272
6.363,10.444
6.363,9.842
6.363,10.15
6.363,10.5
6.363,9.786
6.363,10.001
6.363,10.136
6.363,9.436
6.363,9.8
6.363,9.449
6.363,9.426
6.363,9.473
6.363,9.291
6.363,8.987
6.363,9.01
6.363,8.59
6.363,8.693
6.363,8.085
6.363,8.141
6.363,8.141
6.363,7.87
6.363,7.857
6.363,7.745
6.363,7.824
6.363,7.768
6.363,7.338
6.363,7.361
6.363,7.09
6.363,7.09
6.363,7.114
6.363,6.899
6.363,6.189
6.363,6.773
6.363,6.152
6.363,6.119
6.363,6.189
6.363,5.554
6.363,5.96
6.363,5.666
6.363,5.633
6.363,5.428
6.363,5.409
6.363,5.484
6.363,5.409
6.363,5.362
6.363,5.316
6.363,5.059
6.363,5.059
6.363,4.741
6.363,4.606
6.363,4.774
6.363,4.503
6.363,4.708
6.363,4.302
6.363,4.368
6.363,4.493
6.363,4.19
6.363,4.269
6.363,4.335
6.363,4.232
6.363,4.437
6.363,4.325
6.363,4.153
6.363,4.255
6.363,4.404
6.363,4.461
6.363,4.606
6.363,4.424
6.363,4.437
6.363,4.223
6.363,4.424
6.363,4.695
6.363,4.381
6.363,4.732
6.363,4.751
6.363,4.639
6.363,4.764
6.363,4.639
6.363,4.82
6.363,5.138
6.363,4.966
6.363,5.012
6.363,4.998
6.363,5.475
6.363,5.283
6.363,5.372
6.363,5.871
6.363,5.643
6.363,6.03
6.363,5.937
6.363,6.063
6.363,6.049
6.363,5.984
6.363,6.432
6.363,6.04
6.363,6.119
6.363,6.465
6.363,6.152
6.363,6.208
6.363,6.787
6.363,6.152
6.363,6.432
6.363,6.82
6.363,6.535
6.363,6.727
6.363,6.423
6.363,6.909
6.363,7.1
6.363,6.727
6.351,6.694
6.351,6.684
6.351,6.694
6.351,6.67
6.351,6.885
6.351,6.974
6.351,6.951
6.351,7.292
6.351,6.796
6.351,6.852
6.351,7.147
6.351,6.997
6.351,6.773
6.351,7.054
6.351,7.077
6.351,7.123
6.351,7.189
6.351,6.965
6.351,7.226
6.351,7.236
6.351,7.044
6.351,7.021
6.351,7.011
6.351,6.694
6.351,6.694
6.351,7.077
6.351,6.717
6.351,7.077
6.351,7.077
6.351,6.75
6.351,6.806
6.351,7.001
6.351,6.806
6.351,6.581
6.351,6.843
6.351,6.997
6.351,6.727
6.351,7.044
6.351,6.783
6.351,6.876
6.351,6.684
6.351,6.932
6.351,6.558
6.351,6.876
6.351,7.044
6.351,6.661
6.351,6.469
6.351,7.077
6.351,6.502
6.351,6.661
6.351,6.661
6.351,6.899
6.351,6.909
6.351,6.75
6.351,6.525
6.351,6.638
6.351,6.614
6.351,6.763
6.351,6.516
6.351,6.4
6.351,6.409
6.351,6.876
6.351,6.581
6.351,6.264
6.351,6.446
6.351,6.661
6.351,6.661
6.351,6.231
6.351,6.142
6.351,6.436
6.351,6.796
6.351,6.016
6.351,6.129
6.351,6.254
6.351,6.357
6.351,6.432
6.351,6.198
6.351,6.208
6.351,6.073
6.351,6.684
6.351,6.525
6.351,5.96
6.351,6.073
6.351,6.876
6.351,6.581
6.351,6.152
6.351,6.638
6.351,5.881
6.351,6.208
6.351,6.343
6.351,6.096
6.351,6.446
6.351,6.38
6.351,5.858
6.351,5.769
6.351,5.97
6.351,5.937
6.351,6.208
6.351,6.218
6.351,6.007
6.351,5.722
6.351,6.287
6.351,6.086
6.351,6.105
6.351,5.984
6.351,5.993
6.351,6.343
6.351,5.825
6.351,5.993
6.351,5.475
6.351,6.016
6.351,5.713
6.351,5.904
6.351,5.577
6.351,5.904
6.351,5.68
6.351,6.049
6.351,5.858
6.351,6.161
6.351,5.722
6.351,6.254
6.351,5.745
6.351,6.086
6.351,5.587
6.351,6.142
6.351,5.643
6.351,5.895
6.351,5.732
6.351,6.007
6.351,5.676
6.351,6.357
6.351,5.745
6.351,6.007
6.351,5.666
6.351,6.301
6.351,5.802
6.351,6.423
6.351,5.802
6.351,5.802
6.351,6.367
6.351,5.927
6.351,6.4
6.351,5.914
6.351,6.254
6.351,6.096
6.351,6.287
6.351,6.535
6.351,5.825
6.351,6.096
6.351,6.605
6.351,6.558
6.351,6.367
6.351,6.549
6.351,6.75
6.351,6.717
6.351,6.684
6.351,6.446
6.351,6.614
6.351,6.535
6.351,6.446
6.351,6.763
6.351,6.568
6.351,6.68
6.351,6.899
6.351,6.581
6.351,6.581
6.351,6.866
4.449,6.932
4.449,6.67
4.449,6.469
4.449,6.638
4.449,6.647
4.449,6.502
4.449,6.446
4.449,6.446
4.449,6.661
4.449,6.264
4.449,6.39
4.449,5.993
4.449,6.367
4.449,6.175
4.449,6.073
4.449,6.175
4.449,5.769
4.449,6.278
4.449,5.713
4.449,5.927
4.449,5.554
4.449,5.353
4.449,5.25
4.449,5.362
4.449,5.283
4.449,4.989
4.449,4.966
4.449,4.956
4.449,4.741
4.449,4.797
4.449,4.741
4.449,4.573
4.449,4.302
4.449,4.358
4.449,4.573
4.449,4.47
4.449,4.017
4.449,4.232
4.449,4.279
4.449,4.279
4.449,3.961
4.449,3.803
4.449,4.12
4.449,4.143
4.449,3.872
4.449,3.952
4.449,3.34
4.449,3.746
4.449,3.839
4.449,3.76
4.449,3.793
4.449,3.76
4.449,3.476
4.449,3.387
4.449,3.33
4.449,3.387
4.449,3.578
4.449,3.33
4.449,3.522
4.449,3.387
4.449,3.33
4.449,3.387
4.449,3.419
4.449,3.195
4.449,3.069
4.449,3.387
4.449,3.003
4.449,3.34
4.449,3.241
4.449,3.228
4.449,3.522
4.449,3.003
4.449,3.578
4.449,3.499
4.449,3.33
4.449,3.522
4.449,3.443
4.449,3.33
4.449,3.148
4.449,3.634
4.449,3.307
4.449,3.228
4.449,3.634
4.449,3.634
4.449,3.849
4.449,3.839
4.449,3.578
4.449,3.793
4.449,3.746
4.449,3.961
4.449,4.064
4.449,4.087
4.449,4.12
4.449,3.961
4.449,4.279
4.449,4.199
4.449,4.312
4.449,4.447
4.449,4.232
4.449,4.335
4.449,4.582
4.449,4.559
4.449,4.47
4.449,4.526
4.449,4.877
4.449,4.662
4.449,4.48
4.449,4.751
4.449,4.708
4.449,4.844
4.449,4.774
4.449,4.877
4.449,4.774
4.449,4.447
4.449,5.115
4.449,5.18
4.449,4.526
4.449,4.718
4.449,4.55
4.449,4.55
4.449,5.204
4.449,5.091
4.449,4.662
4.449,4.797
4.449,4.764
4.449,4.606
4.449,4.989
4.449,4.933
4.449,4.606
4.449,4.662
4.449,4.526
4.449,4.629
4.449,4.989
4.449,4.886
4.449,4.685
4.449,4.685
4.449,4.55
4.449,4.582
4.449,4.606
4.449,4.774
4.449,4.685
4.449,4.652
4.449,4.639
4.449,4.424
4.449,4.708
4.449,4.55
4.449,4.391
4.449,4.844
4.449,4.662
4.449,4.662
4.449,4.685
4.449,4.391
4.449,4.923
4.449,4.741
4.449,4.437
4.449,4.517
4.449,4.47
4.449,4.629
4.449,4.844
4.449,4.82
4.449,4.526
4.449,4.335
4.449,4.652
4.449,4.493
4.449,4.414
4.449,4.741
4.449,4.414
-7.003,4.461
-7.003,4.13
-7.003,3.648
-7.003,3.648
-7.003,3.237
-7.003,3.522
-7.003,2.709
-7.003,2.587
-7.003,1.266
-7.003,1.074
-7.003,0.621
-7.003,0.462
-7.003,0.159
-7.003,0.023
-7.003,-0.598
-7.003,-0.925
-7.003,-1.387
-7.003,-2.042
-7.003,-2.798
-7.003,-2.663
-7.003,-3.971
-7.003,-4.546
-7.003,-4.817
-7.003,-5.349
-7.003,-5.769
-7.003,-6.119
-7.003,-6.264
-7.003,-7.021
-7.003,-7.791
-7.003,-7.87
-7.003,-8.441
-7.003,-8.371
-7.003,-9.016
-7.003,-8.983
-7.003,-9.099
-7.003,-9.79
-7.003,-10.431
-7.003,-10.566
-7.003,-10.903
-7.003,-10.58
-7.003,-9.865
-7.003,-10.599
-7.003,-9.978
-7.003,-10.612
-7.003,-10.781
-7.003,-10.552
-7.003,-10.814
-7.003,-10.655
-7.003,-10.249
-7.003,-10.351
-7.003,-10.295
-7.003,-10.669
-7.003,-10.272
-7.003,-10.701
-7.003,-9.945
-7.003,-10.622
-7.003,-10.08
-7.003,-10.08
-7.003,-10.067
-7.003,-10.136
-7.003,-10.001
-7.003,-9.912
-7.003,-9.912
-7.003,-9.697
-7.003,-9.674
-7.003,-9.651
-7.003,-9.674
-7.003,-9.529
-7.003,-9.155
-7.003,-9.155
-7.003,-8.772
-7.003,-9.01
-7.003,-8.931
-7.003,-8.772
-7.003,-8.137
-7.003,-8.375
-7.003,-8.161
-7.003,-7.946
-7.003,-7.791
-7.003,-7.903
-7.003,-7.665
-7.003,-7.609
-7.003,-7.394
-7.003,-7.09
-7.003,-7.021
-7.003,-7.179
-7.003,-6.661
-7.003,-6.932
-7.003,-6.763
-7.003,-6.796
-7.003,-6.254
-7.003,-6.152
-7.003,-6.525
-7.003,-6.343
-7.003,-6.436
-7.003,-6.026
-7.003,-5.904
-7.003,-6.367
-7.003,-5.666
-7.003,-6.254
-7.003,-5.881
-7.003,-6.086
-7.003,-5.713
-7.003,-5.848
-7.003,-5.475
-7.003,-5.927
-7.003,-5.577
-7.003,-6.007
-7.003,-5.633
-7.003,-5.633
-7.003,-5.666
-7.003,-5.362
-7.003,-5.465
-7.003,-5.148
-7.003,-5.544
-7.003,-5.283
-7.003,-5.386
-7.003,-5.316
-7.003,-5.283
-7.003,-5.293
-7.003,-5.577
-7.003,-5.531
-7.003,-5.475
-7.003,-5.6
-7.003,-5.418
-7.003,-5.442
-7.003,-5.442
-7.003,-5.372
-7.003,-5.372
-7.003,-5.643
-7.003,-5.596
-7.003,-5.564
-7.003,-5.699
-7.003,-5.666
-7.003,-5.564
-7.003,-5.881
-7.003,-6.049
-7.003,-6.063
-7.003,-6.423
-7.003,-6.073
-7.003,-6.208
-7.003,-6.67
-7.003,-6.446
-7.003,-6.376
-7.003,-6.512
-7.003,-6.866
-7.003,-7.147
-7.003,-6.647
-7.003,-6.885
-7.003,-6.773
-7.003,-6.727
-7.003,-7.292
-7.003,-7.044
-7.003,-7.292
-7.003,-7.282
-7.003,-7.077
-7.003,-7.394
-7.003,-7.11
-7.003,-7.147
-7.003,-6.895
-7.003,-7.292
-7.003,-7.179
-7.003,-7.259
-7.003,-7.156
-7.003,-7.45
-7.003,-7.245
-7.003,-7.371
3.192,-7.371
3.192,-6.558
3.192,-6.638
3.192,-6.502
3.192,-6.4
3.192,-6.198
3.192,-5.587
3.192,-5.759
3.192,-5.465
3.192,-5.329
3.192,-4.695
3.192,-4.209
3.192,-4.493
3.192,-2.924
3.192,-2.121
3.192,-2.135
3.192,-1.593
3.192,-0.873
3.192,-0.635
3.192,-0.466
3.192,-0.06
3.192,-0.079
3.192,-0.023
3.192,0.462
3.192,0.733
3.192,1.322
3.192,1.513
3.192,2.28
3.192,2.382
3.192,3.307
3.192,3.205
3.192,4.041
3.192,4.466
3.192,5.055
3.192,4.909
3.192,5.339
3.192,5.18
3.192,5.825
3.192,5.577
3.192,6.04
3.192,6.175
3.192,6.152
3.192,5.802
3.192,6.334
3.192,6.026
3.192,6.502
3.192,6.231
3.192,6.32
3.192,6.558
3.192,6.638
3.192,6.208
3.192,5.825
3.192,6.558
3.192,6.152
3.192,6.311
3.192,6.231
3.192,6.096
3.192,6.558
3.192,5.904
3.192,6.301
3.192,5.699
3.192,6.268
3.192,5.848
3.192,6.063
3.192,5.722
3.192,5.792
3.192,5.61
3.192,5.871
3.192,5.475
3.192,5.409
3.192,5.18
3.192,5.339
3.192,4.844
3.192,4.606
3.192,5.194
3.192,4.629
3.192,4.662
3.192,4.606
3.192,4.199
3.192,4.199
3.192,4.391
3.192,4.302
3.192,3.984
3.192,3.872
3.192,3.657
3.192,3.195
3.192,3.737
3.192,3.33
3.192,3.499
3.192,3.41
3.192,3.195
3.192,3.251
3.192,3.059
3.192,3.251
3.192,2.732
3.192,3.083
3.192,2.798
3.192,2.845
3.192,2.494
3.192,2.438
3.192,2.574
3.192,2.247
3.192,2.518
3.192,2.247
3.192,2.032
3.192,2.009
3.192,2.191
3.192,2.167
3.192,1.976
3.192,2.088
3.192,1.569
3.192,1.569
3.192,2.009
3.192,1.705
3.192,2.032
3.192,1.953
3.192,1.49
3.192,1.92
3.192,1.546
3.192,1.299
3.192,1.85
3.192,1.546
3.192,2.032
3.192,1.658
3.192,1.976
3.192,2.055
3.192,1.649
3.192,1.864
3.192,1.602
3.192,1.49
3.192,1.873
3.192,1.658
3.192,2.135
3.192,1.953
3.192,1.784
3.192,2.022
3.192,1.658
3.192,2.009
3.192,2.111
3.192,2.247
3.192,2.032
3.192,2.144
3.192,2.303
3.192,2.564
3.192,2.2
3.192,2.527
3.192,2.597
3.192,2.663
3.192,2.789
3.192,2.686
3.192,2.98
3.192,2.854
3.192,3.33
3.192,3.013
3.192,3.251
3.192,3.387
3.192,3.195
3.192,3.545
3.192,3.387
3.192,3.433
3.192,3.363
3.192,3.522
3.192,3.578
3.192,3.634
3.192,3.681
3.192,3.896
3.192,3.578
0.372,3.816
0.372,3.872
0.372,3.625
0.372,3.476
0.372,3.849
0.372,3.601
0.372,3.466
0.372,3.307
0.372,3.321
0.372,3.33
0.372,3.116
0.372,3.387
0.372,2.821
0.372,3.466
0.372,2.663
0.372,3.139
0.372,2.392
0.372,3.083
0.372,2.223
0.372,2.845
0.372,2.373
0.372,2.233
0.372,2.359
0.372,1.784
0.372,2.214
0.372,2.065
0.372,1.658
0.372,1.896
0.372,1.602
0.372,1.695
0.372,1.5
0.372,1.616
0.372,1.14
0.372,1.266
0.372,0.925
0.372,1.117
0.372,0.757
0.372,0.733
0.372,0.869
0.372,0.701
0.372,0.406
0.372,0.327
0.372,0.294
0.372,0.168
0.372,0.215
0.372,0.056
0.372,0
0.372,0
0.372,0
0.372,0
0.372,-0.192
0.372,-0.135
0.372,-0.271
0.372,-0.192
0.372,-0.271
0.372,-0.35
0.372,-0.542
0.372,-0.327
0.372,-0.486
0.372,-0.383
0.372,-0.43
0.372,-0.701
0.372,-0.519
0.372,-0.654
0.372,-0.542
0.372,-0.35
0.372,-0.486
0.372,-0.35
0.372,-0.565
0.372,-0.462
0.372,-0.486
0.372,-0.542
0.372,-0.462
0.372,-0.327
0.372,-0.406
0.372,-0.519
0.372,-0.383
0.372,-0.271
0.372,-0.271
0.372,-0.192
0.372,-0.271
0.372,-0.159
0.372,-0.271
0.372,-0.215
0.372,-0.271
0.372,-0.135
0.372,-0.192
0.372,0
0.372,0
0.372,0
0.372,0
0.372,0
0.372,0
0.372,0
0.372,0.056
0.372,0.135
0.372,0.112
0.372,0.159
0.372,0.079
0.372,0.271
0.372,0.215
0.372,0.135
0.372,0.192
0.372,0.215
0.372,0.135
0.372,0.271
0.372,0.271
0.372,0.271
0.372,0.327
0.372,0.271
0.372,0.271
0.372,0.215
0.372,0.215
0.372,0.271
0.372,0.159
0.372,0.271
0.372,0.271
0.372,0.135
0.372,0.271
0.372,0.271
0.372,0.079
0.372,0.271
0.372,0.135
0.372,0.135
0.372,0.056
0.372,0.215
0.372,0.135
0.372,0.135
0.372,0.135
0.372,0.135
0.372,0.056
0.372,0.079
0.372,0.135
0.372,0.135
0.372,0.056
0.372,0.215
0.372,0.056
0.372,0.135
0.372,0.079
0.372,0.192
0.372,0.192
0.372,0.079
0.372,0.135
0.372,0.135
0.372,0.215
0.372,0.135
0.372,0.159
0.372,0.192
0.372,0.056
0.372,0.215
0.372,0.271
0.372,0
0.372,0.271
0.372,0.192
0.372,0.271
0.372,0.271
0.372,0.271
0.372,0.271
0.372,0.271
0.372,0.215
0.372,0.192
0.372,0.215
0.372,0.192
0.372,0.135
0.372,0.192
0.372,0.192
0.372,0.271
9.459,0.248
9.459,1.06
9.459,1.107
9.459,0.892
9.459,1.355
9.459,1.85
9.459,2.742
9.459,2.574
9.459,2.098
9.459,3.387
9.459,3.237
9.459,3.961
9.459,4.639
9.459,5.382
9.459,5.471
9.459,6.152
9.459,6.469
9.459,7.365
9.459,8.416
9.459,9.602
9.459,8.912
9.459,8.567
9.459,8.488
9.459,8.656
9.459,9.221
9.459,10.576
9.459,10.701
9.459,10.758
9.459,10.912
9.459,11.183
9.459,10.879
9.459,11.412
9.459,11.841
9.459,11.785
9.459,11.911
9.459,12.373
9.459,12.313
9.459,12.7
9.459,12.182
9.459,12.462
9.459,11.897
9.459,12.304
9.459,12.36
9.459,12.135
9.459,12.103
9.459,12.103
9.459,11.822
9.459,12.135
9.459,12.182
9.459,12.135
9.459,11.888
9.459,11.986
9.459,11.953
9.459,11.944
9.459,11.547
9.459,11.99
9.459,11.412
9.459,11.696
9.459,11.739
9.459,11.528
9.459,11.659
9.459,11.448
9.459,11.683
9.459,11.71
9.459,11.57
9.459,11.528
9.459,11.388
9.459,11.29
9.459,11.117
9.459,11.435
9.459,10.982
9.459,10.949
9.459,11.29
9.459,11.009
9.459,10.744
9.459,10.463
9.459,10.431
9.459,10.576
9.459,10.487
9.459,9.954
9.459,9.912
9.459,9.922
9.459,9.819
9.459,9.879
9.459,9.809
9.459,9.935
9.459,9.562
9.459,9.954
9.459,9.608
9.459,9.235
9.459,9.356
9.459,9.076
9.459,9.122
9.459,9.267
9.459,8.633
9.459,8.838
9.459,8.838
9.459,8.613
9.459,8.613
9.459,8.679
9.459,8.758
9.459,8.693
9.459,8.501
9.459,8.375
9.459,8.399
9.459,8.319
9.459,8.273
9.459,8.352
9.459,8.319
9.459,8.366
9.459,8.128
9.459,8.048
9.459,8.319
9.459,8.263
9.459,8.24
9.459,8.025
9.459,8.025
9.459,8.015
9.459,8.174
9.459,8.128
9.459,7.89
9.459,8.015
9.459,8.286
9.459,8.128
9.459,7.992
9.459,7.983
9.459,8.015
9.459,7.81
9.459,7.992
9.459,8.399
9.459,8.263
9.459,8.263
9.459,8.184
9.459,8.399
9.459,8.24
9.459,8.342
9.459,8.422
9.459,8.455
9.459,8.455
9.459,8.749
9.459,8.534
9.459,8.613
9.459,8.805
9.459,8.805
9.459,8.861
9.459,8.884
9.459,9.211
9.459,9.076
9.459,8.908
9.459,9.02
9.459,9.324
9.459,9.211
9.459,9.473
9.459,9.132
9.459,9.132
9.459,9.38
9.459,9.356
9.459,9.776
9.459,9.608
9.459,9.37
9.459,9.562
9.459,9.515
9.459,9.842
9.459,9.935
9.459,9.674
9.459,10.001
9.459,9.753
2.98,9.515
2.98,9.809
2.98,9.538
2.98,9.744
2.98,9.324
2.98,8.67
2.98,8.819
2.98,8.964
2.98,8.567
2.98,8.296
2.98,8.002
2.98,7.731
2.98,7.632
2.98,7.642
2.98,7.305
2.98,6.876
2.98,7.025
2.98,6.404
2.98,6.39
2.98,6.568
2.98,5.564
2.98,5.451
2.98,5.148
2.98,5.293
2.98,5.012
2.98,4.526
2.98,4.404
2.98,4.507
2.98,4.157
2.98,3.896
2.98,3.667
2.98,3.443
2.98,3.205
2.98,3.139
2.98,2.686
2.98,2.765
2.98,2.359
2.98,1.807
2.98,2.055
2.98,1.784
2.98,1.513
2.98,1.807
2.98,1.434
2.98,1.411
2.98,0.813
2.98,1.028
2.98,0.925
2.98,0.757
2.98,0.813
2.98,0.598
2.98,0.565
2.98,0.406
2.98,0.35
2.98,0.406
2.98,0.35
2.98,0.327
2.98,0.248
2.98,0.271
2.98,0.271
2.98,0.135
2.98,0.056
2.98,0.294
2.98,0.135
2.98,0.215
2.98,0.135
2.98,0.271
2.98,0.35
2.98,0.135
2.98,0.327
2.98,0.327
2.98,0.406
2.98,0.406
2.98,0.565
2.98,0.486
2.98,0.654
2.98,0.869
2.98,1.051
2.98,0.813
2.98,0.981
2.98,1.322
2.98,1.163
2.98,1.682
2.98,1.229
2.98,1.626
2.98,1.794
2.98,1.976
2.98,1.896
2.98,1.943
2.98,2.032
2.98,2.009
2.98,2.551
2.98,2.312
2.98,2.765
2.98,2.653
2.98,3.027
2.98,2.957
2.98,3.139
2.98,3.307
2.98,3.433
2.98,3.251
2.98,3.41
2.98,3.195
2.98,3.634
2.98,2.957
2.98,3.522
2.98,3.793
2.98,3.317
2.98,3.839
2.98,3.928
2.98,3.793
2.98,3.928
2.98,3.826
2.98,3.657
2.98,4.11
2.98,4.087
2.98,3.849
2.98,4.064
2.98,4.166
2.98,4.008
2.98,3.905
2.98,3.826
2.98,4.031
2.98,4.269
2.98,3.984
2.98,3.793
2.98,4.041
2.98,4.017
2.98,3.975
2.98,4.11
2.98,3.803
2.98,3.826
2.98,4.031
2.98,3.77
2.98,3.737
2.98,3.76
2.98,3.77
2.98,3.419
2.98,3.555
2.98,3.737
2.98,3.76
2.98,3.634
2.98,3.489
2.98,3.625
2.98,3.578
2.98,3.33
2.98,3.419
2.98,3.601
2.98,3.274
2.98,3.363
2.98,3.387
2.98,3.148
2.98,3.522
2.98,3.195
2.98,3.354
2.98,3.363
2.98,3.218
2.98,3.307
2.98,3.172
2.98,3.218
2.98,2.99
2.98,3.116
2.98,2.957
2.98,3.027
2.98,2.821
2.98,3.003
2.98,2.765
2.98,3.059
6.007,2.709
6.007,3.139
6.007,2.821
6.007,3.33
6.007,2.957
6.007,3.443
6.007,2.845
6.007,3.307
6.007,3.139
6.007,3.284
6.007,3.41
6.007,3.625
6.007,3.578
6.007,3.952
6.007,3.793
6.007,3.984
6.007,4.12
6.007,4.391
6.007,4.255
6.007,4.335
6.007,4.751
6.007,4.946
6.007,4.933
6.007,5.068
6.007,5.217
6.007,5.306
6.007,5.283
6.007,5.745
6.007,5.745
6.007,6.04
6.007,6.175
6.007,5.802
6.007,6.423
6.007,5.848
6.007,6.591
6.007,6.297
6.007,6.446
6.007,6.829
6.007,6.568
6.007,7.077
6.007,7.067
6.007,6.876
6.007,7.011
6.007,6.684
6.007,6.965
6.007,7.044
6.007,6.988
6.007,7.292
6.007,6.727
6.007,7.268
6.007,7.067
6.007,7.077
6.007,7.011
6.007,6.885
6.007,7.259
6.007,7.021
6.007,7.123
6.007,7.077
6.007,7.315
6.007,7.09
6.007,7.058
6.007,7.315
6.007,6.717
6.007,7.226
6.007,6.806
6.007,6.941
6.007,7.044
6.007,6.591
6.007,7.077
6.007,6.988
6.007,6.82
6.007,6.694
6.007,6.75
6.007,6.558
6.007,6.684
6.007,6.82
6.007,6.558
6.007,6.4
6.007,6.694
6.007,6.152
6.007,6.287
6.007,6.581
6.007,6.39
6.007,6.581
6.007,6.502
6.007,5.993
6.007,6.651
6.007,6.073
6.007,6.231
6.007,6.343
6.007,5.825
6.007,5.96
6.007,6.231
6.007,6.152
6.007,6.096
6.007,6.334
6.007,5.904
6.007,6.231
6.007,5.927
6.007,6.016
6.007,5.848
6.007,5.984
6.007,5.984
6.007,5.736
6.007,5.927
6.007,5.848
6.007,6.016
6.007,5.848
6.007,5.96
6.007,5.736
6.007,5.904
6.007,5.792
6.007,5.96
6.007,5.689
6.007,5.904
6.007,5.769
6.007,5.871
6.007,5.802
6.007,5.657
6.007,5.643
6.007,5.657
6.007,5.507
6.007,5.577
6.007,5.395
6.007,5.409
6.007,5.339
6.007,5.577
6.007,5.451
6.007,5.465
6.007,5.554
6.007,5.475
6.007,5.838
6.007,5.507
6.007,5.759
6.007,5.521
6.007,5.871
6.007,5.442
6.007,6.016
6.007,5.386
6.007,5.937
6.007,5.521
6.007,6.04
6.007,5.68
6.007,6.413
6.007,5.386
6.007,6.436
6.007,5.498
6.007,6.367
6.007,5.713
6.007,6.073
6.007,5.904
6.007,6.241
6.007,6.142
6.007,5.834
6.007,6.446
6.007,5.825
6.007,6.423
6.007,5.904
6.007,6.152
6.007,5.984
6.007,6.222
6.007,6.142
6.007,6.096
6.007,6.208
6.007,6.063
6.007,5.993
6.007,6.4
-0.924,5.848
-0.924,6.105
-0.924,5.488
-0.924,5.465
-0.924,5.101
-0.924,5.101
-0.924,5.339
-0.924,5.022
-0.924,4.877
-0.924,4.573
-0.924,4.255
-0.924,4.662
-0.924,4.008
-0.924,3.545
-0.924,3.148
-0.924,3.092
-0.924,2.597
-0.924,2.293
-0.924,2.111
-0.924,1.85
-0.924,1.976
-0.924,2.009
-0.924,1.444
-0.924,1.299
-0.924,0.836
-0.924,0.869
-0.924,0.43
-0.924,0.192
-0.924,-0.056
-0.924,-0.168
-0.924,-0.383
-0.924,-0.836
-0.924,-0.892
-0.924,-0.981
-0.924,-1.299
-0.924,-1.378
-0.924,-1.649
-0.924,-1.761
-0.924,-2.247
-0.924,-1.649
-0.924,-1.953
-0.924,-2.63
-0.924,-2.336
-0.924,-2.574
-0.924,-2.247
-0.924,-2.607
-0.924,-2.643
-0.924,-2.639
-0.924,-2.779
-0.924,-2.481
-0.924,-2.802
-0.924,-2.696
-0.924,-2.868
-0.924,-2.798
-0.924,-2.891
-0.924,-2.957
-0.924,-2.812
-0.924,-2.821
-0.924,-2.891
-0.924,-2.845
-0.924,-2.7
-0.924,-2.63
-0.924,-2.541
-0.924,-2.686
-0.924,-2.382
-0.924,-2.551
-0.924,-2.676
-0.924,-2.177
-0.924,-2.541
-0.924,-2.2
-0.924,-2.303
-0.924,-2.63
-0.924,-2.551
-0.924,-2.405
-0.924,-2.303
-0.924,-1.953
-0.924,-2.144
-0.924,-2.303
-0.924,-2.63
-0.924,-1.873
-0.924,-1.794
-0.924,-2.438
-0.924,-1.896
-0.924,-1.761
-0.924,-2.055
-0.924,-1.467
-0.924,-1.411
-0.924,-1.682
-0.924,-1.411
-0.924,-1.649
-0.924,-1.163
-0.924,-1.682
-0.924,-1.219
-0.924,-1.275
-0.924,-0.948
-0.924,-1.06
-0.924,-1.219
-0.924,-0.892
-0.924,-0.869
-0.924,-1.186
-0.924,-0.733
-0.924,-0.79
-0.924,-0.677
-0.924,-0.813
-0.924,-0.519
-0.924,-0.542
-0.924,-0.486
-0.924,-0.542
-0.924,-0.565
-0.924,-0.462
-0.924,-0.271
-0.924,-0.327
-0.924,-0.327
-0.924,-0.192
-0.924,-0.215
-0.924,-0.248
-0.924,-0.271
-0.924,-0.271
-0.924,-0.271
-0.924,-0.271
-0.924,-0.271
-0.924,-0.159
-0.924,-0.079
-0.924,-0.192
-0.924,-0.192
-0.924,-0.135
-0.924,-0.056
-0.924,-0.192
-0.924,-0.135
-0.924,-0.192
-0.924,-0.271
-0.924,-0.056
-0.924,-0.215
-0.924,-0.271
-0.924,-0.35
-0.924,-0.215
-0.924,-0.271
-0.924,-0.215
-0.924,-0.135
-0.924,-0.192
-0.924,-0.271
-0.924,-0.327
-0.924,-0.383
-0.924,-0.271
-0.924,-0.542
-0.924,-0.43
-0.924,-0.35
-0.924,-0.327
-0.924,-0.406
-0.924,-0.462
-0.924,-0.486
-0.924,-0.598
-0.924,-0.486
-0.924,-0.542
-0.924,-0.519
-0.924,-0.598
-0.924,-0.757
-0.924,-0.701
-0.924,-0.462
-0.924,-0.733
-0.924,-0.757
-0.924,-0.757
-0.924,-0.677
-0.924,-0.654
-0.924,-0.733
-0.924,-0.915
-0.924,-0.677
-1.352,-0.846
-1.352,-0.757
-1.352,-0.677
-1.352,-0.79
-1.352,-0.733
-1.352,-0.892
-1.352,-1.14
-1.352,-0.948
-1.352,-0.813
-1.352,-0.948
-1.352,-0.892
-1.352,-1.163
-1.352,-1.299
-1.352,-1.06
-1.352,-1.219
-1.352,-0.948
-1.352,-1.117
-1.352,-1.299
-1.352,-1.173
-1.352,-1.48
-1.352,-1.275
-1.352,-1.355
-1.352,-1.387
-1.352,-1.401
-1.352,-1.364
-1.352,-1.569
-1.352,-1.5
-1.352,-1.434
-1.352,-1.523
-1.352,-1.523
-1.352,-1.467
-1.352,-1.523
-1.352,-1.626
-1.352,-1.658
-1.352,-1.537
-1.352,-1.523
-1.352,-1.593
-1.352,-1.546
-1.352,-1.401
-1.352,-1.546
-1.352,-1.434
-1.352,-1.546
-1.352,-1.401
-1.352,-1.467
-1.352,-1.355
-1.352,-1.49
-1.352,-1.457
-1.352,-1.626
-1.352,-1.331
-1.352,-1.49
-1.352,-1.242
-1.352,-1.467
-1.352,-1.275
-1.352,-1.355
-1.352,-1.322
-1.352,-1.569
-1.352,-1.196
-1.352,-1.322
-1.352,-1.434
-1.352,-1.569
-1.352,-1.387
-1.352,-1.266
-1.352,-1.434
-1.352,-1.537
-1.352,-1.387
-1.352,-1.48
-1.352,-1.299
-1.352,-1.672
-1.352,-1.252
-1.352,-1.322
-1.352,-1.378
-1.352,-1.593
-1.352,-1.355
-1.352,-1.322
-1.352,-1.457
-1.352,-1.513
-1.352,-1.355
-1.352,-1.322
-1.352,-1.322
-1.352,-1.569
-1.352,-1.457
-1.352,-1.378
-1.352,-1.266
-1.352,-1.49
-1.352,-1.355
-1.352,-1.275
-1.352,-1.266
-1.352,-1.411
-1.352,-1.457
-1.352,-1.275
-1.352,-1.186
-1.352,-1.467
-1.352,-1.434
-1.352,-1.364
-1.352,-1.299
-1.352,-1.49
-1.352,-1.49
-1.352,-1.387
-1.352,-1.411
-1.352,-1.378
-1.352,-1.602
-1.352,-1.331
-1.352,-1.444
-1.352,-1.378
-1.352,-1.546
-1.352,-1.434
-1.352,-1.364
-1.352,-1.242
-1.352,-1.467
-1.352,-1.084
-1.352,-1.579
-1.352,-1.242
-1.352,-1.434
-1.352,-1.219
-1.352,-1.355
-1.352,-1.242
-1.352,-1.163
-1.352,-1.378
-1.352,-1.275
-1.352,-1.299
-1.352,-1.163
-1.352,-1.49
-1.352,-1.49
-1.352,-1.49
-1.352,-1.299
-1.352,-1.569
-1.352,-1.355
-1.352,-1.387
-1.352,-1.322
-1.352,-1.513
-1.352,-1.546
-1.352,-1.275
-1.352,-1.513
-1.352,-1.299
-1.352,-1.546
-1.352,-1.219
-1.352,-1.49
-1.352,-1.401
-1.352,-1.602
-1.352,-1.299
-1.352,-1.569
-1.352,-1.378
-1.352,-1.49
-1.352,-1.219
-1.352,-1.546
-1.352,-1.378
-1.352,-1.355
-1.352,-1.084
-1.352,-1.434
-1.352,-1.242
-1.352,-1.242
-1.352,-1.14
-1.352,-1.084
-1.352,-1.355
-1.352,-1.107
-1.352,-1.411
-1.352,-1.004
-1.352,-1.196
-1.352,-1.275
-1.352,-1.186
-1.352,-1.14
-1.352,-0.925
-1.352,-1.084
-1.352,-1.084
-1.352,-1.107
-1.352,-1.004
-1.352,-1.028
6.506,-1.028
6.506,-0.79
6.506,-0.677
6.506,-0.621
6.506,-0.644
6.506,-0.406
6.506,-0.056
6.506,-0.079
6.506,0
6.506,0.135
6.506,0.406
6.506,0.677
6.506,1.14
6.506,1.084
6.506,1.364
6.506,2.065
6.506,2.27
6.506,2.243
6.506,2.821
6.506,3.181
6.506,3.7
6.506,3.845
6.506,4.391
6.506,4.652
6.506,4.788
6.506,5.068
6.506,5.778
6.506,5.325
6.506,6.016
6.506,6.502
6.506,6.932
6.506,6.796
6.506,7.688
6.506,7.837
6.506,7.834
6.506,7.946
6.506,7.992
6.506,7.824
6.506,7.922
6.506,8.025
6.506,8.184
6.506,8.015
6.506,8.342
6.506,8.263
6.506,8.24
6.506,8.59
6.506,8.67
6.506,8.431
6.506,8.455
6.506,8.805
6.506,8.59
6.506,8.59
6.506,8.646
6.506,8.726
6.506,8.637
6.506,8.557
6.506,8.478
6.506,8.399
6.506,8.455
6.506,8.399
6.506,8.319
6.506,8.104
6.506,8.263
6.506,8.025
6.506,8.048
6.506,8.025
6.506,8.184
6.506,8.025
6.506,7.708
6.506,8.104
6.506,7.791
6.506,7.53
6.506,7.834
6.506,7.371
6.506,7.553
6.506,7.609
6.506,7.698
6.506,7.133
6.506,7.268
6.506,7.315
6.506,7.236
6.506,6.997
6.506,7.292
6.506,6.852
6.506,6.997
6.506,6.479
6.506,7.067
6.506,6.941
6.506,6.545
6.506,6.876
6.506,6.502
6.506,6.796
6.506,6.638
6.506,6.423
6.506,6.502
6.506,6.67
6.506,6.278
6.506,6.218
6.506,6.549
6.506,6.063
6.506,5.96
6.506,6.367
6.506,6.082
6.506,6.39
6.506,5.848
6.506,6.287
6.506,5.914
6.506,6.04
6.506,6.073
6.506,5.984
6.506,6.073
6.506,5.769
6.506,6.142
6.506,5.68
6.506,6.198
6.506,5.689
6.506,6.278
6.506,5.689
6.506,6.03
6.506,5.666
6.506,5.951
6.506,5.745
6.506,5.726
6.506,5.703
6.506,5.769
6.506,5.713
6.506,5.825
6.506,5.498
6.506,5.657
6.506,5.871
6.506,5.395
6.506,5.825
6.506,5.306
6.506,5.792
6.506,5.316
6.506,5.848
6.506,5.372
6.506,5.713
6.506,5.587
6.506,5.475
6.506,5.778
6.506,5.418
6.506,5.881
6.506,5.881
6.506,5.395
6.506,6.287
6.506,5.418
6.506,6.142
6.506,5.769
6.506,6.222
6.506,5.802
6.506,6.311
6.506,5.993
6.506,6.278
6.506,6.479
6.506,6.161
6.506,6.4
6.506,6.096
6.506,6.287
6.506,6.558
6.506,6.67
6.506,6.39
6.506,6.334
6.506,6.806
6.506,6.829
6.506,6.535
6.506,6.67
-8.331,6.909
-8.331,5.306
-8.331,5.293
-8.331,5.745
-8.331,5.395
-8.331,3.886
-8.331,3.661
-8.331,2.769
-8.331,1.821
-8.331,0.345
-8.331,0.252
-8.331,-0.627
-8.331,-0.398
-8.331,-0.145
-8.331,-0.126
-8.331,-1.517
-8.331,-2.578
-8.331,-3.133
-8.331,-2.723
-8.331,-2.084
-8.331,-2.705
-8.331,-3.429
-8.331,-4.513
-8.331,-5.471
-8.331,-5.933
-8.331,-7.073
-8.331,-8.292
-8.331,-8.755
-8.331,-9.105
-8.331,-8.666
-8.331,-9.155
-8.331,-10.285
-8.331,-10.487
-8.331,-12.07
-8.331,-11.359
-8.331,-11.406
-8.331,-11.224
-8.331,-11.444
-8.331,-12.224
-8.331,-12.486
-8.331,-12.145
-8.331,-12.393
-8.331,-12.561
-8.331,-12.869
-8.331,-12.387
-8.331,-12.453
-8.331,-12.631
-8.331,-12.658
-8.331,-12.453
-8.331,-12.168
-8.331,-12.724
-8.331,-12.621
-8.331,-12.135
-8.331,-12.168
-8.331,-12.28
-8.331,-12.192
-8.331,-12.192
-8.331,-12.079
-8.331,-12.046
-8.331,-12.159
-8.331,-11.785
-8.331,-11.977
-8.331,-12.103
-8.331,-11.808
-8.331,-12.033
-8.331,-11.673
-8.331,-11.762
-8.331,-11.481
-8.331,-11.038
-8.331,-10.771
-8.331,-11.243
-8.331,-10.678
-8.331,-11.052
-8.331,-10.79
-8.331,-10.444
-8.331,-10.136
-8.331,-10.388
-8.331,-10.08
-8.331,-10.094
-8.331,-10.272
-8.331,-9.846
-8.331,-9.235
-8.331,-9.37
-8.331,-8.805
-8.331,-8.772
-8.331,-8.772
-8.331,-8.782
-8.331,-8.352
-8.331,-8.399
-8.331,-8.478
-8.331,-8.319
-8.331,-8.048
-8.331,-8.039
-8.331,-7.992
-8.331,-7.824
-8.331,-7.857
-8.331,-7.777
-8.331,-7.325
-8.331,-6.909
-8.331,-7.054
-8.331,-7.034
-8.331,-7.077
-8.331,-7.179
-8.331,-6.965
-8.331,-6.82
-8.331,-7.137
-8.331,-6.909
-8.331,-6.796
-8.331,-6.843
-8.331,-6.591
-8.331,-6.862
-8.331,-6.684
-8.331,-6.684
-8.331,-6.4
-8.331,-6.876
-8.331,-6.796
-8.331,-6.231
-8.331,-6.479
-8.331,-6.75
-8.331,-6.581
-8.331,-6.208
-8.331,-6.376
-8.331,-6.796
-8.331,-6.74
-8.331,-6.185
-8.331,-6.661
-8.331,-6.717
-8.331,-6.469
-8.331,-6.988
-8.331,-6.997
-8.331,-6.152
-8.331,-6.74
-8.331,-6.512
-8.331,-6.74
-8.331,-7.179
-8.331,-6.941
-8.331,-7.054
-8.331,-7.292
-8.331,-6.885
-8.331,-7.212
-8.331,-7.011
-8.331,-7.348
-8.331,-6.909
-8.331,-7.46
-8.331,-7.539
-8.331,-7.688
-8.331,-7.834
-8.331,-7.45
-8.331,-7.394
-8.331,-7.992
-8.331,-8.048
-8.331,-7.595
-8.331,-7.936
-8.331,-8.048
-8.331,-8.319
-8.331,-8.254
-8.331,-8.478
-8.331,-8.534
-8.331,-8.534
-8.331,-8.511
-8.331,-8.511
-8.331,-8.408
-8.331,-8.567
-8.331,-8.749
-8.331,-8.534
-8.331,-8.67
-8.331,-8.94
-7.337,-8.749
-7.337,-8.646
-7.337,-8.917
-7.337,-8.997
-7.337,-8.782
-7.337,-8.59
-7.337,-8.884
-7.337,-8.884
-7.337,-8.861
-7.337,-8.749
-7.337,-8.67
-7.337,-8.431
-7.337,-8.679
-7.337,-8.702
-7.337,-8.422
-7.337,-8.67
-7.337,-8.59
-7.337,-8.184
-7.337,-8.151
-7.337,-8.534
-7.337,-8.399
-7.337,-8.207
-7.337,-8.207
-7.337,-8.59
-7.337,-8.478
-7.337,-8.263
-7.337,-7.992
-7.337,-8.184
-7.337,-8.184
-7.337,-8.207
-7.337,-8.104
-7.337,-7.857
-7.337,-7.88
-7.337,-8.015
-7.337,-7.913
-7.337,-7.745
-7.337,-8.015
-7.337,-8.128
-7.337,-7.483
-7.337,-7.553
-7.337,-7.824
-7.337,-7.497
-7.337,-7.712
-7.337,-7.543
-7.337,-7.539
-7.337,-7.268
-7.337,-7.292
-7.337,-7.348
-7.337,-7.394
-7.337,-7.282
-7.337,-7.305
-7.337,-7.226
-7.337,-7.09
-7.337,-7.156
-7.337,-6.661
-7.337,-7.236
-7.337,-6.839
-7.337,-7.123
-7.337,-7.044
-7.337,-6.717
-7.337,-6.605
-7.337,-7.067
-7.337,-6.591
-7.337,-6.479
-7.337,-6.941
-7.337,-6.423
-7.337,-6.469
-7.337,-7.011
-7.337,-6.614
-7.337,-6.39
-7.337,-6.628
-7.337,-6.67
-7.337,-6.717
-7.337,-6.535
-7.337,-6.694
-7.337,-6.717
-7.337,-6.852
-7.337,-6.727
-7.337,-6.535
-7.337,-6.74
-7.337,-6.82
-7.337,-6.343
-7.337,-6.502
-7.337,-7.474
-7.337,-6.885
-7.337,-6.558
-7.337,-7.021
-7.337,-6.736
-7.337,-6.75
-7.337,-7.236
-7.337,-6.909
-7.337,-6.932
-7.337,-7.114
-7.337,-7.156
-7.337,-6.941
-7.337,-6.852
-7.337,-6.816
-7.337,-6.694
-7.337,-7.11
-7.337,-6.885
-7.337,-6.75
-7.337,-7.226
-7.337,-7.212
-7.337,-7.123
-7.337,-7.282
-7.337,-6.852
-7.337,-7.394
-7.337,-6.885
-7.337,-7.315
-7.337,-6.75
-7.337,-7.268
-7.337,-7.249
-7.337,-6.988
-7.337,-7.236
-7.337,-7.394
-7.337,-7.404
-7.337,-6.988
-7.337,-7.348
-7.337,-7.292
-7.337,-7.259
-7.337,-7.147
-7.337,-7.292
-7.337,-7.53
-7.337,-7.46
-7.337,-7.586
-7.337,-7.394
-7.337,-7.857
-7.337,-7.619
-7.337,-7.212
-7.337,-7.381
-7.337,-7.936
-7.337,-7.576
-7.337,-7.745
-7.337,-7.777
-7.337,-7.417
-7.337,-7.595
-7.337,-7.992
-7.337,-7.791
-7.337,-7.338
-7.337,-7.553
-7.337,-7.857
-7.337,-7.777
-7.337,-7.936
-7.337,-7.88
-7.337,-7.586
-7.337,-7.688
-7.337,-7.619
-7.337,-7.857
-7.337,-7.913
-7.337,-7.642
-7.337,-7.824
-7.337,-8.048
-7.337,-7.721
-7.337,-7.824
-7.337,-8.015
-7.337,-7.642
-7.337,-7.688
-7.337,-8.095
-7.337,-7.315
-7.337,-7.688
-7.337,-7.745
-7.337,-7.417
-7.337,-7.745
-7.337,-7.563
-7.337,-7.586
-7.337,-7.721
-7.337,-7.427
-6.532,-7.474
-6.532,-7.338
-6.532,-7.338
-6.532,-7.371
-6.532,-7.371
-6.532,-7.179
-6.532,-7.259
-6.532,-7.427
-6.532,-7.745
-6.532,-7.236
-6.532,-7.147
-6.532,-7.1
-6.532,-7.203
-6.532,-7.179
-6.532,-7.054
-6.532,-6.862
-6.532,-6.997
-6.532,-7.011
-6.532,-7.156
-6.532,-6.899
-6.532,-6.941
-6.532,-7.021
-6.532,-6.75
-6.532,-6.852
-6.532,-6.525
-6.532,-6.535
-6.532,-6.909
-6.532,-6.432
-6.532,-6.367
-6.532,-6.899
-6.532,-6.343
-6.532,-6.161
-6.532,-6.773
-6.532,-6.558
-6.532,-6.413
-6.532,-6.264
-6.532,-5.825
-6.532,-5.881
-6.532,-6.073
-6.532,-6.208
-6.532,-5.61
-6.532,-6.152
-6.532,-5.689
-6.532,-6.254
-6.532,-5.745
-6.532,-6.016
-6.532,-5.722
-6.532,-6.311
-6.532,-5.475
-6.532,-6.413
-6.532,-5.339
-6.532,-6.278
-6.532,-5.418
-6.532,-6.357
-6.532,-5.418
-6.532,-5.802
-6.532,-5.475
-6.532,-5.689
-6.532,-5.554
-6.532,-5.587
-6.532,-5.666
-6.532,-5.755
-6.532,-5.927
-6.532,-5.858
-6.532,-5.792
-6.532,-5.834
-6.532,-5.713
-6.532,-5.923
-6.532,-5.769
-6.532,-5.947
-6.532,-5.984
-6.532,-6.016
-6.532,-6.096
-6.532,-6.152
-6.532,-6.073
-6.532,-5.802
-6.532,-6.208
-6.532,-6.231
-6.532,-6.469
-6.532,-6.843
-6.532,-5.825
-6.532,-6.311
-6.532,-6.876
-6.532,-6.773
-6.532,-6.423
-6.532,-6.231
-6.532,-6.638
-6.532,-6.876
-6.532,-6.456
-6.532,-6.614
-6.532,-6.796
-6.532,-6.581
-6.532,-6.647
-6.532,-6.568
-6.532,-6.909
-6.532,-6.717
-6.532,-6.783
-6.532,-6.852
-6.532,-6.694
-6.532,-6.717
-6.532,-7.179
-6.532,-7.021
-6.532,-6.796
-6.532,-7.021
-6.532,-6.647
-6.532,-6.965
-6.532,-6.852
-6.532,-6.446
-6.532,-7.361
-6.532,-7.189
-6.532,-6.909
-6.532,-7.021
-6.532,-6.558
-6.532,-6.479
-6.532,-6.876
-6.532,-6.74
-6.532,-6.773
-6.532,-6.638
-6.532,-7.001
-6.532,-6.549
-6.532,-7.067
-6.532,-7.1
-6.532,-6.978
-6.532,-7.011
-6.532,-6.67
-6.532,-6.605
-6.532,-6.727
-6.532,-6.806
-6.532,-6.75
-6.532,-6.862
-6.532,-6.605
-6.532,-6.493
-6.532,-6.852
-6.532,-6.82
-6.532,-7.044
-6.532,-6.479
-6.532,-6.638
-6.532,-6.997
-6.532,-6.39
-6.532,-6.628
-6.532,-6.568
-6.532,-6.638
-6.532,-6.152
-6.532,-6.549
-6.532,-6.661
-6.532,-6.591
-6.532,-6.558
-6.532,-6.423
-6.532,-6.311
-6.532,-6.198
-6.532,-6.502
-6.532,-6.297
-6.532,-6.343
-6.532,-6.073
-6.532,-6.185
-6.532,-6.142
-6.532,-6.535
-6.532,-6.343
-6.532,-6.063
-6.532,-6.39
-6.532,-6.152
-6.532,-6.297
-6.532,-6.324
-6.532,-6.334
-6.532,-6.4
-6.532,-5.825
-6.532,-6.376
-2.181,-6.073
-2.181,-6.04
-2.181,-5.951
-2.181,-5.96
-2.181,-5.792
-2.181,-5.745
-2.181,-5.895
-2.181,-5.554
-2.181,-5.68
-2.181,-5.362
-2.181,-5.035
-2.181,-5.204
-2.181,-4.83
-2.181,-5.18
-2.181,-4.83
-2.181,-4.437
-2.181,-4.606
-2.181,-4.232
-2.181,-4.279
-2.181,-4.166
-2.181,-3.863
-2.181,-4.008
-2.181,-3.555
-2.181,-3.443
-2.181,-3.396
-2.181,-3.195
-2.181,-2.798
-2.181,-3.251
-2.181,-2.494
-2.181,-3.218
-2.181,-2.518
-2.181,-2.676
-2.181,-2.312
-2.181,-2.158
-2.181,-2.382
-2.181,-1.906
-2.181,-2.065
-2.181,-2.135
-2.181,-1.751
-2.181,-1.761
-2.181,-1.705
-2.181,-1.476
-2.181,-1.48
-2.181,-1.331
-2.181,-1.322
-2.181,-1.037
-2.181,-0.971
-2.181,-1.051
-2.181,-0.869
-2.181,-0.813
-2.181,-0.677
-2.181,-0.462
-2.181,-0.575
-2.181,-0.383
-2.181,-0.35
-2.181,-0.43
-2.181,-0.271
-2.181,-0.271
-2.181,-0.271
-2.181,-0.192
-2.181,-0.215
-2.181,-0.271
-2.181,-0.215
-2.181,-0.294
-2.181,-0.192
-2.181,-0.248
-2.181,-0.271
-2.181,-0.35
-2.181,-0.271
-2.181,-0.271
-2.181,-0.192
-2.181,-0.327
-2.181,-0.35
-2.181,-0.327
-2.181,-0.406
-2.181,-0.486
-2.181,-0.486
-2.181,-0.542
-2.181,-0.598
-2.181,-0.598
-2.181,-0.757
-2.181,-0.869
-2.181,-0.846
-2.181,-0.892
-2.181,-0.948
-2.181,-1.004
-2.181,-1.322
-2.181,-1.229
-2.181,-1.401
-2.181,-1.434
-2.181,-1.626
-2.181,-1.523
-2.181,-1.672
-2.181,-1.896
-2.181,-1.827
-2.181,-1.943
-2.181,-2.28
-2.181,-2.009
-2.181,-2.158
-2.181,-2.551
-2.181,-2.405
-2.181,-2.518
-2.181,-2.527
-2.181,-2.485
-2.181,-2.901
-2.181,-2.326
-2.181,-2.663
-2.181,-2.494
-2.181,-2.742
-2.181,-2.653
-2.181,-2.742
-2.181,-2.789
-2.181,-2.845
-2.181,-2.845
-2.181,-2.901
-2.181,-2.765
-2.181,-2.901
-2.181,-2.765
-2.181,-2.821
-2.181,-2.765
-2.181,-3.116
-2.181,-2.765
-2.181,-3.036
-2.181,-2.789
-2.181,-3.036
-2.181,-2.845
-2.181,-2.798
-2.181,-2.789
-2.181,-3.036
-2.181,-2.798
-2.181,-3.059
-2.181,-2.471
-2.181,-3.059
-2.181,-2.415
-2.181,-2.947
-2.181,-2.336
-2.181,-2.732
-2.181,-2.494
-2.181,-2.924
-2.181,-2.111
-2.181,-2.494
-2.181,-2.247
-2.181,-2.223
-2.181,-2.653
-2.181,-2.597
-2.181,-2.28
-2.181,-2.438
-2.181,-2.28
-2.181,-1.976
-2.181,-2.518
-2.181,-2.256
-2.181,-1.976
-2.181,-2.065
-2.181,-2.28
-2.181,-2.415
-2.181,-2.144
-2.181,-2.135
-2.181,-2.121
-2.181,-2.009
-2.181,-1.999
-2.181,-2.214
-2.181,-1.827
-2.181,-1.962
-2.181,-1.92
-2.181,-1.649
-2.181,-2.009
-2.181,-2.111
6.628,-1.738
6.628,-1.546
6.628,-1.084
6.628,-1.649
6.628,-1.14
6.628,-0.995
6.628,-0.892
6.628,-0.406
6.628,-0.327
6.628,0.089
6.628,0.01
6.628,0.743
6.628,1.093
6.628,1.738
6.628,1.896
6.628,2.167
6.628,2.405
6.628,2.901
6.628,3.298
6.628,3.793
6.628,4.12
6.628,4.536
6.628,5.055
6.628,5.507
6.628,5.61
6.628,6.512
6.628,6.096
6.628,7.077
6.628,7.665
6.628,7.632
6.628,7.268
6.628,7.81
6.628,7.857
6.628,8.25
6.628,8.847
6.628,8.567
6.628,8.286
6.628,8.637
6.628,8.828
6.628,8.646
6.628,8.749
6.628,8.861
6.628,8.838
6.628,8.791
6.628,9.029
6.628,9.267
6.628,8.782
6.628,8.646
6.628,9.188
6.628,8.997
6.628,8.805
6.628,8.997
6.628,9.109
6.628,8.973
6.628,9.029
6.628,8.805
6.628,8.805
6.628,8.828
6.628,8.987
6.628,8.637
6.628,8.319
6.628,8.679
6.628,8.623
6.628,8.478
6.628,8.59
6.628,8.455
6.628,8.24
6.628,8.375
6.628,8.352
6.628,7.89
6.628,8.207
6.628,8.342
6.628,8.048
6.628,7.45
6.628,7.89
6.628,7.992
6.628,7.745
6.628,7.857
6.628,7.245
6.628,7.665
6.628,7.1
6.628,7.45
6.628,7.292
6.628,6.727
6.628,7.226
6.628,6.806
6.628,6.909
6.628,6.787
6.628,6.909
6.628,6.469
6.628,6.535
6.628,6.264
6.628,6.46
6.628,6.311
6.628,5.891
6.628,6.096
6.628,6.105
6.628,6.208
6.628,5.755
6.628,5.937
6.628,5.554
6.628,5.927
6.628,5.521
6.628,5.689
6.628,5.587
6.628,5.587
6.628,5.666
6.628,5.531
6.628,5.643
6.628,5.666
6.628,5.531
6.628,5.339
6.628,5.227
6.628,5.577
6.628,5.362
6.628,5.6
6.628,5.521
6.628,5.577
6.628,5.881
6.628,5.306
6.628,5.61
6.628,5.362
6.628,5.745
6.628,5.745
6.628,5.689
6.628,5.587
6.628,5.633
6.628,5.666
6.628,5.848
6.628,5.418
6.628,6.086
6.628,5.442
6.628,6.142
6.628,5.498
6.628,6.254
6.628,5.61
6.628,6.222
6.628,5.825
6.628,6.142
6.628,5.769
6.628,6.096
6.628,5.881
6.628,6.208
6.628,6.4
6.628,5.937
6.628,6.185
6.628,6.105
6.628,6.558
6.628,6.343
6.628,6.39
6.628,6.591
6.628,6.39
6.628,6.638
6.628,6.67
6.628,6.549
6.628,6.446
6.628,6.75
6.628,6.806
6.628,6.661
6.628,6.843
6.628,7.268
6.628,6.852
6.628,6.862
6.628,7.03
6.628,6.862
6.628,7.03
6.628,7.034
6.067,6.965
6.067,7.123
6.067,7.249
6.067,7.123
6.067,6.876
6.067,6.558
6.067,7.45
6.067,7.03
6.067,6.568
6.067,7.067
6.067,6.839
6.067,6.965
6.067,6.932
6.067,6.909
6.067,6.591
6.067,6.876
6.067,6.535
6.067,6.727
6.067,6.899
6.067,6.367
6.067,6.129
6.067,6.628
6.067,6.75
6.067,6.096
6.067,6.096
6.067,6.591
6.067,6.469
6.067,6.423
6.067,6.605
6.067,6.073
6.067,6.264
6.067,6.073
6.067,6.274
6.067,6.222
6.067,5.802
6.067,6.413
6.067,5.937
6.067,6.119
6.067,5.937
6.067,5.904
6.067,5.97
6.067,5.848
6.067,5.722
6.067,5.815
6.067,5.61
6.067,5.792
6.067,5.475
6.067,5.736
6.067,5.521
6.067,5.227
6.067,5.689
6.067,5.362
6.067,5.6
6.067,5.451
6.067,5.624
6.067,5.587
6.067,5.554
6.067,5.633
6.067,5.339
6.067,5.792
6.067,5.498
6.067,5.689
6.067,5.713
6.067,5.666
6.067,5.895
6.067,5.802
6.067,5.895
6.067,5.937
6.067,5.792
6.067,5.97
6.067,6.007
6.067,6.105
6.067,6.222
6.067,5.802
6.067,6.142
6.067,5.96
6.067,6.007
6.067,6.264
6.067,5.871
6.067,6.479
6.067,6.446
6.067,6.367
6.067,6.175
6.067,6.311
6.067,5.96
6.067,6.287
6.067,6.096
6.067,6.096
6.067,6.119
6.067,5.834
6.067,6.343
6.067,5.937
6.067,6.04
6.067,6.343
6.067,6.334
6.067,6.073
6.067,6.175
6.067,6.016
6.067,5.802
6.067,6.367
6.067,5.96
6.067,6.343
6.067,6.278
6.067,6.049
6.067,6.185
6.067,6.254
6.067,5.96
6.067,6.254
6.067,6.175
6.067,6.142
6.067,6.278
6.067,5.848
6.067,6.628
6.067,6.254
6.067,6.456
6.067,6.301
6.067,6.376
6.067,6.208
6.067,6.142
6.067,6.274
6.067,6.007
6.067,6.073
6.067,6.324
6.067,5.904
6.067,6.007
6.067,5.769
6.067,5.881
6.067,6.119
6.067,5.722
6.067,6.119
6.067,5.722
6.067,5.984
6.067,5.914
6.067,5.904
6.067,5.947
6.067,5.984
6.067,6.082
6.067,6.03
6.067,6.161
6.067,6.053
6.067,6.241
6.067,6.007
6.067,6.073
6.067,6.063
6.067,5.904
6.067,6.007
6.067,5.914
6.067,6.198
6.067,5.858
6.067,6.073
6.067,5.858
6.067,6.254
6.067,5.755
6.067,5.984
6.067,5.722
6.067,6.109
6.067,5.937
6.067,6.03
6.067,5.97
6.067,6.04
6.067,6.161
6.067,6.007
6.067,6.208
6.067,5.769
6.067,6.175
6.067,5.802
6.067,5.825
-8.791,6.096
-8.791,4.844
-8.791,4.573
-8.791,4.755
-8.791,4.166
-8.791,3.536
-8.791,3.278
-8.791,2.657
-8.791,1.181
-8.791,0.143
-8.791,0.143
-8.791,-0.366
-8.791,-0.501
-8.791,-0.907
-8.791,-1.291
-8.791,-1.968
-8.791,-2.239
-8.791,-2.781
-8.791,-2.817
-8.791,-3.205
-8.791,-4.064
-8.791,-4.863
-8.791,-4.78
-8.791,-7.102
-8.791,-7.4
-8.791,-7.802
-8.791,-8.189
-8.791,-9.057
-8.791,-8.799
-8.791,-10.237
-8.791,-10.257
-8.791,-11.042
-8.791,-10.968
-8.791,-10.608
-8.791,-10.239
-8.791,-11.313
-8.791,-10.725
-8.791,-11.613
-8.791,-11.864
-8.791,-12.401
-8.791,-12.886
-8.791,-12.826
-8.791,-12.36
-8.791,-13.701
-8.791,-13.691
-8.791,-13.649
-8.791,-13.579
-8.791,-13.415
-8.791,-13.368
-8.791,-13.424
-8.791,-13.186
-8.791,-13.471
-8.791,-13.246
-8.791,-13.368
-8.791,-12.948
-8.791,-12.668
-8.791,-13.289
-8.791,-12.971
-8.791,-12.766
-8.791,-12.565
-8.791,-12.588
-8.791,-12.7
-8.791,-12.677
-8.791,-12.476
-8.791,-12.271
-8.791,-12.159
-8.791,-12.07
-8.791,-11.416
-8.791,-11.789
-8.791,-11.756
-8.791,-11.901
-8.791,-11.145
-8.791,-11.164
-8.791,-10.748
-8.791,-10.939
-8.791,-10.612
-8.791,-10.523
-8.791,-10.692
-8.791,-10.659
-8.791,-9.958
-8.791,-10.028
-8.791,-9.991
-8.791,-9.79
-8.791,-9.701
-8.791,-9.598
-8.791,-9.178
-8.791,-9.113
-8.791,-8.987
-8.791,-9.426
-8.791,-8.67
-8.791,-8.207
-8.791,-8.207
-8.791,-8.501
-8.791,-8.59
-8.791,-8.342
-8.791,-8.174
-8.791,-8.174
-8.791,-7.642
-8.791,-7.824
-8.791,-7.563
-8.791,-7.586
-8.791,-7.45
-8.791,-7.688
-8.791,-7.576
-8.791,-7.09
-8.791,-7.236
-8.791,-7.147
-8.791,-7.586
-8.791,-6.763
-8.791,-7.212
-8.791,-6.885
-8.791,-7.133
-8.791,-6.74
-8.791,-6.955
-8.791,-6.839
-8.791,-6.82
-8.791,-6.707
-8.791,-7.021
-8.791,-6.647
-8.791,-6.614
-8.791,-6.909
-8.791,-6.796
-8.791,-6.885
-8.791,-6.376
-8.791,-7.236
-8.791,-6.885
-8.791,-6.885
-8.791,-7.259
-8.791,-6.941
-8.791,-7.259
-8.791,-6.918
-8.791,-7.325
-8.791,-7.166
-8.791,-7.292
-8.791,-7.506
-8.791,-7.688
-8.791,-7.427
-8.791,-7.45
-8.791,-7.619
-8.791,-7.88
-8.791,-7.824
-8.791,-7.857
-8.791,-7.992
-8.791,-8.039
-8.791,-8.118
-8.791,-8.263
-8.791,-8.217
-8.791,-8.385
-8.791,-8.488
-8.791,-8.263
-8.791,-8.24
-8.791,-8.399
-8.791,-8.342
-8.791,-8.693
-8.791,-8.726
-8.791,-8.782
-8.791,-8.884
-8.791,-8.884
-8.791,-8.838
-8.791,-8.884
-8.791,-8.828
-8.791,-8.749
-8.791,-8.838
-8.791,-8.973
-8.791,-9.132
-8.791,-9.235
-8.791,-9.155
-2.015,-9.155
-2.015,-9.043
-2.015,-9.043
-2.015,-9.099
-2.015,-8.679
-2.015,-8.646
-2.015,-8.366
-2.015,-8.207
-2.015,-8.151
-2.015,-8.015
-2.015,-7.53
-2.015,-7.553
-2.015,-7.553
-2.015,-7.044
-2.015,-7.137
-2.015,-6.545
-2.015,-6.535
-2.015,-6.661
-2.015,-5.881
-2.015,-5.61
-2.015,-5.204
-2.015,-4.933
-2.015,-5.082
-2.015,-4.652
-2.015,-4.358
-2.015,-4.391
-2.015,-4.097
-2.015,-3.555
-2.015,-3.33
-2.015,-3.228
-2.015,-3.003
-2.015,-2.639
-2.015,-1.873
-2.015,-1.691
-2.015,-1.42
-2.015,-1.299
-2.015,-1.387
-2.015,-1.513
-2.015,-0.902
-2.015,-1.06
-2.015,-0.565
-2.015,-0.542
-2.015,-0.192
-2.015,-0.159
-2.015,0
-2.015,0.079
-2.015,0.192
-2.015,0.192
-2.015,0.248
-2.015,0.327
-2.015,0.575
-2.015,0.677
-2.015,0.542
-2.015,0.621
-2.015,0.621
-2.015,0.575
-2.015,0.701
-2.015,0.542
-2.015,0.542
-2.015,0.406
-2.015,0.406
-2.015,0.462
-2.015,0.598
-2.015,0.43
-2.015,0.35
-2.015,0.327
-2.015,0.327
-2.015,0.215
-2.015,0.135
-2.015,0.079
-2.015,0
-2.015,0
-2.015,0
-2.015,0
-2.015,-0.135
-2.015,-0.192
-2.015,-0.135
-2.015,-0.192
-2.015,-0.192
-2.015,-0.327
-2.015,-0.406
-2.015,-0.462
-2.015,-0.462
-2.015,-0.486
-2.015,-0.462
-2.015,-0.462
-2.015,-0.733
-2.015,-0.733
-2.015,-0.813
-2.015,-0.869
-2.015,-0.948
-2.015,-1.028
-2.015,-1.06
-2.015,-1.163
-2.015,-1.219
-2.015,-1.378
-2.015,-1.49
-2.015,-1.49
-2.015,-1.738
-2.015,-1.728
-2.015,-1.738
-2.015,-1.569
-2.015,-1.92
-2.015,-1.896
-2.015,-1.817
-2.015,-2.326
-2.015,-2.303
-2.015,-2.009
-2.015,-2.223
-2.015,-2.382
-2.015,-2.597
-2.015,-2.144
-2.015,-2.765
-2.015,-2.303
-2.015,-2.607
-2.015,-2.326
-2.015,-2.63
-2.015,-2.494
-2.015,-2.845
-2.015,-2.709
-2.015,-2.63
-2.015,-2.732
-2.015,-2.924
-2.015,-2.653
-2.015,-2.765
-2.015,-2.653
-2.015,-2.607
-2.015,-2.732
-2.015,-2.369
-2.015,-2.653
-2.015,-2.527
-2.015,-2.709
-2.015,-2.686
-2.015,-2.359
-2.015,-2.924
-2.015,-2.2
-2.015,-2.732
-2.015,-2.583
-2.015,-2.551
-2.015,-2.574
-2.015,-2.382
-2.015,-2.438
-2.015,-1.761
-2.015,-2.28
-2.015,-2.2
-2.015,-1.999
-2.015,-2.462
-2.015,-2.065
-2.015,-1.985
-2.015,-2.382
-2.015,-1.999
-2.015,-2.065
-2.015,-2.098
-2.015,-1.807
-2.015,-1.976
-2.015,-2.177
-2.015,-2.055
-2.015,-1.873
-2.015,-1.817
-2.015,-1.807
-2.015,-1.896
-2.015,-2.009
-2.015,-1.817
-2.015,-2.055
-2.015,-1.976
-2.015,-1.728
-2.015,-1.976
0.538,-1.906
0.538,-1.728
0.538,-2.009
0.538,-1.953
0.538,-1.728
0.538,-1.92
0.538,-1.85
0.538,-1.728
0.538,-1.873
0.538,-1.579
0.538,-1.569
0.538,-1.682
0.538,-1.355
0.538,-1.444
0.538,-1.084
0.538,-1.322
0.538,-1.196
0.538,-0.892
0.538,-0.869
0.538,-0.813
0.538,-0.542
0.538,-0.406
0.538,-0.462
0.538,-0.486
0.538,-0.35
0.538,-0.271
0.538,-0.112
0.538,-0.112
0.538,0
0.538,0.135
0.538,0.135
0.538,0.271
0.538,0.271
0.538,0.327
0.538,0.462
0.538,0.406
0.538,0.406
0.538,0.677
0.538,0.757
0.538,0.677
0.538,0.598
0.538,0.598
0.538,0.79
0.538,0.813
0.538,0.677
0.538,0.892
0.538,0.757
0.538,0.757
0.538,0.79
0.538,0.733
0.538,0.598
0.538,0.677
0.538,0.757
0.538,0.813
0.538,0.598
0.538,0.677
0.538,0.733
0.538,0.677
0.538,0.519
0.538,0.406
0.538,0.542
0.538,0.621
0.538,0.542
0.538,0.406
0.538,0.406
0.538,0.327
0.538,0.271
0.538,0.271
0.538,0.542
0.538,0.406
0.538,0.327
0.538,0.215
0.538,0.168
0.538,0.135
0.538,0.192
0.538,0.135
0.538,0.192
0.538,0.135
0.538,0.112
0.538,0.135
0.538,0.192
0.538,0.159
0.538,0.112
0.538,0.192
0.538,0
0.538,0
0.538,0.135
0.538,0.192
0.538,0.079
0.538,0.135
0.538,0.056
0.538,0.135
0.538,0.079
0.538,0.056
0.538,0.135
0.538,0
0.538,0.079
0.538,0
0.538,0
0.538,0.079
0.538,0.056
0.538,0.056
0.538,0.079
0.538,0.056
0.538,0.079
0.538,0.112
0.538,0.159
0.538,0.383
0.538,0.056
0.538,0.112
0.538,0.327
0.538,0.215
0.538,0.271
0.538,0.271
0.538,0.215
0.538,0.271
0.538,0.327
0.538,0.406
0.538,0.495
0.538,0.486
0.538,0.542
0.538,0.35
0.538,0.462
0.538,0.542
0.538,0.598
0.538,0.565
0.538,0.621
0.538,0.575
0.538,0.519
0.538,0.677
0.538,0.813
0.538,0.621
0.538,0.79
0.538,0.598
0.538,0.892
0.538,0.757
0.538,0.733
0.538,0.757
0.538,0.971
0.538,0.733
0.538,0.677
0.538,0.757
0.538,0.757
0.538,0.598
0.538,0.677
0.538,0.892
0.538,0.892
0.538,0.621
0.538,0.598
0.538,0.813
0.538,1.028
0.538,0.542
0.538,0.813
0.538,0.892
0.538,0.836
0.538,0.654
0.538,0.79
0.538,0.813
0.538,0.836
0.538,0.79
0.538,0.766
0.538,0.971
0.538,0.733
0.538,0.733
0.538,0.677
0.538,0.733
0.538,0.813
-1.664,0.677
-1.664,0.869
-1.664,0.733
-1.664,0.757
-1.664,0.462
-1.664,0.621
-1.664,0.71
-1.664,0.439
-1.664,0.406
-1.664,0.542
-1.664,0.327
-1.664,0.462
-1.664,0.462
-1.664,0.294
-1.664,0.192
-1.664,0.079
-1.664,0
-1.664,0.056
-1.664,0
-1.664,0
-1.664,-0.056
-1.664,0
-1.664,-0.112
-1.664,-0.135
-1.664,-0.135
-1.664,-0.192
-1.664,-0.35
-1.664,-0.294
-1.664,-0.43
-1.664,-0.271
-1.664,-0.406
-1.664,-0.271
-1.664,-0.406
-1.664,-0.462
-1.664,-0.621
-1.664,-0.542
-1.664,-0.565
-1.664,-0.701
-1.664,-0.925
-1.664,-0.757
-1.664,-0.813
-1.664,-1.093
-1.664,-0.836
-1.664,-0.836
-1.664,-1.252
-1.664,-1.06
-1.664,-1.523
-1.664,-1.163
-1.664,-1.355
-1.664,-1.682
-1.664,-1.411
-1.664,-1.784
-1.664,-1.546
-1.664,-1.658
-1.664,-1.761
-1.664,-1.593
-1.664,-1.953
-1.664,-1.873
-1.664,-1.864
-1.664,-2.121
-1.664,-2.135
-1.664,-1.943
-1.664,-2.2
-1.664,-2.326
-1.664,-2.415
-1.664,-2.28
-1.664,-1.92
-1.664,-2.574
-1.664,-2.349
-1.664,-2.303
-1.664,-2.336
-1.664,-2.191
-1.664,-2.144
-1.664,-2.382
-1.664,-2.28
-1.664,-1.929
-1.664,-1.943
-1.664,-2.088
-1.664,-2.144
-1.664,-1.999
-1.664,-1.929
-1.664,-2.009
-1.664,-1.831
-1.664,-1.985
-1.664,-1.985
-1.664,-1.887
-1.664,-1.953
-1.664,-1.817
-1.664,-1.807
-1.664,-1.602
-1.664,-1.761
-1.664,-1.761
-1.664,-1.682
-1.664,-1.738
-1.664,-1.602
-1.664,-1.593
-1.664,-1.626
-1.664,-1.761
-1.664,-1.649
-1.664,-1.569
-1.664,-1.602
-1.664,-1.546
-1.664,-1.784
-1.664,-1.49
-1.664,-1.794
-1.664,-1.513
-1.664,-1.715
-1.664,-1.457
-1.664,-1.523
-1.664,-1.593
-1.664,-1.569
-1.664,-1.751
-1.664,-1.728
-1.664,-1.682
-1.664,-1.728
-1.664,-1.602
-1.664,-1.784
-1.664,-1.602
-1.664,-1.626
-1.664,-1.682
-1.664,-1.658
-1.664,-1.784
-1.664,-1.546
-1.664,-1.864
-1.664,-1.626
-1.664,-1.761
-1.664,-1.807
-1.664,-1.658
-1.664,-1.784
-1.664,-1.387
-1.664,-1.738
-1.664,-1.705
-1.664,-1.546
-1.664,-1.728
-1.664,-1.682
-1.664,-1.705
-1.664,-1.784
-1.664,-1.705
-1.664,-1.569
-1.664,-1.626
-1.664,-1.784
-1.664,-1.602
-1.664,-1.569
-1.664,-1.546
-1.664,-1.761
-1.664,-1.626
-1.664,-1.593
-1.664,-1.705
-1.664,-1.761
-1.664,-1.252
-1.664,-1.649
-1.664,-1.569
-1.664,-1.444
-1.664,-1.626
-1.664,-1.602
-1.664,-1.784
-1.664,-1.444
-1.664,-1.457
-1.664,-1.682
-1.664,-1.49
-1.664,-1.467
-1.664,-1.513
-1.664,-1.705
-1.664,-1.49
-1.664,-1.457
-1.664,-1.457
-1.664,-1.728
3.137,-1.546
3.137,-1.322
3.137,-1.401
3.137,-1.593
3.137,-1.117
3.137,-1.299
3.137,-1.107
3.137,-0.948
3.137,-1.107
3.137,-0.598
3.137,-0.654
3.137,-0.621
3.137,-0.294
3.137,-0.135
3.137,-0.056
3.137,0.056
3.137,0
3.137,0.486
3.137,0.542
3.137,0.677
3.137,0.892
3.137,1.084
3.137,1.028
3.137,1.434
3.137,1.308
3.137,1.84
3.137,1.705
3.137,1.873
3.137,1.896
3.137,1.999
3.137,2.177
3.137,2.382
3.137,2.438
3.137,2.415
3.137,2.812
3.137,2.901
3.137,3.195
3.137,3.059
3.137,3.354
3.137,3.172
3.137,3.433
3.137,3.578
3.137,3.476
3.137,3.657
3.137,3.816
3.137,4.097
3.137,4.064
3.137,4.097
3.137,3.961
3.137,4.199
3.137,4.312
3.137,4.391
3.137,4.255
3.137,4.209
3.137,4.741
3.137,4.526
3.137,4.48
3.137,4.582
3.137,4.391
3.137,4.166
3.137,4.718
3.137,4.447
3.137,4.143
3.137,4.255
3.137,4.288
3.137,4.288
3.137,4.279
3.137,4.302
3.137,4.503
3.137,4.153
3.137,4.19
3.137,4.166
3.137,4.017
3.137,4.48
3.137,4.008
3.137,3.896
3.137,4.176
3.137,3.849
3.137,3.872
3.137,4.008
3.137,3.568
3.137,3.601
3.137,3.928
3.137,3.657
3.137,3.793
3.137,3.803
3.137,3.148
3.137,3.657
3.137,3.354
3.137,3.092
3.137,3.657
3.137,3.139
3.137,3.419
3.137,3.522
3.137,3.307
3.137,3.522
3.137,3.172
3.137,3.363
3.137,2.98
3.137,3.307
3.137,2.934
3.137,2.971
3.137,3.069
3.137,2.868
3.137,2.854
3.137,2.756
3.137,2.742
3.137,2.518
3.137,2.742
3.137,2.438
3.137,2.607
3.137,2.574
3.137,2.144
3.137,2.326
3.137,2.223
3.137,2.494
3.137,2.27
3.137,2.415
3.137,2.223
3.137,1.794
3.137,2.2
3.137,2.223
3.137,1.817
3.137,2.055
3.137,2.28
3.137,1.985
3.137,2.135
3.137,1.817
3.137,2.018
3.137,2.359
3.137,2.055
3.137,2.055
3.137,2.494
3.137,2.098
3.137,2.438
3.137,2.686
3.137,2.223
3.137,2.653
3.137,2.312
3.137,2.574
3.137,2.686
3.137,3.036
3.137,2.765
3.137,2.98
3.137,2.98
3.137,3.251
3.137,2.901
3.137,3.443
3.137,3.228
3.137,3.148
3.137,3.307
3.137,3.148
3.137,3.307
3.137,3.148
3.137,2.891
3.137,3.578
3.137,3.387
3.137,3.241
3.137,3.657
3.137,3.601
3.137,3.499
3.137,3.77
3.137,3.261
3.137,3.522
3.137,3.512
3.137,3.092
3.137,3.625
2.559,3.625
2.559,3.634
2.559,3.737
2.559,3.396
2.559,3.578
2.559,3.284
2.559,3.34
2.559,3.41
2.559,3.443
2.559,3.545
2.559,3.195
2.559,3.522
2.559,3.466
2.559,3.148
2.559,3.466
2.559,3.036
2.559,3.466
2.559,3.195
2.559,3.013
2.559,3.354
2.559,2.924
2.559,3.116
2.559,3.059
2.559,3.036
2.559,2.98
2.559,2.765
2.559,3.003
2.559,2.901
2.559,2.868
2.559,2.765
2.559,2.812
2.559,2.924
2.559,2.845
2.559,2.653
2.559,2.789
2.559,2.732
2.559,2.63
2.559,2.812
2.559,2.765
2.559,2.779
2.559,2.574
2.559,2.597
2.559,2.494
2.559,2.676
2.559,2.438
2.559,2.709
2.559,2.359
2.559,2.415
2.559,2.494
2.559,2.303
2.559,2.518
2.559,2.303
2.559,2.541
2.559,2.438
2.559,2.336
2.559,2.326
2.559,1.873
2.559,2.415
2.559,2.518
2.559,1.85
2.559,2.167
2.559,2.247
2.559,2.438
2.559,2.055
2.559,1.817
2.559,2.574
2.559,2.382
2.559,1.715
2.559,2.111
2.559,2.382
2.559,2.462
2.559,1.953
2.559,1.658
2.559,2.382
2.559,2.438
2.559,1.738
2.559,2.032
2.559,2.359
2.559,2.405
2.559,2.032
2.559,1.738
2.559,2.462
2.559,2.167
2.559,1.817
2.559,2.223
2.559,2.303
2.559,2.247
2.559,2.518
2.559,2.032
2.559,2.032
2.559,2.28
2.559,2.055
2.559,2.462
2.559,2.438
2.559,2.382
2.559,2.223
2.559,2.088
2.559,2.438
2.559,2.438
2.559,2.167
2.559,2.597
2.559,2.438
2.559,2.845
2.559,2.429
2.559,2.359
2.559,2.653
2.559,2.303
2.559,2.765
2.559,2.392
2.559,2.518
2.559,2.494
2.559,2.247
2.559,2.462
2.559,2.494
2.559,2.756
2.559,2.607
2.559,2.686
2.559,2.438
2.559,2.583
2.559,2.676
2.559,2.653
2.559,2.756
2.559,2.429
2.559,2.798
2.559,2.462
2.559,2.686
2.559,2.607
2.559,2.789
2.559,2.798
2.559,2.462
2.559,2.765
2.559,2.462
2.559,2.765
2.559,2.574
2.559,2.732
2.559,2.56
2.559,2.924
2.559,2.663
2.559,2.732
2.559,2.639
2.559,2.868
2.559,2.686
2.559,2.676
2.559,2.765
2.559,2.62
2.559,2.957
2.559,2.508
2.559,3.013
2.559,2.835
2.559,2.924
2.559,2.924
2.559,2.756
2.559,2.98
2.559,2.405
2.559,2.765
2.559,2.405
2.559,2.312
2.559,2.676
